"Address","Occurrences","Indexability","Indexability Status","Canonical Link Element 1","HTTP Canonical","Meta Robots 1","X-Robots-Tag 1","rel=""next"" 1","rel=""prev"" 1","HTTP rel=""next"" 1","HTTP rel=""prev"" 1"
"https://www.sowerbysholidaycottages.co.uk/","1","Indexable","","https://www.sowerbysholidaycottages.co.uk/","","index, follow, max-image-preview:large, max-snippet:-1, max-video-preview:-1","","","","",""
"https://www.sowerbysholidaycottages.co.uk/inspiration/","1","Indexable","","https://www.sowerbysholidaycottages.co.uk/inspiration/","","index, follow, max-image-preview:large, max-snippet:-1, max-video-preview:-1","","","","",""
"https://www.sowerbysholidaycottages.co.uk/inspiration/norfolk-holiday-cottage-special-offers/","1","Indexable","","https://www.sowerbysholidaycottages.co.uk/inspiration/norfolk-holiday-cottage-special-offers/","","index, follow, max-image-preview:large, max-snippet:-1, max-video-preview:-1","","","","",""
"https://www.sowerbysholidaycottages.co.uk/norfolk-holiday-locations/alphabetical-list-of-villages/","1","Indexable","","https://www.sowerbysholidaycottages.co.uk/norfolk-holiday-locations/alphabetical-list-of-villages/","","index, follow, max-image-preview:large, max-snippet:-1, max-video-preview:-1","","","","",""
"https://www.sowerbysholidaycottages.co.uk/popular-norfolk-holiday-features/luxury-collection/","1","Indexable","","https://www.sowerbysholidaycottages.co.uk/popular-norfolk-holiday-features/luxury-collection/","","index, follow, max-image-preview:large, max-snippet:-1, max-video-preview:-1","","https://www.sowerbysholidaycottages.co.uk/popular-norfolk-holiday-features/luxury-collection/page/2/","","",""
"https://www.sowerbysholidaycottages.co.uk/holiday-cottage-owner-information/owner-testimonials/","1","Indexable","","https://www.sowerbysholidaycottages.co.uk/holiday-cottage-owner-information/owner-testimonials/","","index, follow, max-image-preview:large, max-snippet:-1, max-video-preview:-1","","","","",""
"https://www.sowerbysholidaycottages.co.uk/about-sowerbys-holiday-cottages/faqs/","1","Indexable","","https://www.sowerbysholidaycottages.co.uk/about-sowerbys-holiday-cottages/faqs/","","index, follow, max-image-preview:large, max-snippet:-1, max-video-preview:-1","","","","",""
"https://www.sowerbysholidaycottages.co.uk/popular-norfolk-holiday-features/sea-views/","1","Indexable","","https://www.sowerbysholidaycottages.co.uk/popular-norfolk-holiday-features/sea-views/","","index, follow, max-image-preview:large, max-snippet:-1, max-video-preview:-1","","https://www.sowerbysholidaycottages.co.uk/popular-norfolk-holiday-features/sea-views/page/2/","","",""
"https://www.sowerbysholidaycottages.co.uk/bespoke-management-service/","1","Indexable","","https://www.sowerbysholidaycottages.co.uk/bespoke-management-service/","","index, follow, max-image-preview:large, max-snippet:-1, max-video-preview:-1","","","","",""
"https://www.sowerbysholidaycottages.co.uk/norfolk-holiday-cottages/washmeres/","1","Indexable","","https://www.sowerbysholidaycottages.co.uk/norfolk-holiday-cottages/washmeres/","","index, follow, max-image-preview:large, max-snippet:-1, max-video-preview:-1","","","","",""
"https://www.sowerbysholidaycottages.co.uk/popular-norfolk-holiday-features/electric-charging/","1","Indexable","","https://www.sowerbysholidaycottages.co.uk/popular-norfolk-holiday-features/electric-charging/","","index, follow, max-image-preview:large, max-snippet:-1, max-video-preview:-1","","https://www.sowerbysholidaycottages.co.uk/popular-norfolk-holiday-features/electric-charging/page/2/","","",""
"https://www.sowerbysholidaycottages.co.uk/norfolk-holiday-locations/","1","Indexable","","https://www.sowerbysholidaycottages.co.uk/norfolk-holiday-locations/","","index, follow, max-image-preview:large, max-snippet:-1, max-video-preview:-1","","","","",""
"https://www.sowerbysholidaycottages.co.uk/about-sowerbys-holiday-cottages/meet-the-team/","1","Indexable","","https://www.sowerbysholidaycottages.co.uk/about-sowerbys-holiday-cottages/meet-the-team/","","index, follow, max-image-preview:large, max-snippet:-1, max-video-preview:-1","","","","",""
"https://www.sowerbysholidaycottages.co.uk/popular-norfolk-holiday-features/romantic-break/","1","Indexable","","https://www.sowerbysholidaycottages.co.uk/popular-norfolk-holiday-features/romantic-break/","","index, follow, max-image-preview:large, max-snippet:-1, max-video-preview:-1","","https://www.sowerbysholidaycottages.co.uk/popular-norfolk-holiday-features/romantic-break/page/2/","","",""
"https://www.sowerbysholidaycottages.co.uk/contact-sowerbys-holiday-cottages/","1","Indexable","","https://www.sowerbysholidaycottages.co.uk/contact-sowerbys-holiday-cottages/","","index, follow, max-image-preview:large, max-snippet:-1, max-video-preview:-1","","","","",""
"https://www.sowerbysholidaycottages.co.uk/norfolk-holiday-cottages/little-barwick/","1","Indexable","","https://www.sowerbysholidaycottages.co.uk/norfolk-holiday-cottages/little-barwick/","","index, follow, max-image-preview:large, max-snippet:-1, max-video-preview:-1","","","","",""
"https://www.sowerbysholidaycottages.co.uk/norfolk-holiday-cottages/violet/","1","Indexable","","https://www.sowerbysholidaycottages.co.uk/norfolk-holiday-cottages/violet/","","index, follow, max-image-preview:large, max-snippet:-1, max-video-preview:-1","","","","",""
"https://www.sowerbysholidaycottages.co.uk/inspiration/blog/","1","Indexable","","https://www.sowerbysholidaycottages.co.uk/inspiration/blog/","","index, follow, max-image-preview:large, max-snippet:-1, max-video-preview:-1","","https://www.sowerbysholidaycottages.co.uk/inspiration/blog/page/2/","","",""
"https://www.sowerbysholidaycottages.co.uk/inspiration/things-to-do-in-norfolk/","1","Indexable","","https://www.sowerbysholidaycottages.co.uk/inspiration/things-to-do-in-norfolk/","","index, follow, max-image-preview:large, max-snippet:-1, max-video-preview:-1","","","","",""
"https://www.sowerbysholidaycottages.co.uk/terms-and-conditions/","1","Indexable","","https://www.sowerbysholidaycottages.co.uk/terms-and-conditions/","","index, follow, max-image-preview:large, max-snippet:-1, max-video-preview:-1","","","","",""
"https://www.sowerbysholidaycottages.co.uk/request-your-free-homeowners-guide/","1","Indexable","","https://www.sowerbysholidaycottages.co.uk/request-your-free-homeowners-guide/","","index, follow, max-image-preview:large, max-snippet:-1, max-video-preview:-1","","","","",""
"https://www.sowerbysholidaycottages.co.uk/about-sowerbys-holiday-cottages/","1","Indexable","","https://www.sowerbysholidaycottages.co.uk/about-sowerbys-holiday-cottages/","","index, follow, max-image-preview:large, max-snippet:-1, max-video-preview:-1","","","","",""
"https://www.sowerbysholidaycottages.co.uk/norfolk-holiday-cottages/beachside/","1","Indexable","","https://www.sowerbysholidaycottages.co.uk/norfolk-holiday-cottages/beachside/","","index, follow, max-image-preview:large, max-snippet:-1, max-video-preview:-1","","","","",""
"https://www.sowerbysholidaycottages.co.uk/about-sowerbys-holiday-cottages/our-norfolk-estate-agents/","1","Indexable","","https://www.sowerbysholidaycottages.co.uk/about-sowerbys-holiday-cottages/our-norfolk-estate-agents/","","index, follow, max-image-preview:large, max-snippet:-1, max-video-preview:-1","","","","",""
"https://www.sowerbysholidaycottages.co.uk/inspiration/norfolk-events/","1","Indexable","","https://www.sowerbysholidaycottages.co.uk/inspiration/norfolk-events/","","index, follow, max-image-preview:large, max-snippet:-1, max-video-preview:-1","","","","",""
"https://www.sowerbysholidaycottages.co.uk/seasonal-guide-request/","1","Indexable","","https://www.sowerbysholidaycottages.co.uk/seasonal-guide-request/","","index, follow, max-image-preview:large, max-snippet:-1, max-video-preview:-1","","","","",""
"https://www.sowerbysholidaycottages.co.uk/norfolk-holiday-cottage-search/alphabetical-list/","1","Indexable","","https://www.sowerbysholidaycottages.co.uk/norfolk-holiday-cottage-search/alphabetical-list/","","index, follow, max-image-preview:large, max-snippet:-1, max-video-preview:-1","","","","",""
"https://www.sowerbysholidaycottages.co.uk/inspiration/seasonal-guides/","1","Indexable","","https://www.sowerbysholidaycottages.co.uk/inspiration/seasonal-guides/","","index, follow, max-image-preview:large, max-snippet:-1, max-video-preview:-1","","","","",""
"https://www.sowerbysholidaycottages.co.uk/holiday-cottage-owner-information/","1","Indexable","","https://www.sowerbysholidaycottages.co.uk/holiday-cottage-owner-information/","","index, follow, max-image-preview:large, max-snippet:-1, max-video-preview:-1","","","","",""
"https://www.sowerbysholidaycottages.co.uk/popular-norfolk-holiday-features/dogs-accepted/","1","Indexable","","https://www.sowerbysholidaycottages.co.uk/popular-norfolk-holiday-features/dogs-accepted/","","index, follow, max-image-preview:large, max-snippet:-1, max-video-preview:-1","","https://www.sowerbysholidaycottages.co.uk/popular-norfolk-holiday-features/dogs-accepted/page/2/","","",""
"https://www.sowerbysholidaycottages.co.uk/norfolk-holiday-cottages/aster-house/","1","Indexable","","https://www.sowerbysholidaycottages.co.uk/norfolk-holiday-cottages/aster-house/","","index, follow, max-image-preview:large, max-snippet:-1, max-video-preview:-1","","","","",""
"https://www.sowerbysholidaycottages.co.uk/norfolk-holiday-cottages/3-the-old-school/","1","Indexable","","https://www.sowerbysholidaycottages.co.uk/norfolk-holiday-cottages/3-the-old-school/","","index, follow, max-image-preview:large, max-snippet:-1, max-video-preview:-1","","","","",""
"https://www.sowerbysholidaycottages.co.uk/norfolk-holiday-cottages/channel-view-and-cottage/","1","Indexable","","https://www.sowerbysholidaycottages.co.uk/norfolk-holiday-cottages/channel-view-and-cottage/","","index, follow, max-image-preview:large, max-snippet:-1, max-video-preview:-1","","","","",""
"https://www.sowerbysholidaycottages.co.uk/norfolk-holiday-cottages/3-marshland-barns/","1","Indexable","","https://www.sowerbysholidaycottages.co.uk/norfolk-holiday-cottages/3-marshland-barns/","","index, follow, max-image-preview:large, max-snippet:-1, max-video-preview:-1","","","","",""
"https://www.sowerbysholidaycottages.co.uk/norfolk-holiday-cottage-search/","1","Indexable","","https://www.sowerbysholidaycottages.co.uk/norfolk-holiday-cottage-search/","","index, follow, max-image-preview:large, max-snippet:-1, max-video-preview:-1","","","","",""
"https://www.sowerbysholidaycottages.co.uk/norfolk-holiday-cottages/the-dairy-barn-2-bedrooms/","1","Indexable","","https://www.sowerbysholidaycottages.co.uk/norfolk-holiday-cottages/the-dairy-barn-2-bedrooms/","","index, follow, max-image-preview:large, max-snippet:-1, max-video-preview:-1","","","","",""
"https://www.sowerbysholidaycottages.co.uk/norfolk-holiday-cottages/pantiles/","1","Indexable","","https://www.sowerbysholidaycottages.co.uk/norfolk-holiday-cottages/pantiles/","","index, follow, max-image-preview:large, max-snippet:-1, max-video-preview:-1","","","","",""
"https://www.sowerbysholidaycottages.co.uk/norfolk-holiday-cottages/crowberry-barn/","1","Indexable","","https://www.sowerbysholidaycottages.co.uk/norfolk-holiday-cottages/crowberry-barn/","","index, follow, max-image-preview:large, max-snippet:-1, max-video-preview:-1","","","","",""
"https://www.sowerbysholidaycottages.co.uk/norfolk-holiday-cottages/close-cottage/","1","Indexable","","https://www.sowerbysholidaycottages.co.uk/norfolk-holiday-cottages/close-cottage/","","index, follow, max-image-preview:large, max-snippet:-1, max-video-preview:-1","","","","",""
"https://www.sowerbysholidaycottages.co.uk/norfolk-holiday-cottages/sunnyvale/","1","Indexable","","https://www.sowerbysholidaycottages.co.uk/norfolk-holiday-cottages/sunnyvale/","","index, follow, max-image-preview:large, max-snippet:-1, max-video-preview:-1","","","","",""
"https://www.sowerbysholidaycottages.co.uk/norfolk-holiday-cottages/nelson-cottage/","1","Indexable","","https://www.sowerbysholidaycottages.co.uk/norfolk-holiday-cottages/nelson-cottage/","","index, follow, max-image-preview:large, max-snippet:-1, max-video-preview:-1","","","","",""
"https://www.sowerbysholidaycottages.co.uk/norfolk-holiday-cottages/sybil-cottage/","1","Indexable","","https://www.sowerbysholidaycottages.co.uk/norfolk-holiday-cottages/sybil-cottage/","","index, follow, max-image-preview:large, max-snippet:-1, max-video-preview:-1","","","","",""
"https://www.sowerbysholidaycottages.co.uk/norfolk-holiday-cottages/the-old-forge/","1","Indexable","","https://www.sowerbysholidaycottages.co.uk/norfolk-holiday-cottages/the-old-forge/","","index, follow, max-image-preview:large, max-snippet:-1, max-video-preview:-1","","","","",""
"https://www.sowerbysholidaycottages.co.uk/norfolk-holiday-cottages/slumber-barn-5-bedrooms/","1","Indexable","","https://www.sowerbysholidaycottages.co.uk/norfolk-holiday-cottages/slumber-barn-5-bedrooms/","","index, follow, max-image-preview:large, max-snippet:-1, max-video-preview:-1","","","","",""
"https://www.sowerbysholidaycottages.co.uk/norfolk-holiday-cottages/flagstaff-cottage/","1","Indexable","","https://www.sowerbysholidaycottages.co.uk/norfolk-holiday-cottages/flagstaff-cottage/","","index, follow, max-image-preview:large, max-snippet:-1, max-video-preview:-1","","","","",""
"https://www.sowerbysholidaycottages.co.uk/norfolk-holiday-cottages/the-old-post-office/","1","Indexable","","https://www.sowerbysholidaycottages.co.uk/norfolk-holiday-cottages/the-old-post-office/","","index, follow, max-image-preview:large, max-snippet:-1, max-video-preview:-1","","","","",""
"https://www.sowerbysholidaycottages.co.uk/norfolk-holiday-cottages/the-dairy-barn/","1","Indexable","","https://www.sowerbysholidaycottages.co.uk/norfolk-holiday-cottages/the-dairy-barn/","","index, follow, max-image-preview:large, max-snippet:-1, max-video-preview:-1","","","","",""
"https://www.sowerbysholidaycottages.co.uk/norfolk-holiday-cottages/oak-tree-cottage/","1","Indexable","","https://www.sowerbysholidaycottages.co.uk/norfolk-holiday-cottages/oak-tree-cottage/","","index, follow, max-image-preview:large, max-snippet:-1, max-video-preview:-1","","","","",""
"https://www.sowerbysholidaycottages.co.uk/norfolk-holiday-cottages/1-king-william-cottage/","1","Indexable","","https://www.sowerbysholidaycottages.co.uk/norfolk-holiday-cottages/1-king-william-cottage/","","index, follow, max-image-preview:large, max-snippet:-1, max-video-preview:-1","","","","",""
"https://www.sowerbysholidaycottages.co.uk/norfolk-holiday-cottages/flagstaff-boathouse/","1","Indexable","","https://www.sowerbysholidaycottages.co.uk/norfolk-holiday-cottages/flagstaff-boathouse/","","index, follow, max-image-preview:large, max-snippet:-1, max-video-preview:-1","","","","",""
"https://www.sowerbysholidaycottages.co.uk/norfolk-holiday-cottages/1-crarves/","1","Indexable","","https://www.sowerbysholidaycottages.co.uk/norfolk-holiday-cottages/1-crarves/","","index, follow, max-image-preview:large, max-snippet:-1, max-video-preview:-1","","","","",""
"https://www.sowerbysholidaycottages.co.uk/norfolk-holiday-cottages/the-paddock/","1","Indexable","","https://www.sowerbysholidaycottages.co.uk/norfolk-holiday-cottages/the-paddock/","","index, follow, max-image-preview:large, max-snippet:-1, max-video-preview:-1","","","","",""
"https://www.sowerbysholidaycottages.co.uk/norfolk-holiday-cottages/beehive-cottage/","1","Indexable","","https://www.sowerbysholidaycottages.co.uk/norfolk-holiday-cottages/beehive-cottage/","","index, follow, max-image-preview:large, max-snippet:-1, max-video-preview:-1","","","","",""
"https://www.sowerbysholidaycottages.co.uk/norfolk-holiday-cottages/eider-cottage/","1","Indexable","","https://www.sowerbysholidaycottages.co.uk/norfolk-holiday-cottages/eider-cottage/","","index, follow, max-image-preview:large, max-snippet:-1, max-video-preview:-1","","","","",""
"https://www.sowerbysholidaycottages.co.uk/norfolk-holiday-cottages/mandalay/","1","Indexable","","https://www.sowerbysholidaycottages.co.uk/norfolk-holiday-cottages/mandalay/","","index, follow, max-image-preview:large, max-snippet:-1, max-video-preview:-1","","","","",""
"https://www.sowerbysholidaycottages.co.uk/norfolk-holiday-cottages/eton-house/","1","Indexable","","https://www.sowerbysholidaycottages.co.uk/norfolk-holiday-cottages/eton-house/","","index, follow, max-image-preview:large, max-snippet:-1, max-video-preview:-1","","","","",""
"https://www.sowerbysholidaycottages.co.uk/norfolk-holiday-cottages/michaelmas/","1","Indexable","","https://www.sowerbysholidaycottages.co.uk/norfolk-holiday-cottages/michaelmas/","","index, follow, max-image-preview:large, max-snippet:-1, max-video-preview:-1","","","","",""
"https://www.sowerbysholidaycottages.co.uk/norfolk-holiday-cottages/flagstaff-east/","1","Indexable","","https://www.sowerbysholidaycottages.co.uk/norfolk-holiday-cottages/flagstaff-east/","","index, follow, max-image-preview:large, max-snippet:-1, max-video-preview:-1","","","","",""
"https://www.sowerbysholidaycottages.co.uk/norfolk-holiday-cottages/mill-view/","1","Indexable","","https://www.sowerbysholidaycottages.co.uk/norfolk-holiday-cottages/mill-view/","","index, follow, max-image-preview:large, max-snippet:-1, max-video-preview:-1","","","","",""
"https://www.sowerbysholidaycottages.co.uk/norfolk-holiday-cottages/3-marshland-barns-2-bedrooms/","1","Indexable","","https://www.sowerbysholidaycottages.co.uk/norfolk-holiday-cottages/3-marshland-barns-2-bedrooms/","","index, follow, max-image-preview:large, max-snippet:-1, max-video-preview:-1","","","","",""
"https://www.sowerbysholidaycottages.co.uk/norfolk-holiday-cottages/2-railway-cottages/","1","Indexable","","https://www.sowerbysholidaycottages.co.uk/norfolk-holiday-cottages/2-railway-cottages/","","index, follow, max-image-preview:large, max-snippet:-1, max-video-preview:-1","","","","",""
"https://www.sowerbysholidaycottages.co.uk/norfolk-holiday-cottages/channel-cottage/","1","Indexable","","https://www.sowerbysholidaycottages.co.uk/norfolk-holiday-cottages/channel-cottage/","","index, follow, max-image-preview:large, max-snippet:-1, max-video-preview:-1","","","","",""
"https://www.sowerbysholidaycottages.co.uk/norfolk-holiday-cottages/western-cottage/","1","Indexable","","https://www.sowerbysholidaycottages.co.uk/norfolk-holiday-cottages/western-cottage/","","index, follow, max-image-preview:large, max-snippet:-1, max-video-preview:-1","","","","",""
"https://www.sowerbysholidaycottages.co.uk/norfolk-holiday-cottages/hill-top-docking/","1","Indexable","","https://www.sowerbysholidaycottages.co.uk/norfolk-holiday-cottages/hill-top-docking/","","index, follow, max-image-preview:large, max-snippet:-1, max-video-preview:-1","","","","",""
"https://www.sowerbysholidaycottages.co.uk/norfolk-holiday-cottages/eider-cottage-2-bedrooms/","1","Indexable","","https://www.sowerbysholidaycottages.co.uk/norfolk-holiday-cottages/eider-cottage-2-bedrooms/","","index, follow, max-image-preview:large, max-snippet:-1, max-video-preview:-1","","","","",""
"https://www.sowerbysholidaycottages.co.uk/norfolk-holiday-cottages/the-loft/","1","Indexable","","https://www.sowerbysholidaycottages.co.uk/norfolk-holiday-cottages/the-loft/","","index, follow, max-image-preview:large, max-snippet:-1, max-video-preview:-1","","","","",""
"https://www.sowerbysholidaycottages.co.uk/norfolk-holiday-cottages/4-hare-cottage/","1","Indexable","","https://www.sowerbysholidaycottages.co.uk/norfolk-holiday-cottages/4-hare-cottage/","","index, follow, max-image-preview:large, max-snippet:-1, max-video-preview:-1","","","","",""
"https://www.sowerbysholidaycottages.co.uk/norfolk-holiday-cottages/bridge-farm-barn/","1","Indexable","","https://www.sowerbysholidaycottages.co.uk/norfolk-holiday-cottages/bridge-farm-barn/","","index, follow, max-image-preview:large, max-snippet:-1, max-video-preview:-1","","","","",""
"https://www.sowerbysholidaycottages.co.uk/norfolk-holiday-cottages/channel-view/","1","Indexable","","https://www.sowerbysholidaycottages.co.uk/norfolk-holiday-cottages/channel-view/","","index, follow, max-image-preview:large, max-snippet:-1, max-video-preview:-1","","","","",""
"https://www.sowerbysholidaycottages.co.uk/norfolk-holiday-cottages/the-dairy-barn-3-bedrooms/","1","Indexable","","https://www.sowerbysholidaycottages.co.uk/norfolk-holiday-cottages/the-dairy-barn-3-bedrooms/","","index, follow, max-image-preview:large, max-snippet:-1, max-video-preview:-1","","","","",""
"https://www.sowerbysholidaycottages.co.uk/norfolk-holiday-cottages/flagstaff-west/","1","Indexable","","https://www.sowerbysholidaycottages.co.uk/norfolk-holiday-cottages/flagstaff-west/","","index, follow, max-image-preview:large, max-snippet:-1, max-video-preview:-1","","","","",""
"https://www.sowerbysholidaycottages.co.uk/norfolk-holiday-cottages/flagstaff-garden-house/","1","Indexable","","https://www.sowerbysholidaycottages.co.uk/norfolk-holiday-cottages/flagstaff-garden-house/","","index, follow, max-image-preview:large, max-snippet:-1, max-video-preview:-1","","","","",""
"https://www.sowerbysholidaycottages.co.uk/norfolk-holiday-cottages/eton-house-2-bedrooms/","1","Indexable","","https://www.sowerbysholidaycottages.co.uk/norfolk-holiday-cottages/eton-house-2-bedrooms/","","index, follow, max-image-preview:large, max-snippet:-1, max-video-preview:-1","","","","",""
"https://www.sowerbysholidaycottages.co.uk/popular-norfolk-holiday-villages/harpley/","1","Indexable","","https://www.sowerbysholidaycottages.co.uk/popular-norfolk-holiday-villages/harpley/","","index, follow, max-image-preview:large, max-snippet:-1, max-video-preview:-1","","","","",""
"https://www.sowerbysholidaycottages.co.uk/norfolk-holiday-cottages/avocet-cottage/","1","Indexable","","https://www.sowerbysholidaycottages.co.uk/norfolk-holiday-cottages/avocet-cottage/","","index, follow, max-image-preview:large, max-snippet:-1, max-video-preview:-1","","","","",""
"https://www.sowerbysholidaycottages.co.uk/popular-norfolk-holiday-villages/egmere/","1","Indexable","","https://www.sowerbysholidaycottages.co.uk/popular-norfolk-holiday-villages/egmere/","","index, follow, max-image-preview:large, max-snippet:-1, max-video-preview:-1","","","","",""
"https://www.sowerbysholidaycottages.co.uk/popular-norfolk-holiday-villages/north-creake/","1","Indexable","","https://www.sowerbysholidaycottages.co.uk/popular-norfolk-holiday-villages/north-creake/","","index, follow, max-image-preview:large, max-snippet:-1, max-video-preview:-1","","","","",""
"https://www.sowerbysholidaycottages.co.uk/popular-norfolk-holiday-villages/sedgeford/","1","Indexable","","https://www.sowerbysholidaycottages.co.uk/popular-norfolk-holiday-villages/sedgeford/","","index, follow, max-image-preview:large, max-snippet:-1, max-video-preview:-1","","","","",""
"https://www.sowerbysholidaycottages.co.uk/popular-norfolk-holiday-villages/wighton/","1","Indexable","","https://www.sowerbysholidaycottages.co.uk/popular-norfolk-holiday-villages/wighton/","","index, follow, max-image-preview:large, max-snippet:-1, max-video-preview:-1","","","","",""
"https://www.sowerbysholidaycottages.co.uk/popular-norfolk-holiday-villages/burnham-market/","1","Indexable","","https://www.sowerbysholidaycottages.co.uk/popular-norfolk-holiday-villages/burnham-market/","","index, follow, max-image-preview:large, max-snippet:-1, max-video-preview:-1","","https://www.sowerbysholidaycottages.co.uk/popular-norfolk-holiday-villages/burnham-market/page/2/","","",""
"https://www.sowerbysholidaycottages.co.uk/popular-norfolk-holiday-villages/walsingham/","1","Indexable","","https://www.sowerbysholidaycottages.co.uk/popular-norfolk-holiday-villages/walsingham/","","index, follow, max-image-preview:large, max-snippet:-1, max-video-preview:-1","","","","",""
"https://www.sowerbysholidaycottages.co.uk/popular-norfolk-holiday-villages/burnham-overy-town/","1","Indexable","","https://www.sowerbysholidaycottages.co.uk/popular-norfolk-holiday-villages/burnham-overy-town/","","index, follow, max-image-preview:large, max-snippet:-1, max-video-preview:-1","","","","",""
"https://www.sowerbysholidaycottages.co.uk/popular-norfolk-holiday-villages/burnham-overy-staithe/","1","Indexable","","https://www.sowerbysholidaycottages.co.uk/popular-norfolk-holiday-villages/burnham-overy-staithe/","","index, follow, max-image-preview:large, max-snippet:-1, max-video-preview:-1","","https://www.sowerbysholidaycottages.co.uk/popular-norfolk-holiday-villages/burnham-overy-staithe/page/2/","","",""
"https://www.sowerbysholidaycottages.co.uk/popular-norfolk-holiday-villages/heacham/","1","Indexable","","https://www.sowerbysholidaycottages.co.uk/popular-norfolk-holiday-villages/heacham/","","index, follow, max-image-preview:large, max-snippet:-1, max-video-preview:-1","","https://www.sowerbysholidaycottages.co.uk/popular-norfolk-holiday-villages/heacham/page/2/","","",""
"https://www.sowerbysholidaycottages.co.uk/popular-norfolk-holiday-villages/ringstead/","1","Indexable","","https://www.sowerbysholidaycottages.co.uk/popular-norfolk-holiday-villages/ringstead/","","index, follow, max-image-preview:large, max-snippet:-1, max-video-preview:-1","","","","",""
"https://www.sowerbysholidaycottages.co.uk/popular-norfolk-holiday-villages/great-snoring/","1","Indexable","","https://www.sowerbysholidaycottages.co.uk/popular-norfolk-holiday-villages/great-snoring/","","index, follow, max-image-preview:large, max-snippet:-1, max-video-preview:-1","","","","",""
"https://www.sowerbysholidaycottages.co.uk/popular-norfolk-holiday-villages/hunstanton/","1","Indexable","","https://www.sowerbysholidaycottages.co.uk/popular-norfolk-holiday-villages/hunstanton/","","index, follow, max-image-preview:large, max-snippet:-1, max-video-preview:-1","","","","",""
"https://www.sowerbysholidaycottages.co.uk/popular-norfolk-holiday-villages/brancaster/","1","Indexable","","https://www.sowerbysholidaycottages.co.uk/popular-norfolk-holiday-villages/brancaster/","","index, follow, max-image-preview:large, max-snippet:-1, max-video-preview:-1","","https://www.sowerbysholidaycottages.co.uk/popular-norfolk-holiday-villages/brancaster/page/2/","","",""
"https://www.sowerbysholidaycottages.co.uk/popular-norfolk-holiday-villages/brancaster-staithe/","1","Indexable","","https://www.sowerbysholidaycottages.co.uk/popular-norfolk-holiday-villages/brancaster-staithe/","","index, follow, max-image-preview:large, max-snippet:-1, max-video-preview:-1","","https://www.sowerbysholidaycottages.co.uk/popular-norfolk-holiday-villages/brancaster-staithe/page/2/","","",""
"https://www.sowerbysholidaycottages.co.uk/popular-norfolk-holiday-villages/old-hunstanton/","1","Indexable","","https://www.sowerbysholidaycottages.co.uk/popular-norfolk-holiday-villages/old-hunstanton/","","index, follow, max-image-preview:large, max-snippet:-1, max-video-preview:-1","","https://www.sowerbysholidaycottages.co.uk/popular-norfolk-holiday-villages/old-hunstanton/page/2/","","",""
"https://www.sowerbysholidaycottages.co.uk/popular-norfolk-holiday-villages/thornham/","1","Indexable","","https://www.sowerbysholidaycottages.co.uk/popular-norfolk-holiday-villages/thornham/","","index, follow, max-image-preview:large, max-snippet:-1, max-video-preview:-1","","https://www.sowerbysholidaycottages.co.uk/popular-norfolk-holiday-villages/thornham/page/2/","","",""
"https://www.sowerbysholidaycottages.co.uk/popular-norfolk-holiday-villages/burnham-deepdale/","1","Indexable","","https://www.sowerbysholidaycottages.co.uk/popular-norfolk-holiday-villages/burnham-deepdale/","","index, follow, max-image-preview:large, max-snippet:-1, max-video-preview:-1","","","","",""
"https://www.sowerbysholidaycottages.co.uk/popular-norfolk-holiday-villages/blakeney/","1","Indexable","","https://www.sowerbysholidaycottages.co.uk/popular-norfolk-holiday-villages/blakeney/","","index, follow, max-image-preview:large, max-snippet:-1, max-video-preview:-1","","","","",""
"https://www.sowerbysholidaycottages.co.uk/popular-norfolk-holiday-villages/wells-next-the-sea/","1","Indexable","","https://www.sowerbysholidaycottages.co.uk/popular-norfolk-holiday-villages/wells-next-the-sea/","","index, follow, max-image-preview:large, max-snippet:-1, max-video-preview:-1","","https://www.sowerbysholidaycottages.co.uk/popular-norfolk-holiday-villages/wells-next-the-sea/page/2/","","",""
"https://www.sowerbysholidaycottages.co.uk/popular-norfolk-holiday-villages/warham/","1","Indexable","","https://www.sowerbysholidaycottages.co.uk/popular-norfolk-holiday-villages/warham/","","index, follow, max-image-preview:large, max-snippet:-1, max-video-preview:-1","","","","",""
"https://www.sowerbysholidaycottages.co.uk/popular-norfolk-holiday-villages/titchwell/","1","Indexable","","https://www.sowerbysholidaycottages.co.uk/popular-norfolk-holiday-villages/titchwell/","","index, follow, max-image-preview:large, max-snippet:-1, max-video-preview:-1","","","","",""
"https://www.sowerbysholidaycottages.co.uk/popular-norfolk-holiday-villages/burnham-norton/","1","Indexable","","https://www.sowerbysholidaycottages.co.uk/popular-norfolk-holiday-villages/burnham-norton/","","index, follow, max-image-preview:large, max-snippet:-1, max-video-preview:-1","","","","",""
"https://www.sowerbysholidaycottages.co.uk/popular-norfolk-holiday-villages/houghton-estate/","1","Indexable","","https://www.sowerbysholidaycottages.co.uk/popular-norfolk-holiday-villages/houghton-estate/","","index, follow, max-image-preview:large, max-snippet:-1, max-video-preview:-1","","","","",""
"https://www.sowerbysholidaycottages.co.uk/popular-norfolk-holiday-villages/stanhoe/","1","Indexable","","https://www.sowerbysholidaycottages.co.uk/popular-norfolk-holiday-villages/stanhoe/","","index, follow, max-image-preview:large, max-snippet:-1, max-video-preview:-1","","","","",""
"https://www.sowerbysholidaycottages.co.uk/popular-norfolk-holiday-villages/holme-next-the-sea/","1","Indexable","","https://www.sowerbysholidaycottages.co.uk/popular-norfolk-holiday-villages/holme-next-the-sea/","","index, follow, max-image-preview:large, max-snippet:-1, max-video-preview:-1","","https://www.sowerbysholidaycottages.co.uk/popular-norfolk-holiday-villages/holme-next-the-sea/page/2/","","",""
"https://www.sowerbysholidaycottages.co.uk/popular-norfolk-holiday-villages/docking/","1","Indexable","","https://www.sowerbysholidaycottages.co.uk/popular-norfolk-holiday-villages/docking/","","index, follow, max-image-preview:large, max-snippet:-1, max-video-preview:-1","","https://www.sowerbysholidaycottages.co.uk/popular-norfolk-holiday-villages/docking/page/2/","","",""
"https://www.sowerbysholidaycottages.co.uk/popular-norfolk-holiday-villages/fring/","1","Indexable","","https://www.sowerbysholidaycottages.co.uk/popular-norfolk-holiday-villages/fring/","","index, follow, max-image-preview:large, max-snippet:-1, max-video-preview:-1","","","","",""
"https://www.sowerbysholidaycottages.co.uk/popular-norfolk-holiday-villages/stiffkey/","1","Indexable","","https://www.sowerbysholidaycottages.co.uk/popular-norfolk-holiday-villages/stiffkey/","","index, follow, max-image-preview:large, max-snippet:-1, max-video-preview:-1","","","","",""
"https://www.sowerbysholidaycottages.co.uk/popular-norfolk-holiday-villages/binham/","1","Indexable","","https://www.sowerbysholidaycottages.co.uk/popular-norfolk-holiday-villages/binham/","","index, follow, max-image-preview:large, max-snippet:-1, max-video-preview:-1","","","","",""
"https://www.sowerbysholidaycottages.co.uk/popular-norfolk-holiday-villages/south-creake/","1","Indexable","","https://www.sowerbysholidaycottages.co.uk/popular-norfolk-holiday-villages/south-creake/","","index, follow, max-image-preview:large, max-snippet:-1, max-video-preview:-1","","","","",""
"https://www.sowerbysholidaycottages.co.uk/norfolk-holiday-cottages/high-barn/","1","Indexable","","https://www.sowerbysholidaycottages.co.uk/norfolk-holiday-cottages/high-barn/","","index, follow, max-image-preview:large, max-snippet:-1, max-video-preview:-1","","","","",""
"https://www.sowerbysholidaycottages.co.uk/norfolk-holiday-cottages/sanderling/","1","Indexable","","https://www.sowerbysholidaycottages.co.uk/norfolk-holiday-cottages/sanderling/","","index, follow, max-image-preview:large, max-snippet:-1, max-video-preview:-1","","","","",""
"https://www.sowerbysholidaycottages.co.uk/norfolk-holiday-cottages/the-gables/","1","Indexable","","https://www.sowerbysholidaycottages.co.uk/norfolk-holiday-cottages/the-gables/","","index, follow, max-image-preview:large, max-snippet:-1, max-video-preview:-1","","","","",""
"https://www.sowerbysholidaycottages.co.uk/norfolk-holiday-cottages/orchard-house-3-bedrooms/","1","Indexable","","https://www.sowerbysholidaycottages.co.uk/norfolk-holiday-cottages/orchard-house-3-bedrooms/","","index, follow, max-image-preview:large, max-snippet:-1, max-video-preview:-1","","","","",""
"https://www.sowerbysholidaycottages.co.uk/norfolk-holiday-cottages/heron-cottage/","1","Indexable","","https://www.sowerbysholidaycottages.co.uk/norfolk-holiday-cottages/heron-cottage/","","index, follow, max-image-preview:large, max-snippet:-1, max-video-preview:-1","","","","",""
"https://www.sowerbysholidaycottages.co.uk/norfolk-holiday-cottages/washington-beach-house/","1","Indexable","","https://www.sowerbysholidaycottages.co.uk/norfolk-holiday-cottages/washington-beach-house/","","index, follow, max-image-preview:large, max-snippet:-1, max-video-preview:-1","","","","",""
"https://www.sowerbysholidaycottages.co.uk/norfolk-holiday-cottages/sea-lavender-house/","1","Indexable","","https://www.sowerbysholidaycottages.co.uk/norfolk-holiday-cottages/sea-lavender-house/","","index, follow, max-image-preview:large, max-snippet:-1, max-video-preview:-1","","","","",""
"https://www.sowerbysholidaycottages.co.uk/norfolk-holiday-cottages/old-mill-cottage/","1","Indexable","","https://www.sowerbysholidaycottages.co.uk/norfolk-holiday-cottages/old-mill-cottage/","","index, follow, max-image-preview:large, max-snippet:-1, max-video-preview:-1","","","","",""
"https://www.sowerbysholidaycottages.co.uk/norfolk-holiday-cottages/marshview-cottage/","1","Indexable","","https://www.sowerbysholidaycottages.co.uk/norfolk-holiday-cottages/marshview-cottage/","","index, follow, max-image-preview:large, max-snippet:-1, max-video-preview:-1","","","","",""
"https://www.sowerbysholidaycottages.co.uk/norfolk-holiday-cottages/cherry-house/","1","Indexable","","https://www.sowerbysholidaycottages.co.uk/norfolk-holiday-cottages/cherry-house/","","index, follow, max-image-preview:large, max-snippet:-1, max-video-preview:-1","","","","",""
"https://www.sowerbysholidaycottages.co.uk/norfolk-holiday-cottages/washington-beach-house-with-lodge/","1","Indexable","","https://www.sowerbysholidaycottages.co.uk/norfolk-holiday-cottages/washington-beach-house-with-lodge/","","index, follow, max-image-preview:large, max-snippet:-1, max-video-preview:-1","","","","",""
"https://www.sowerbysholidaycottages.co.uk/norfolk-holiday-cottages/the-meadows/","1","Indexable","","https://www.sowerbysholidaycottages.co.uk/norfolk-holiday-cottages/the-meadows/","","index, follow, max-image-preview:large, max-snippet:-1, max-video-preview:-1","","","","",""
"https://www.sowerbysholidaycottages.co.uk/norfolk-holiday-cottages/hillcrest-barn/","1","Indexable","","https://www.sowerbysholidaycottages.co.uk/norfolk-holiday-cottages/hillcrest-barn/","","index, follow, max-image-preview:large, max-snippet:-1, max-video-preview:-1","","","","",""
"https://www.sowerbysholidaycottages.co.uk/norfolk-holiday-cottages/the-cartshed-6-marshland-barns/","1","Indexable","","https://www.sowerbysholidaycottages.co.uk/norfolk-holiday-cottages/the-cartshed-6-marshland-barns/","","index, follow, max-image-preview:large, max-snippet:-1, max-video-preview:-1","","","","",""
"https://www.sowerbysholidaycottages.co.uk/norfolk-holiday-cottages/old-mill-and-cottage/","1","Indexable","","https://www.sowerbysholidaycottages.co.uk/norfolk-holiday-cottages/old-mill-and-cottage/","","index, follow, max-image-preview:large, max-snippet:-1, max-video-preview:-1","","","","",""
"https://www.sowerbysholidaycottages.co.uk/norfolk-holiday-cottages/burnham-loft/","1","Indexable","","https://www.sowerbysholidaycottages.co.uk/norfolk-holiday-cottages/burnham-loft/","","index, follow, max-image-preview:large, max-snippet:-1, max-video-preview:-1","","","","",""
"https://www.sowerbysholidaycottages.co.uk/norfolk-holiday-cottages/violets-cottage/","1","Indexable","","https://www.sowerbysholidaycottages.co.uk/norfolk-holiday-cottages/violets-cottage/","","index, follow, max-image-preview:large, max-snippet:-1, max-video-preview:-1","","","","",""
"https://www.sowerbysholidaycottages.co.uk/norfolk-holiday-cottages/easterly/","1","Indexable","","https://www.sowerbysholidaycottages.co.uk/norfolk-holiday-cottages/easterly/","","index, follow, max-image-preview:large, max-snippet:-1, max-video-preview:-1","","","","",""
"https://www.sowerbysholidaycottages.co.uk/norfolk-holiday-cottages/fayette/","1","Indexable","","https://www.sowerbysholidaycottages.co.uk/norfolk-holiday-cottages/fayette/","","index, follow, max-image-preview:large, max-snippet:-1, max-video-preview:-1","","","","",""
"https://www.sowerbysholidaycottages.co.uk/norfolk-holiday-cottages/1-manor-farm-barns/","1","Indexable","","https://www.sowerbysholidaycottages.co.uk/norfolk-holiday-cottages/1-manor-farm-barns/","","index, follow, max-image-preview:large, max-snippet:-1, max-video-preview:-1","","","","",""
"https://www.sowerbysholidaycottages.co.uk/norfolk-holiday-cottages/school-pastures-2-bedrooms/","1","Indexable","","https://www.sowerbysholidaycottages.co.uk/norfolk-holiday-cottages/school-pastures-2-bedrooms/","","index, follow, max-image-preview:large, max-snippet:-1, max-video-preview:-1","","","","",""
"https://www.sowerbysholidaycottages.co.uk/norfolk-holiday-cottages/lark-house/","1","Indexable","","https://www.sowerbysholidaycottages.co.uk/norfolk-holiday-cottages/lark-house/","","index, follow, max-image-preview:large, max-snippet:-1, max-video-preview:-1","","","","",""
"https://www.sowerbysholidaycottages.co.uk/norfolk-holiday-cottages/washmeres-2-bedrooms/","1","Indexable","","https://www.sowerbysholidaycottages.co.uk/norfolk-holiday-cottages/washmeres-2-bedrooms/","","index, follow, max-image-preview:large, max-snippet:-1, max-video-preview:-1","","","","",""
"https://www.sowerbysholidaycottages.co.uk/norfolk-holiday-cottages/mallards/","1","Indexable","","https://www.sowerbysholidaycottages.co.uk/norfolk-holiday-cottages/mallards/","","index, follow, max-image-preview:large, max-snippet:-1, max-video-preview:-1","","","","",""
"https://www.sowerbysholidaycottages.co.uk/norfolk-holiday-cottages/1-manor-farm-barns-3-bedrooms/","1","Indexable","","https://www.sowerbysholidaycottages.co.uk/norfolk-holiday-cottages/1-manor-farm-barns-3-bedrooms/","","index, follow, max-image-preview:large, max-snippet:-1, max-video-preview:-1","","","","",""
"https://www.sowerbysholidaycottages.co.uk/norfolk-holiday-cottages/tarnside/","1","Indexable","","https://www.sowerbysholidaycottages.co.uk/norfolk-holiday-cottages/tarnside/","","index, follow, max-image-preview:large, max-snippet:-1, max-video-preview:-1","","","","",""
"https://www.sowerbysholidaycottages.co.uk/norfolk-holiday-cottages/aspall-escape/","1","Indexable","","https://www.sowerbysholidaycottages.co.uk/norfolk-holiday-cottages/aspall-escape/","","index, follow, max-image-preview:large, max-snippet:-1, max-video-preview:-1","","","","",""
"https://www.sowerbysholidaycottages.co.uk/norfolk-holiday-cottages/hope-cottage/","1","Indexable","","https://www.sowerbysholidaycottages.co.uk/norfolk-holiday-cottages/hope-cottage/","","index, follow, max-image-preview:large, max-snippet:-1, max-video-preview:-1","","","","",""
"https://www.sowerbysholidaycottages.co.uk/norfolk-holiday-cottages/old-mill/","1","Indexable","","https://www.sowerbysholidaycottages.co.uk/norfolk-holiday-cottages/old-mill/","","index, follow, max-image-preview:large, max-snippet:-1, max-video-preview:-1","","","","",""
"https://www.sowerbysholidaycottages.co.uk/norfolk-holiday-cottages/scotts-cottage-4-bedrooms/","1","Indexable","","https://www.sowerbysholidaycottages.co.uk/norfolk-holiday-cottages/scotts-cottage-4-bedrooms/","","index, follow, max-image-preview:large, max-snippet:-1, max-video-preview:-1","","","","",""
"https://www.sowerbysholidaycottages.co.uk/norfolk-holiday-cottages/amber-cottage/","1","Indexable","","https://www.sowerbysholidaycottages.co.uk/norfolk-holiday-cottages/amber-cottage/","","index, follow, max-image-preview:large, max-snippet:-1, max-video-preview:-1","","","","",""
"https://www.sowerbysholidaycottages.co.uk/norfolk-holiday-cottages/mallards-2-bedrooms/","1","Indexable","","https://www.sowerbysholidaycottages.co.uk/norfolk-holiday-cottages/mallards-2-bedrooms/","","index, follow, max-image-preview:large, max-snippet:-1, max-video-preview:-1","","","","",""
"https://www.sowerbysholidaycottages.co.uk/norfolk-holiday-cottages/cockleshed-house/","1","Indexable","","https://www.sowerbysholidaycottages.co.uk/norfolk-holiday-cottages/cockleshed-house/","","index, follow, max-image-preview:large, max-snippet:-1, max-video-preview:-1","","","","",""
"https://www.sowerbysholidaycottages.co.uk/norfolk-holiday-cottages/salt-marsh/","1","Indexable","","https://www.sowerbysholidaycottages.co.uk/norfolk-holiday-cottages/salt-marsh/","","index, follow, max-image-preview:large, max-snippet:-1, max-video-preview:-1","","","","",""
"https://www.sowerbysholidaycottages.co.uk/norfolk-holiday-cottages/louisa-barn/","1","Indexable","","https://www.sowerbysholidaycottages.co.uk/norfolk-holiday-cottages/louisa-barn/","","index, follow, max-image-preview:large, max-snippet:-1, max-video-preview:-1","","","","",""
"https://www.sowerbysholidaycottages.co.uk/norfolk-holiday-cottages/olives-cottage/","1","Indexable","","https://www.sowerbysholidaycottages.co.uk/norfolk-holiday-cottages/olives-cottage/","","index, follow, max-image-preview:large, max-snippet:-1, max-video-preview:-1","","","","",""
"https://www.sowerbysholidaycottages.co.uk/norfolk-holiday-cottages/the-cartshed-6-marshland-barns-2-bedrooms/","1","Indexable","","https://www.sowerbysholidaycottages.co.uk/norfolk-holiday-cottages/the-cartshed-6-marshland-barns-2-bedrooms/","","index, follow, max-image-preview:large, max-snippet:-1, max-video-preview:-1","","","","",""
"https://www.sowerbysholidaycottages.co.uk/norfolk-holiday-cottages/basils-barn/","1","Indexable","","https://www.sowerbysholidaycottages.co.uk/norfolk-holiday-cottages/basils-barn/","","index, follow, max-image-preview:large, max-snippet:-1, max-video-preview:-1","","","","",""
"https://www.sowerbysholidaycottages.co.uk/norfolk-holiday-cottages/school-pastures-6-bedrooms/","1","Indexable","","https://www.sowerbysholidaycottages.co.uk/norfolk-holiday-cottages/school-pastures-6-bedrooms/","","index, follow, max-image-preview:large, max-snippet:-1, max-video-preview:-1","","","","",""
"https://www.sowerbysholidaycottages.co.uk/norfolk-holiday-cottages/bell-view-cottage/","1","Indexable","","https://www.sowerbysholidaycottages.co.uk/norfolk-holiday-cottages/bell-view-cottage/","","index, follow, max-image-preview:large, max-snippet:-1, max-video-preview:-1","","","","",""
"https://www.sowerbysholidaycottages.co.uk/norfolk-holiday-cottages/greystones/","1","Indexable","","https://www.sowerbysholidaycottages.co.uk/norfolk-holiday-cottages/greystones/","","index, follow, max-image-preview:large, max-snippet:-1, max-video-preview:-1","","","","",""
"https://www.sowerbysholidaycottages.co.uk/norfolk-holiday-cottages/1-manor-farm-barns-2-bedrooms/","1","Indexable","","https://www.sowerbysholidaycottages.co.uk/norfolk-holiday-cottages/1-manor-farm-barns-2-bedrooms/","","index, follow, max-image-preview:large, max-snippet:-1, max-video-preview:-1","","","","",""
"https://www.sowerbysholidaycottages.co.uk/norfolk-holiday-cottages/orchard-house-5-bedrooms/","1","Indexable","","https://www.sowerbysholidaycottages.co.uk/norfolk-holiday-cottages/orchard-house-5-bedrooms/","","index, follow, max-image-preview:large, max-snippet:-1, max-video-preview:-1","","","","",""
"https://www.sowerbysholidaycottages.co.uk/norfolk-holiday-cottages/the-old-smithy/","1","Indexable","","https://www.sowerbysholidaycottages.co.uk/norfolk-holiday-cottages/the-old-smithy/","","index, follow, max-image-preview:large, max-snippet:-1, max-video-preview:-1","","","","",""
"https://www.sowerbysholidaycottages.co.uk/norfolk-holiday-cottages/the-lamp-house/","1","Indexable","","https://www.sowerbysholidaycottages.co.uk/norfolk-holiday-cottages/the-lamp-house/","","index, follow, max-image-preview:large, max-snippet:-1, max-video-preview:-1","","","","",""
"https://www.sowerbysholidaycottages.co.uk/norfolk-holiday-cottages/beacon-hill-barn/","1","Indexable","","https://www.sowerbysholidaycottages.co.uk/norfolk-holiday-cottages/beacon-hill-barn/","","index, follow, max-image-preview:large, max-snippet:-1, max-video-preview:-1","","","","",""
"https://www.sowerbysholidaycottages.co.uk/norfolk-holiday-cottages/seaborne-penthouse/","1","Indexable","","https://www.sowerbysholidaycottages.co.uk/norfolk-holiday-cottages/seaborne-penthouse/","","index, follow, max-image-preview:large, max-snippet:-1, max-video-preview:-1","","","","",""
"https://www.sowerbysholidaycottages.co.uk/norfolk-holiday-cottages/oystercatchers/","1","Indexable","","https://www.sowerbysholidaycottages.co.uk/norfolk-holiday-cottages/oystercatchers/","","index, follow, max-image-preview:large, max-snippet:-1, max-video-preview:-1","","","","",""
"https://www.sowerbysholidaycottages.co.uk/norfolk-holiday-cottages/the-saltings/","1","Indexable","","https://www.sowerbysholidaycottages.co.uk/norfolk-holiday-cottages/the-saltings/","","index, follow, max-image-preview:large, max-snippet:-1, max-video-preview:-1","","","","",""
"https://www.sowerbysholidaycottages.co.uk/norfolk-holiday-cottages/sail-away/","1","Indexable","","https://www.sowerbysholidaycottages.co.uk/norfolk-holiday-cottages/sail-away/","","index, follow, max-image-preview:large, max-snippet:-1, max-video-preview:-1","","","","",""
"https://www.sowerbysholidaycottages.co.uk/norfolk-holiday-cottages/peewits-penthouse/","1","Indexable","","https://www.sowerbysholidaycottages.co.uk/norfolk-holiday-cottages/peewits-penthouse/","","index, follow, max-image-preview:large, max-snippet:-1, max-video-preview:-1","","","","",""
"https://www.sowerbysholidaycottages.co.uk/norfolk-holiday-cottages/heronsway/","1","Indexable","","https://www.sowerbysholidaycottages.co.uk/norfolk-holiday-cottages/heronsway/","","index, follow, max-image-preview:large, max-snippet:-1, max-video-preview:-1","","","","",""
"https://www.sowerbysholidaycottages.co.uk/norfolk-holiday-cottages/slumber-barn-3-bedrooms/","1","Indexable","","https://www.sowerbysholidaycottages.co.uk/norfolk-holiday-cottages/slumber-barn-3-bedrooms/","","index, follow, max-image-preview:large, max-snippet:-1, max-video-preview:-1","","","","",""
"https://www.sowerbysholidaycottages.co.uk/norfolk-holiday-cottages/blackbird-barn/","1","Indexable","","https://www.sowerbysholidaycottages.co.uk/norfolk-holiday-cottages/blackbird-barn/","","index, follow, max-image-preview:large, max-snippet:-1, max-video-preview:-1","","","","",""
"https://www.sowerbysholidaycottages.co.uk/norfolk-holiday-cottages/driftwood/","1","Indexable","","https://www.sowerbysholidaycottages.co.uk/norfolk-holiday-cottages/driftwood/","","index, follow, max-image-preview:large, max-snippet:-1, max-video-preview:-1","","","","",""
"https://www.sowerbysholidaycottages.co.uk/norfolk-holiday-cottages/scotts-cottage-6-bedrooms/","1","Indexable","","https://www.sowerbysholidaycottages.co.uk/norfolk-holiday-cottages/scotts-cottage-6-bedrooms/","","index, follow, max-image-preview:large, max-snippet:-1, max-video-preview:-1","","","","",""
"https://www.sowerbysholidaycottages.co.uk/norfolk-holiday-cottages/cobblestone-cottage/","1","Indexable","","https://www.sowerbysholidaycottages.co.uk/norfolk-holiday-cottages/cobblestone-cottage/","","index, follow, max-image-preview:large, max-snippet:-1, max-video-preview:-1","","","","",""
"https://www.sowerbysholidaycottages.co.uk/norfolk-holiday-cottages/allerdale-house/","1","Indexable","","https://www.sowerbysholidaycottages.co.uk/norfolk-holiday-cottages/allerdale-house/","","index, follow, max-image-preview:large, max-snippet:-1, max-video-preview:-1","","","","",""
"https://www.sowerbysholidaycottages.co.uk/norfolk-holiday-cottages/school-pastures-4-bedrooms/","1","Indexable","","https://www.sowerbysholidaycottages.co.uk/norfolk-holiday-cottages/school-pastures-4-bedrooms/","","index, follow, max-image-preview:large, max-snippet:-1, max-video-preview:-1","","","","",""
"https://www.sowerbysholidaycottages.co.uk/norfolk-holiday-cottages/spring-cottage/","1","Indexable","","https://www.sowerbysholidaycottages.co.uk/norfolk-holiday-cottages/spring-cottage/","","index, follow, max-image-preview:large, max-snippet:-1, max-video-preview:-1","","","","",""
"https://www.sowerbysholidaycottages.co.uk/norfolk-holiday-cottages/stearmans-cottage/","1","Indexable","","https://www.sowerbysholidaycottages.co.uk/norfolk-holiday-cottages/stearmans-cottage/","","index, follow, max-image-preview:large, max-snippet:-1, max-video-preview:-1","","","","",""
"https://www.sowerbysholidaycottages.co.uk/norfolk-holiday-cottages/tides/","1","Indexable","","https://www.sowerbysholidaycottages.co.uk/norfolk-holiday-cottages/tides/","","index, follow, max-image-preview:large, max-snippet:-1, max-video-preview:-1","","","","",""
"https://www.sowerbysholidaycottages.co.uk/norfolk-holiday-cottages/chase-cottage-2-bedrooms/","1","Indexable","","https://www.sowerbysholidaycottages.co.uk/norfolk-holiday-cottages/chase-cottage-2-bedrooms/","","index, follow, max-image-preview:large, max-snippet:-1, max-video-preview:-1","","","","",""
"https://www.sowerbysholidaycottages.co.uk/norfolk-holiday-cottages/market-lane-house-3-bedrooms/","1","Indexable","","https://www.sowerbysholidaycottages.co.uk/norfolk-holiday-cottages/market-lane-house-3-bedrooms/","","index, follow, max-image-preview:large, max-snippet:-1, max-video-preview:-1","","","","",""
"https://www.sowerbysholidaycottages.co.uk/norfolk-holiday-cottages/chapel-cottages-godwit/","1","Indexable","","https://www.sowerbysholidaycottages.co.uk/norfolk-holiday-cottages/chapel-cottages-godwit/","","index, follow, max-image-preview:large, max-snippet:-1, max-video-preview:-1","","","","",""
"https://www.sowerbysholidaycottages.co.uk/norfolk-holiday-cottages/badgets-2-bedrooms/","1","Indexable","","https://www.sowerbysholidaycottages.co.uk/norfolk-holiday-cottages/badgets-2-bedrooms/","","index, follow, max-image-preview:large, max-snippet:-1, max-video-preview:-1","","","","",""
"https://www.sowerbysholidaycottages.co.uk/norfolk-holiday-cottages/the-pilchard/","1","Indexable","","https://www.sowerbysholidaycottages.co.uk/norfolk-holiday-cottages/the-pilchard/","","index, follow, max-image-preview:large, max-snippet:-1, max-video-preview:-1","","","","",""
"https://www.sowerbysholidaycottages.co.uk/norfolk-holiday-cottages/6-monteagle/","1","Indexable","","https://www.sowerbysholidaycottages.co.uk/norfolk-holiday-cottages/6-monteagle/","","index, follow, max-image-preview:large, max-snippet:-1, max-video-preview:-1","","","","",""
"https://www.sowerbysholidaycottages.co.uk/norfolk-holiday-cottages/badgets-3-bedrooms/","1","Indexable","","https://www.sowerbysholidaycottages.co.uk/norfolk-holiday-cottages/badgets-3-bedrooms/","","index, follow, max-image-preview:large, max-snippet:-1, max-video-preview:-1","","","","",""
"https://www.sowerbysholidaycottages.co.uk/norfolk-holiday-cottages/chapel-cottages-bittern/","1","Indexable","","https://www.sowerbysholidaycottages.co.uk/norfolk-holiday-cottages/chapel-cottages-bittern/","","index, follow, max-image-preview:large, max-snippet:-1, max-video-preview:-1","","","","",""
"https://www.sowerbysholidaycottages.co.uk/norfolk-holiday-cottages/boathouse-bliss/","1","Indexable","","https://www.sowerbysholidaycottages.co.uk/norfolk-holiday-cottages/boathouse-bliss/","","index, follow, max-image-preview:large, max-snippet:-1, max-video-preview:-1","","","","",""
"https://www.sowerbysholidaycottages.co.uk/norfolk-holiday-cottages/chapel-cottages-avocet/","1","Indexable","","https://www.sowerbysholidaycottages.co.uk/norfolk-holiday-cottages/chapel-cottages-avocet/","","index, follow, max-image-preview:large, max-snippet:-1, max-video-preview:-1","","","","",""
"https://www.sowerbysholidaycottages.co.uk/norfolk-holiday-cottages/harts-house/","1","Indexable","","https://www.sowerbysholidaycottages.co.uk/norfolk-holiday-cottages/harts-house/","","index, follow, max-image-preview:large, max-snippet:-1, max-video-preview:-1","","","","",""
"https://www.sowerbysholidaycottages.co.uk/norfolk-holiday-cottages/sea-wood/","1","Indexable","","https://www.sowerbysholidaycottages.co.uk/norfolk-holiday-cottages/sea-wood/","","index, follow, max-image-preview:large, max-snippet:-1, max-video-preview:-1","","","","",""
"https://www.sowerbysholidaycottages.co.uk/norfolk-holiday-cottages/chase-cottage/","1","Indexable","","https://www.sowerbysholidaycottages.co.uk/norfolk-holiday-cottages/chase-cottage/","","index, follow, max-image-preview:large, max-snippet:-1, max-video-preview:-1","","","","",""
"https://www.sowerbysholidaycottages.co.uk/norfolk-holiday-cottages/east-fleet/","1","Indexable","","https://www.sowerbysholidaycottages.co.uk/norfolk-holiday-cottages/east-fleet/","","index, follow, max-image-preview:large, max-snippet:-1, max-video-preview:-1","","","","",""
"https://www.sowerbysholidaycottages.co.uk/norfolk-holiday-cottages/1-knights-cottages/","1","Indexable","","https://www.sowerbysholidaycottages.co.uk/norfolk-holiday-cottages/1-knights-cottages/","","index, follow, max-image-preview:large, max-snippet:-1, max-video-preview:-1","","","","",""
"https://www.sowerbysholidaycottages.co.uk/norfolk-holiday-cottages/gillies/","1","Indexable","","https://www.sowerbysholidaycottages.co.uk/norfolk-holiday-cottages/gillies/","","index, follow, max-image-preview:large, max-snippet:-1, max-video-preview:-1","","","","",""
"https://www.sowerbysholidaycottages.co.uk/norfolk-holiday-cottages/neptune/","1","Indexable","","https://www.sowerbysholidaycottages.co.uk/norfolk-holiday-cottages/neptune/","","index, follow, max-image-preview:large, max-snippet:-1, max-video-preview:-1","","","","",""
"https://www.sowerbysholidaycottages.co.uk/norfolk-holiday-cottages/island-house/","1","Indexable","","https://www.sowerbysholidaycottages.co.uk/norfolk-holiday-cottages/island-house/","","index, follow, max-image-preview:large, max-snippet:-1, max-video-preview:-1","","","","",""
"https://www.sowerbysholidaycottages.co.uk/norfolk-holiday-cottages/sea-wood-3-bedrooms/","1","Indexable","","https://www.sowerbysholidaycottages.co.uk/norfolk-holiday-cottages/sea-wood-3-bedrooms/","","index, follow, max-image-preview:large, max-snippet:-1, max-video-preview:-1","","","","",""
"https://www.sowerbysholidaycottages.co.uk/norfolk-holiday-cottages/harbour-view/","1","Indexable","","https://www.sowerbysholidaycottages.co.uk/norfolk-holiday-cottages/harbour-view/","","index, follow, max-image-preview:large, max-snippet:-1, max-video-preview:-1","","","","",""
"https://www.sowerbysholidaycottages.co.uk/norfolk-holiday-cottages/longview-cottage/","1","Indexable","","https://www.sowerbysholidaycottages.co.uk/norfolk-holiday-cottages/longview-cottage/","","index, follow, max-image-preview:large, max-snippet:-1, max-video-preview:-1","","","","",""
"https://www.sowerbysholidaycottages.co.uk/norfolk-holiday-cottages/5-pauls-maltings/","1","Indexable","","https://www.sowerbysholidaycottages.co.uk/norfolk-holiday-cottages/5-pauls-maltings/","","index, follow, max-image-preview:large, max-snippet:-1, max-video-preview:-1","","","","",""
"https://www.sowerbysholidaycottages.co.uk/norfolk-holiday-cottages/sunnydene/","1","Indexable","","https://www.sowerbysholidaycottages.co.uk/norfolk-holiday-cottages/sunnydene/","","index, follow, max-image-preview:large, max-snippet:-1, max-video-preview:-1","","","","",""
"https://www.sowerbysholidaycottages.co.uk/norfolk-holiday-cottages/staithe-barn/","1","Indexable","","https://www.sowerbysholidaycottages.co.uk/norfolk-holiday-cottages/staithe-barn/","","index, follow, max-image-preview:large, max-snippet:-1, max-video-preview:-1","","","","",""
"https://www.sowerbysholidaycottages.co.uk/norfolk-holiday-cottages/the-cottage-overy-staithe/","1","Indexable","","https://www.sowerbysholidaycottages.co.uk/norfolk-holiday-cottages/the-cottage-overy-staithe/","","index, follow, max-image-preview:large, max-snippet:-1, max-video-preview:-1","","","","",""
"https://www.sowerbysholidaycottages.co.uk/norfolk-holiday-cottages/ongar-lodge/","1","Indexable","","https://www.sowerbysholidaycottages.co.uk/norfolk-holiday-cottages/ongar-lodge/","","index, follow, max-image-preview:large, max-snippet:-1, max-video-preview:-1","","","","",""
"https://www.sowerbysholidaycottages.co.uk/norfolk-holiday-cottages/sea-breeze/","1","Indexable","","https://www.sowerbysholidaycottages.co.uk/norfolk-holiday-cottages/sea-breeze/","","index, follow, max-image-preview:large, max-snippet:-1, max-video-preview:-1","","","","",""
"https://www.sowerbysholidaycottages.co.uk/norfolk-holiday-cottages/pear-tree-cottage/","1","Indexable","","https://www.sowerbysholidaycottages.co.uk/norfolk-holiday-cottages/pear-tree-cottage/","","index, follow, max-image-preview:large, max-snippet:-1, max-video-preview:-1","","","","",""
"https://www.sowerbysholidaycottages.co.uk/norfolk-holiday-cottages/cobblestones/","1","Indexable","","https://www.sowerbysholidaycottages.co.uk/norfolk-holiday-cottages/cobblestones/","","index, follow, max-image-preview:large, max-snippet:-1, max-video-preview:-1","","","","",""
"https://www.sowerbysholidaycottages.co.uk/norfolk-holiday-cottages/falgate/","1","Indexable","","https://www.sowerbysholidaycottages.co.uk/norfolk-holiday-cottages/falgate/","","index, follow, max-image-preview:large, max-snippet:-1, max-video-preview:-1","","","","",""
"https://www.sowerbysholidaycottages.co.uk/norfolk-holiday-cottages/2-pauls-maltings/","1","Indexable","","https://www.sowerbysholidaycottages.co.uk/norfolk-holiday-cottages/2-pauls-maltings/","","index, follow, max-image-preview:large, max-snippet:-1, max-video-preview:-1","","","","",""
"https://www.sowerbysholidaycottages.co.uk/norfolk-holiday-cottages/foam-crest/","1","Indexable","","https://www.sowerbysholidaycottages.co.uk/norfolk-holiday-cottages/foam-crest/","","index, follow, max-image-preview:large, max-snippet:-1, max-video-preview:-1","","","","",""
"https://www.sowerbysholidaycottages.co.uk/norfolk-holiday-cottages/beachcomber/","1","Indexable","","https://www.sowerbysholidaycottages.co.uk/norfolk-holiday-cottages/beachcomber/","","index, follow, max-image-preview:large, max-snippet:-1, max-video-preview:-1","","","","",""
"https://www.sowerbysholidaycottages.co.uk/norfolk-holiday-cottages/green-tiles/","1","Indexable","","https://www.sowerbysholidaycottages.co.uk/norfolk-holiday-cottages/green-tiles/","","index, follow, max-image-preview:large, max-snippet:-1, max-video-preview:-1","","","","",""
"https://www.sowerbysholidaycottages.co.uk/norfolk-holiday-cottages/4-pauls-maltings/","1","Indexable","","https://www.sowerbysholidaycottages.co.uk/norfolk-holiday-cottages/4-pauls-maltings/","","index, follow, max-image-preview:large, max-snippet:-1, max-video-preview:-1","","","","",""
"https://www.sowerbysholidaycottages.co.uk/norfolk-holiday-cottages/6-the-granary/","1","Indexable","","https://www.sowerbysholidaycottages.co.uk/norfolk-holiday-cottages/6-the-granary/","","index, follow, max-image-preview:large, max-snippet:-1, max-video-preview:-1","","","","",""
"https://www.sowerbysholidaycottages.co.uk/norfolk-holiday-cottages/mow-creek-cottage/","1","Indexable","","https://www.sowerbysholidaycottages.co.uk/norfolk-holiday-cottages/mow-creek-cottage/","","index, follow, max-image-preview:large, max-snippet:-1, max-video-preview:-1","","","","",""
"https://www.sowerbysholidaycottages.co.uk/norfolk-holiday-cottages/cockle-beach/","1","Indexable","","https://www.sowerbysholidaycottages.co.uk/norfolk-holiday-cottages/cockle-beach/","","index, follow, max-image-preview:large, max-snippet:-1, max-video-preview:-1","","","","",""
"https://www.sowerbysholidaycottages.co.uk/norfolk-holiday-cottages/2-knights-cottages/","1","Indexable","","https://www.sowerbysholidaycottages.co.uk/norfolk-holiday-cottages/2-knights-cottages/","","index, follow, max-image-preview:large, max-snippet:-1, max-video-preview:-1","","","","",""
"https://www.sowerbysholidaycottages.co.uk/norfolk-holiday-cottages/2-dormy-house/","1","Indexable","","https://www.sowerbysholidaycottages.co.uk/norfolk-holiday-cottages/2-dormy-house/","","index, follow, max-image-preview:large, max-snippet:-1, max-video-preview:-1","","","","",""
"https://www.sowerbysholidaycottages.co.uk/norfolk-holiday-cottages/quayside/","1","Indexable","","https://www.sowerbysholidaycottages.co.uk/norfolk-holiday-cottages/quayside/","","index, follow, max-image-preview:large, max-snippet:-1, max-video-preview:-1","","","","",""
"https://www.sowerbysholidaycottages.co.uk/norfolk-holiday-cottages/washington-lodge/","1","Indexable","","https://www.sowerbysholidaycottages.co.uk/norfolk-holiday-cottages/washington-lodge/","","index, follow, max-image-preview:large, max-snippet:-1, max-video-preview:-1","","","","",""
"https://www.sowerbysholidaycottages.co.uk/norfolk-holiday-cottages/harrier-cottage/","1","Indexable","","https://www.sowerbysholidaycottages.co.uk/norfolk-holiday-cottages/harrier-cottage/","","index, follow, max-image-preview:large, max-snippet:-1, max-video-preview:-1","","","","",""
"https://www.sowerbysholidaycottages.co.uk/norfolk-holiday-cottages/sea-view/","1","Indexable","","https://www.sowerbysholidaycottages.co.uk/norfolk-holiday-cottages/sea-view/","","index, follow, max-image-preview:large, max-snippet:-1, max-video-preview:-1","","","","",""
"https://www.sowerbysholidaycottages.co.uk/norfolk-holiday-cottages/scotts-lodge/","1","Indexable","","https://www.sowerbysholidaycottages.co.uk/norfolk-holiday-cottages/scotts-lodge/","","index, follow, max-image-preview:large, max-snippet:-1, max-video-preview:-1","","","","",""
"https://www.sowerbysholidaycottages.co.uk/norfolk-holiday-cottages/sandbanks/","1","Indexable","","https://www.sowerbysholidaycottages.co.uk/norfolk-holiday-cottages/sandbanks/","","index, follow, max-image-preview:large, max-snippet:-1, max-video-preview:-1","","","","",""
"https://www.sowerbysholidaycottages.co.uk/norfolk-holiday-cottages/harbour-cottage/","1","Indexable","","https://www.sowerbysholidaycottages.co.uk/norfolk-holiday-cottages/harbour-cottage/","","index, follow, max-image-preview:large, max-snippet:-1, max-video-preview:-1","","","","",""
"https://www.sowerbysholidaycottages.co.uk/norfolk-holiday-cottages/samphire-cottage/","1","Indexable","","https://www.sowerbysholidaycottages.co.uk/norfolk-holiday-cottages/samphire-cottage/","","index, follow, max-image-preview:large, max-snippet:-1, max-video-preview:-1","","","","",""
"https://www.sowerbysholidaycottages.co.uk/norfolk-holiday-cottages/lime-cottage/","1","Indexable","","https://www.sowerbysholidaycottages.co.uk/norfolk-holiday-cottages/lime-cottage/","","index, follow, max-image-preview:large, max-snippet:-1, max-video-preview:-1","","","","",""
"https://www.sowerbysholidaycottages.co.uk/norfolk-holiday-cottages/lilac-cottage/","1","Indexable","","https://www.sowerbysholidaycottages.co.uk/norfolk-holiday-cottages/lilac-cottage/","","index, follow, max-image-preview:large, max-snippet:-1, max-video-preview:-1","","","","",""
"https://www.sowerbysholidaycottages.co.uk/norfolk-holiday-cottages/dolphin-cottage/","1","Indexable","","https://www.sowerbysholidaycottages.co.uk/norfolk-holiday-cottages/dolphin-cottage/","","index, follow, max-image-preview:large, max-snippet:-1, max-video-preview:-1","","","","",""
"https://www.sowerbysholidaycottages.co.uk/norfolk-holiday-cottages/beamish/","1","Indexable","","https://www.sowerbysholidaycottages.co.uk/norfolk-holiday-cottages/beamish/","","index, follow, max-image-preview:large, max-snippet:-1, max-video-preview:-1","","","","",""
"https://www.sowerbysholidaycottages.co.uk/norfolk-holiday-cottages/josh-cottage/","1","Indexable","","https://www.sowerbysholidaycottages.co.uk/norfolk-holiday-cottages/josh-cottage/","","index, follow, max-image-preview:large, max-snippet:-1, max-video-preview:-1","","","","",""
"https://www.sowerbysholidaycottages.co.uk/norfolk-holiday-cottages/old-barn/","1","Indexable","","https://www.sowerbysholidaycottages.co.uk/norfolk-holiday-cottages/old-barn/","","index, follow, max-image-preview:large, max-snippet:-1, max-video-preview:-1","","","","",""
"https://www.sowerbysholidaycottages.co.uk/norfolk-holiday-cottages/brent-burn/","1","Indexable","","https://www.sowerbysholidaycottages.co.uk/norfolk-holiday-cottages/brent-burn/","","index, follow, max-image-preview:large, max-snippet:-1, max-video-preview:-1","","","","",""
"https://www.sowerbysholidaycottages.co.uk/norfolk-holiday-cottages/orchard-house-140/","1","Indexable","","https://www.sowerbysholidaycottages.co.uk/norfolk-holiday-cottages/orchard-house-140/","","index, follow, max-image-preview:large, max-snippet:-1, max-video-preview:-1","","","","",""
"https://www.sowerbysholidaycottages.co.uk/norfolk-holiday-cottages/lapwing/","1","Indexable","","https://www.sowerbysholidaycottages.co.uk/norfolk-holiday-cottages/lapwing/","","index, follow, max-image-preview:large, max-snippet:-1, max-video-preview:-1","","","","",""
"https://www.sowerbysholidaycottages.co.uk/norfolk-holiday-cottages/beck-cottage/","1","Indexable","","https://www.sowerbysholidaycottages.co.uk/norfolk-holiday-cottages/beck-cottage/","","index, follow, max-image-preview:large, max-snippet:-1, max-video-preview:-1","","","","",""
"https://www.sowerbysholidaycottages.co.uk/norfolk-holiday-cottages/garden-cottage/","1","Indexable","","https://www.sowerbysholidaycottages.co.uk/norfolk-holiday-cottages/garden-cottage/","","index, follow, max-image-preview:large, max-snippet:-1, max-video-preview:-1","","","","",""
"https://www.sowerbysholidaycottages.co.uk/norfolk-holiday-cottages/pinkleton/","1","Indexable","","https://www.sowerbysholidaycottages.co.uk/norfolk-holiday-cottages/pinkleton/","","index, follow, max-image-preview:large, max-snippet:-1, max-video-preview:-1","","","","",""
"https://www.sowerbysholidaycottages.co.uk/norfolk-holiday-cottages/linksway-2-bedrooms/","1","Indexable","","https://www.sowerbysholidaycottages.co.uk/norfolk-holiday-cottages/linksway-2-bedrooms/","","index, follow, max-image-preview:large, max-snippet:-1, max-video-preview:-1","","","","",""
"https://www.sowerbysholidaycottages.co.uk/norfolk-holiday-cottages/seal-cottage/","1","Indexable","","https://www.sowerbysholidaycottages.co.uk/norfolk-holiday-cottages/seal-cottage/","","index, follow, max-image-preview:large, max-snippet:-1, max-video-preview:-1","","","","",""
"https://www.sowerbysholidaycottages.co.uk/norfolk-holiday-cottages/lantern-cottage/","1","Indexable","","https://www.sowerbysholidaycottages.co.uk/norfolk-holiday-cottages/lantern-cottage/","","index, follow, max-image-preview:large, max-snippet:-1, max-video-preview:-1","","","","",""
"https://www.sowerbysholidaycottages.co.uk/norfolk-holiday-cottages/skylark/","1","Indexable","","https://www.sowerbysholidaycottages.co.uk/norfolk-holiday-cottages/skylark/","","index, follow, max-image-preview:large, max-snippet:-1, max-video-preview:-1","","","","",""
"https://www.sowerbysholidaycottages.co.uk/norfolk-holiday-cottages/chadwicks/","1","Indexable","","https://www.sowerbysholidaycottages.co.uk/norfolk-holiday-cottages/chadwicks/","","index, follow, max-image-preview:large, max-snippet:-1, max-video-preview:-1","","","","",""
"https://www.sowerbysholidaycottages.co.uk/norfolk-holiday-cottages/seawards/","1","Indexable","","https://www.sowerbysholidaycottages.co.uk/norfolk-holiday-cottages/seawards/","","index, follow, max-image-preview:large, max-snippet:-1, max-video-preview:-1","","","","",""
"https://www.sowerbysholidaycottages.co.uk/norfolk-holiday-cottages/lavender-house/","1","Indexable","","https://www.sowerbysholidaycottages.co.uk/norfolk-holiday-cottages/lavender-house/","","index, follow, max-image-preview:large, max-snippet:-1, max-video-preview:-1","","","","",""
"https://www.sowerbysholidaycottages.co.uk/norfolk-holiday-cottages/rose-cottage/","1","Indexable","","https://www.sowerbysholidaycottages.co.uk/norfolk-holiday-cottages/rose-cottage/","","index, follow, max-image-preview:large, max-snippet:-1, max-video-preview:-1","","","","",""
"https://www.sowerbysholidaycottages.co.uk/norfolk-holiday-cottages/field-cottage-in-brancaster-staithe/","1","Indexable","","https://www.sowerbysholidaycottages.co.uk/norfolk-holiday-cottages/field-cottage-in-brancaster-staithe/","","index, follow, max-image-preview:large, max-snippet:-1, max-video-preview:-1","","","","",""
"https://www.sowerbysholidaycottages.co.uk/norfolk-holiday-cottages/garden-house/","1","Indexable","","https://www.sowerbysholidaycottages.co.uk/norfolk-holiday-cottages/garden-house/","","index, follow, max-image-preview:large, max-snippet:-1, max-video-preview:-1","","","","",""
"https://www.sowerbysholidaycottages.co.uk/norfolk-holiday-cottages/1-railway-cottages/","1","Indexable","","https://www.sowerbysholidaycottages.co.uk/norfolk-holiday-cottages/1-railway-cottages/","","index, follow, max-image-preview:large, max-snippet:-1, max-video-preview:-1","","","","",""
"https://www.sowerbysholidaycottages.co.uk/norfolk-holiday-cottages/lavender-cottage/","1","Indexable","","https://www.sowerbysholidaycottages.co.uk/norfolk-holiday-cottages/lavender-cottage/","","index, follow, max-image-preview:large, max-snippet:-1, max-video-preview:-1","","","","",""
"https://www.sowerbysholidaycottages.co.uk/norfolk-holiday-cottages/eastwood-house-2-bedrooms/","1","Indexable","","https://www.sowerbysholidaycottages.co.uk/norfolk-holiday-cottages/eastwood-house-2-bedrooms/","","index, follow, max-image-preview:large, max-snippet:-1, max-video-preview:-1","","","","",""
"https://www.sowerbysholidaycottages.co.uk/norfolk-holiday-cottages/sea-lavender-cottage/","1","Indexable","","https://www.sowerbysholidaycottages.co.uk/norfolk-holiday-cottages/sea-lavender-cottage/","","index, follow, max-image-preview:large, max-snippet:-1, max-video-preview:-1","","","","",""
"https://www.sowerbysholidaycottages.co.uk/norfolk-holiday-cottages/market-lane-house/","1","Indexable","","https://www.sowerbysholidaycottages.co.uk/norfolk-holiday-cottages/market-lane-house/","","index, follow, max-image-preview:large, max-snippet:-1, max-video-preview:-1","","","","",""
"https://www.sowerbysholidaycottages.co.uk/norfolk-holiday-cottages/crows-nest-cottage/","1","Indexable","","https://www.sowerbysholidaycottages.co.uk/norfolk-holiday-cottages/crows-nest-cottage/","","index, follow, max-image-preview:large, max-snippet:-1, max-video-preview:-1","","","","",""
"https://www.sowerbysholidaycottages.co.uk/norfolk-holiday-cottages/the-cottage-erpingham-court/","1","Indexable","","https://www.sowerbysholidaycottages.co.uk/norfolk-holiday-cottages/the-cottage-erpingham-court/","","index, follow, max-image-preview:large, max-snippet:-1, max-video-preview:-1","","","","",""
"https://www.sowerbysholidaycottages.co.uk/norfolk-holiday-cottages/curlew-cottage-2-bedrooms/","1","Indexable","","https://www.sowerbysholidaycottages.co.uk/norfolk-holiday-cottages/curlew-cottage-2-bedrooms/","","index, follow, max-image-preview:large, max-snippet:-1, max-video-preview:-1","","","","",""
"https://www.sowerbysholidaycottages.co.uk/norfolk-holiday-cottages/old-hunny-cottage/","1","Indexable","","https://www.sowerbysholidaycottages.co.uk/norfolk-holiday-cottages/old-hunny-cottage/","","index, follow, max-image-preview:large, max-snippet:-1, max-video-preview:-1","","","","",""
"https://www.sowerbysholidaycottages.co.uk/norfolk-holiday-cottages/4-odd-fellows-court/","1","Indexable","","https://www.sowerbysholidaycottages.co.uk/norfolk-holiday-cottages/4-odd-fellows-court/","","index, follow, max-image-preview:large, max-snippet:-1, max-video-preview:-1","","","","",""
"https://www.sowerbysholidaycottages.co.uk/norfolk-holiday-cottages/saltmarshes/","1","Indexable","","https://www.sowerbysholidaycottages.co.uk/norfolk-holiday-cottages/saltmarshes/","","index, follow, max-image-preview:large, max-snippet:-1, max-video-preview:-1","","","","",""
"https://www.sowerbysholidaycottages.co.uk/norfolk-holiday-cottages/curlew-cottage/","1","Indexable","","https://www.sowerbysholidaycottages.co.uk/norfolk-holiday-cottages/curlew-cottage/","","index, follow, max-image-preview:large, max-snippet:-1, max-video-preview:-1","","","","",""
"https://www.sowerbysholidaycottages.co.uk/norfolk-holiday-cottages/holly-cottage/","1","Indexable","","https://www.sowerbysholidaycottages.co.uk/norfolk-holiday-cottages/holly-cottage/","","index, follow, max-image-preview:large, max-snippet:-1, max-video-preview:-1","","","","",""
"https://www.sowerbysholidaycottages.co.uk/norfolk-holiday-cottages/furnace-cottage/","1","Indexable","","https://www.sowerbysholidaycottages.co.uk/norfolk-holiday-cottages/furnace-cottage/","","index, follow, max-image-preview:large, max-snippet:-1, max-video-preview:-1","","","","",""
"https://www.sowerbysholidaycottages.co.uk/norfolk-holiday-cottages/harpers/","1","Indexable","","https://www.sowerbysholidaycottages.co.uk/norfolk-holiday-cottages/harpers/","","index, follow, max-image-preview:large, max-snippet:-1, max-video-preview:-1","","","","",""
"https://www.sowerbysholidaycottages.co.uk/norfolk-holiday-cottages/fleece-house/","1","Indexable","","https://www.sowerbysholidaycottages.co.uk/norfolk-holiday-cottages/fleece-house/","","index, follow, max-image-preview:large, max-snippet:-1, max-video-preview:-1","","","","",""
"https://www.sowerbysholidaycottages.co.uk/norfolk-holiday-cottages/cherry-tree-cottage/","1","Indexable","","https://www.sowerbysholidaycottages.co.uk/norfolk-holiday-cottages/cherry-tree-cottage/","","index, follow, max-image-preview:large, max-snippet:-1, max-video-preview:-1","","","","",""
"https://www.sowerbysholidaycottages.co.uk/norfolk-holiday-cottages/fortune-cottage/","1","Indexable","","https://www.sowerbysholidaycottages.co.uk/norfolk-holiday-cottages/fortune-cottage/","","index, follow, max-image-preview:large, max-snippet:-1, max-video-preview:-1","","","","",""
"https://www.sowerbysholidaycottages.co.uk/norfolk-holiday-cottages/claremont-house/","1","Indexable","","https://www.sowerbysholidaycottages.co.uk/norfolk-holiday-cottages/claremont-house/","","index, follow, max-image-preview:large, max-snippet:-1, max-video-preview:-1","","","","",""
"https://www.sowerbysholidaycottages.co.uk/norfolk-holiday-cottages/the-new-cottage/","1","Indexable","","https://www.sowerbysholidaycottages.co.uk/norfolk-holiday-cottages/the-new-cottage/","","index, follow, max-image-preview:large, max-snippet:-1, max-video-preview:-1","","","","",""
"https://www.sowerbysholidaycottages.co.uk/norfolk-holiday-cottages/turnstone/","1","Indexable","","https://www.sowerbysholidaycottages.co.uk/norfolk-holiday-cottages/turnstone/","","index, follow, max-image-preview:large, max-snippet:-1, max-video-preview:-1","","","","",""
"https://www.sowerbysholidaycottages.co.uk/norfolk-holiday-cottages/field-cottage-in-docking/","1","Indexable","","https://www.sowerbysholidaycottages.co.uk/norfolk-holiday-cottages/field-cottage-in-docking/","","index, follow, max-image-preview:large, max-snippet:-1, max-video-preview:-1","","","","",""
"https://www.sowerbysholidaycottages.co.uk/norfolk-holiday-cottages/edinburgh-house-with-annex/","1","Indexable","","https://www.sowerbysholidaycottages.co.uk/norfolk-holiday-cottages/edinburgh-house-with-annex/","","index, follow, max-image-preview:large, max-snippet:-1, max-video-preview:-1","","","","",""
"https://www.sowerbysholidaycottages.co.uk/norfolk-holiday-cottages/holly-house/","1","Indexable","","https://www.sowerbysholidaycottages.co.uk/norfolk-holiday-cottages/holly-house/","","index, follow, max-image-preview:large, max-snippet:-1, max-video-preview:-1","","","","",""
"https://www.sowerbysholidaycottages.co.uk/norfolk-holiday-cottages/wren-cottage/","1","Indexable","","https://www.sowerbysholidaycottages.co.uk/norfolk-holiday-cottages/wren-cottage/","","index, follow, max-image-preview:large, max-snippet:-1, max-video-preview:-1","","","","",""
"https://www.sowerbysholidaycottages.co.uk/norfolk-holiday-cottages/langham-house/","1","Indexable","","https://www.sowerbysholidaycottages.co.uk/norfolk-holiday-cottages/langham-house/","","index, follow, max-image-preview:large, max-snippet:-1, max-video-preview:-1","","","","",""
"https://www.sowerbysholidaycottages.co.uk/norfolk-holiday-cottages/honeysuckle-cottage/","1","Indexable","","https://www.sowerbysholidaycottages.co.uk/norfolk-holiday-cottages/honeysuckle-cottage/","","index, follow, max-image-preview:large, max-snippet:-1, max-video-preview:-1","","","","",""
"https://www.sowerbysholidaycottages.co.uk/norfolk-holiday-cottages/the-stables-manor-court/","1","Indexable","","https://www.sowerbysholidaycottages.co.uk/norfolk-holiday-cottages/the-stables-manor-court/","","index, follow, max-image-preview:large, max-snippet:-1, max-video-preview:-1","","","","",""
"https://www.sowerbysholidaycottages.co.uk/norfolk-holiday-cottages/honeystone-mews/","1","Indexable","","https://www.sowerbysholidaycottages.co.uk/norfolk-holiday-cottages/honeystone-mews/","","index, follow, max-image-preview:large, max-snippet:-1, max-video-preview:-1","","","","",""
"https://www.sowerbysholidaycottages.co.uk/norfolk-holiday-cottages/the-manse/","1","Indexable","","https://www.sowerbysholidaycottages.co.uk/norfolk-holiday-cottages/the-manse/","","index, follow, max-image-preview:large, max-snippet:-1, max-video-preview:-1","","","","",""
"https://www.sowerbysholidaycottages.co.uk/norfolk-holiday-cottages/3-lavender-cottage/","1","Indexable","","https://www.sowerbysholidaycottages.co.uk/norfolk-holiday-cottages/3-lavender-cottage/","","index, follow, max-image-preview:large, max-snippet:-1, max-video-preview:-1","","","","",""
"https://www.sowerbysholidaycottages.co.uk/norfolk-holiday-cottages/ivy-cottage/","1","Indexable","","https://www.sowerbysholidaycottages.co.uk/norfolk-holiday-cottages/ivy-cottage/","","index, follow, max-image-preview:large, max-snippet:-1, max-video-preview:-1","","","","",""
"https://www.sowerbysholidaycottages.co.uk/norfolk-holiday-cottages/eastwood-house/","1","Indexable","","https://www.sowerbysholidaycottages.co.uk/norfolk-holiday-cottages/eastwood-house/","","index, follow, max-image-preview:large, max-snippet:-1, max-video-preview:-1","","","","",""
"https://www.sowerbysholidaycottages.co.uk/norfolk-holiday-cottages/little-tern/","1","Indexable","","https://www.sowerbysholidaycottages.co.uk/norfolk-holiday-cottages/little-tern/","","index, follow, max-image-preview:large, max-snippet:-1, max-video-preview:-1","","","","",""
"https://www.sowerbysholidaycottages.co.uk/norfolk-holiday-cottages/edinburgh-house/","1","Indexable","","https://www.sowerbysholidaycottages.co.uk/norfolk-holiday-cottages/edinburgh-house/","","index, follow, max-image-preview:large, max-snippet:-1, max-video-preview:-1","","","","",""
"https://www.sowerbysholidaycottages.co.uk/norfolk-holiday-cottages/tucwel/","1","Indexable","","https://www.sowerbysholidaycottages.co.uk/norfolk-holiday-cottages/tucwel/","","index, follow, max-image-preview:large, max-snippet:-1, max-video-preview:-1","","","","",""
"https://www.sowerbysholidaycottages.co.uk/norfolk-holiday-cottages/norton-cottage/","1","Indexable","","https://www.sowerbysholidaycottages.co.uk/norfolk-holiday-cottages/norton-cottage/","","index, follow, max-image-preview:large, max-snippet:-1, max-video-preview:-1","","","","",""
"https://www.sowerbysholidaycottages.co.uk/norfolk-holiday-cottages/the-hideaway-6a/","1","Indexable","","https://www.sowerbysholidaycottages.co.uk/norfolk-holiday-cottages/the-hideaway-6a/","","index, follow, max-image-preview:large, max-snippet:-1, max-video-preview:-1","","","","",""
"https://www.sowerbysholidaycottages.co.uk/norfolk-holiday-cottages/cornloft-cottage/","1","Indexable","","https://www.sowerbysholidaycottages.co.uk/norfolk-holiday-cottages/cornloft-cottage/","","index, follow, max-image-preview:large, max-snippet:-1, max-video-preview:-1","","","","",""
"https://www.sowerbysholidaycottages.co.uk/norfolk-holiday-cottages/hilltop-nc/","1","Indexable","","https://www.sowerbysholidaycottages.co.uk/norfolk-holiday-cottages/hilltop-nc/","","index, follow, max-image-preview:large, max-snippet:-1, max-video-preview:-1","","","","",""
"https://www.sowerbysholidaycottages.co.uk/norfolk-holiday-cottages/east-cottage/","1","Indexable","","https://www.sowerbysholidaycottages.co.uk/norfolk-holiday-cottages/east-cottage/","","index, follow, max-image-preview:large, max-snippet:-1, max-video-preview:-1","","","","",""
"https://www.sowerbysholidaycottages.co.uk/norfolk-holiday-cottages/3-links-court/","1","Indexable","","https://www.sowerbysholidaycottages.co.uk/norfolk-holiday-cottages/3-links-court/","","index, follow, max-image-preview:large, max-snippet:-1, max-video-preview:-1","","","","",""
"https://www.sowerbysholidaycottages.co.uk/norfolk-holiday-cottages/sandton-house/","1","Indexable","","https://www.sowerbysholidaycottages.co.uk/norfolk-holiday-cottages/sandton-house/","","index, follow, max-image-preview:large, max-snippet:-1, max-video-preview:-1","","","","",""
"https://www.sowerbysholidaycottages.co.uk/norfolk-holiday-cottages/field-house/","1","Indexable","","https://www.sowerbysholidaycottages.co.uk/norfolk-holiday-cottages/field-house/","","index, follow, max-image-preview:large, max-snippet:-1, max-video-preview:-1","","","","",""
"https://www.sowerbysholidaycottages.co.uk/norfolk-holiday-cottages/nelson-lodge/","1","Indexable","","https://www.sowerbysholidaycottages.co.uk/norfolk-holiday-cottages/nelson-lodge/","","index, follow, max-image-preview:large, max-snippet:-1, max-video-preview:-1","","","","",""
"https://www.sowerbysholidaycottages.co.uk/norfolk-holiday-cottages/kitts-cottage/","1","Indexable","","https://www.sowerbysholidaycottages.co.uk/norfolk-holiday-cottages/kitts-cottage/","","index, follow, max-image-preview:large, max-snippet:-1, max-video-preview:-1","","","","",""
"https://www.sowerbysholidaycottages.co.uk/norfolk-holiday-cottages/butts-corner-2-bedrooms/","1","Indexable","","https://www.sowerbysholidaycottages.co.uk/norfolk-holiday-cottages/butts-corner-2-bedrooms/","","index, follow, max-image-preview:large, max-snippet:-1, max-video-preview:-1","","","","",""
"https://www.sowerbysholidaycottages.co.uk/norfolk-holiday-cottages/2-hunts-cottages/","1","Indexable","","https://www.sowerbysholidaycottages.co.uk/norfolk-holiday-cottages/2-hunts-cottages/","","index, follow, max-image-preview:large, max-snippet:-1, max-video-preview:-1","","","","",""
"https://www.sowerbysholidaycottages.co.uk/norfolk-holiday-cottages/3-pond-end-row/","1","Indexable","","https://www.sowerbysholidaycottages.co.uk/norfolk-holiday-cottages/3-pond-end-row/","","index, follow, max-image-preview:large, max-snippet:-1, max-video-preview:-1","","","","",""
"https://www.sowerbysholidaycottages.co.uk/norfolk-holiday-cottages/butts-corner/","1","Indexable","","https://www.sowerbysholidaycottages.co.uk/norfolk-holiday-cottages/butts-corner/","","index, follow, max-image-preview:large, max-snippet:-1, max-video-preview:-1","","","","",""
"https://www.sowerbysholidaycottages.co.uk/norfolk-holiday-cottages/hare-cottage/","1","Indexable","","https://www.sowerbysholidaycottages.co.uk/norfolk-holiday-cottages/hare-cottage/","","index, follow, max-image-preview:large, max-snippet:-1, max-video-preview:-1","","","","",""
"https://www.sowerbysholidaycottages.co.uk/norfolk-holiday-cottages/pangurs-piece/","1","Indexable","","https://www.sowerbysholidaycottages.co.uk/norfolk-holiday-cottages/pangurs-piece/","","index, follow, max-image-preview:large, max-snippet:-1, max-video-preview:-1","","","","",""
"https://www.sowerbysholidaycottages.co.uk/norfolk-holiday-cottages/linksway/","1","Indexable","","https://www.sowerbysholidaycottages.co.uk/norfolk-holiday-cottages/linksway/","","index, follow, max-image-preview:large, max-snippet:-1, max-video-preview:-1","","","","",""
"https://www.sowerbysholidaycottages.co.uk/norfolk-holiday-cottages/pickles-cottage/","1","Indexable","","https://www.sowerbysholidaycottages.co.uk/norfolk-holiday-cottages/pickles-cottage/","","index, follow, max-image-preview:large, max-snippet:-1, max-video-preview:-1","","","","",""
"https://www.sowerbysholidaycottages.co.uk/norfolk-holiday-cottages/holly-house-2-bedrooms/","1","Indexable","","https://www.sowerbysholidaycottages.co.uk/norfolk-holiday-cottages/holly-house-2-bedrooms/","","index, follow, max-image-preview:large, max-snippet:-1, max-video-preview:-1","","","","",""
"https://www.sowerbysholidaycottages.co.uk/norfolk-holiday-cottages/la-mouette/","1","Indexable","","https://www.sowerbysholidaycottages.co.uk/norfolk-holiday-cottages/la-mouette/","","index, follow, max-image-preview:large, max-snippet:-1, max-video-preview:-1","","","","",""
"https://www.sowerbysholidaycottages.co.uk/norfolk-holiday-cottages/badgets/","1","Indexable","","https://www.sowerbysholidaycottages.co.uk/norfolk-holiday-cottages/badgets/","","index, follow, max-image-preview:large, max-snippet:-1, max-video-preview:-1","","","","",""
"https://www.sowerbysholidaycottages.co.uk/norfolk-holiday-cottages/saffron-cottage/","1","Indexable","","https://www.sowerbysholidaycottages.co.uk/norfolk-holiday-cottages/saffron-cottage/","","index, follow, max-image-preview:large, max-snippet:-1, max-video-preview:-1","","","","",""
"https://www.sowerbysholidaycottages.co.uk/norfolk-holiday-cottages/garden-folly/","1","Indexable","","https://www.sowerbysholidaycottages.co.uk/norfolk-holiday-cottages/garden-folly/","","index, follow, max-image-preview:large, max-snippet:-1, max-video-preview:-1","","","","",""
"https://www.sowerbysholidaycottages.co.uk/norfolk-holiday-cottages/5-monteagle/","1","Indexable","","https://www.sowerbysholidaycottages.co.uk/norfolk-holiday-cottages/5-monteagle/","","index, follow, max-image-preview:large, max-snippet:-1, max-video-preview:-1","","","","",""
"https://www.sowerbysholidaycottages.co.uk/norfolk-holiday-cottages/jeeves-retreat/","1","Indexable","","https://www.sowerbysholidaycottages.co.uk/norfolk-holiday-cottages/jeeves-retreat/","","index, follow, max-image-preview:large, max-snippet:-1, max-video-preview:-1","","","","",""
"https://www.sowerbysholidaycottages.co.uk/norfolk-holiday-cottages/allpoints-cottage/","1","Indexable","","https://www.sowerbysholidaycottages.co.uk/norfolk-holiday-cottages/allpoints-cottage/","","index, follow, max-image-preview:large, max-snippet:-1, max-video-preview:-1","","","","",""
"https://www.sowerbysholidaycottages.co.uk/norfolk-holiday-cottages/wellington-cottage/","1","Indexable","","https://www.sowerbysholidaycottages.co.uk/norfolk-holiday-cottages/wellington-cottage/","","index, follow, max-image-preview:large, max-snippet:-1, max-video-preview:-1","","","","",""
"https://www.sowerbysholidaycottages.co.uk/norfolk-holiday-cottages/honeystone/","1","Indexable","","https://www.sowerbysholidaycottages.co.uk/norfolk-holiday-cottages/honeystone/","","index, follow, max-image-preview:large, max-snippet:-1, max-video-preview:-1","","","","",""
"https://www.sowerbysholidaycottages.co.uk/norfolk-holiday-cottages/old-school-house/","1","Indexable","","https://www.sowerbysholidaycottages.co.uk/norfolk-holiday-cottages/old-school-house/","","index, follow, max-image-preview:large, max-snippet:-1, max-video-preview:-1","","","","",""
"https://www.sowerbysholidaycottages.co.uk/norfolk-holiday-cottages/beech-cottage/","1","Indexable","","https://www.sowerbysholidaycottages.co.uk/norfolk-holiday-cottages/beech-cottage/","","index, follow, max-image-preview:large, max-snippet:-1, max-video-preview:-1","","","","",""
"https://www.sowerbysholidaycottages.co.uk/norfolk-holiday-cottages/windjammer/","1","Indexable","","https://www.sowerbysholidaycottages.co.uk/norfolk-holiday-cottages/windjammer/","","index, follow, max-image-preview:large, max-snippet:-1, max-video-preview:-1","","","","",""
"https://www.sowerbysholidaycottages.co.uk/norfolk-holiday-cottages/tern-cottage/","1","Indexable","","https://www.sowerbysholidaycottages.co.uk/norfolk-holiday-cottages/tern-cottage/","","index, follow, max-image-preview:large, max-snippet:-1, max-video-preview:-1","","","","",""
"https://www.sowerbysholidaycottages.co.uk/norfolk-holiday-cottages/oak-cottage/","1","Indexable","","https://www.sowerbysholidaycottages.co.uk/norfolk-holiday-cottages/oak-cottage/","","index, follow, max-image-preview:large, max-snippet:-1, max-video-preview:-1","","","","",""
"https://www.sowerbysholidaycottages.co.uk/norfolk-holiday-cottages/the-foundry/","1","Indexable","","https://www.sowerbysholidaycottages.co.uk/norfolk-holiday-cottages/the-foundry/","","index, follow, max-image-preview:large, max-snippet:-1, max-video-preview:-1","","","","",""
"https://www.sowerbysholidaycottages.co.uk/norfolk-holiday-cottages/3-smugglers-cove/","1","Indexable","","https://www.sowerbysholidaycottages.co.uk/norfolk-holiday-cottages/3-smugglers-cove/","","index, follow, max-image-preview:large, max-snippet:-1, max-video-preview:-1","","","","",""
"https://www.sowerbysholidaycottages.co.uk/norfolk-holiday-cottages/bliss-cottage/","1","Indexable","","https://www.sowerbysholidaycottages.co.uk/norfolk-holiday-cottages/bliss-cottage/","","index, follow, max-image-preview:large, max-snippet:-1, max-video-preview:-1","","","","",""
"https://www.sowerbysholidaycottages.co.uk/norfolk-holiday-cottages/sutton-cottage/","1","Indexable","","https://www.sowerbysholidaycottages.co.uk/norfolk-holiday-cottages/sutton-cottage/","","index, follow, max-image-preview:large, max-snippet:-1, max-video-preview:-1","","","","",""
"https://www.sowerbysholidaycottages.co.uk/norfolk-holiday-cottages/samphire-barn/","1","Indexable","","https://www.sowerbysholidaycottages.co.uk/norfolk-holiday-cottages/samphire-barn/","","index, follow, max-image-preview:large, max-snippet:-1, max-video-preview:-1","","","","",""
"https://www.sowerbysholidaycottages.co.uk/norfolk-holiday-cottages/2-school-row/","1","Indexable","","https://www.sowerbysholidaycottages.co.uk/norfolk-holiday-cottages/2-school-row/","","index, follow, max-image-preview:large, max-snippet:-1, max-video-preview:-1","","","","",""
"https://www.sowerbysholidaycottages.co.uk/norfolk-holiday-cottages/wellfleet-cottage/","1","Indexable","","https://www.sowerbysholidaycottages.co.uk/norfolk-holiday-cottages/wellfleet-cottage/","","index, follow, max-image-preview:large, max-snippet:-1, max-video-preview:-1","","","","",""
"https://www.sowerbysholidaycottages.co.uk/norfolk-holiday-cottages/bluebell-cottage/","1","Indexable","","https://www.sowerbysholidaycottages.co.uk/norfolk-holiday-cottages/bluebell-cottage/","","index, follow, max-image-preview:large, max-snippet:-1, max-video-preview:-1","","","","",""
"https://www.sowerbysholidaycottages.co.uk/norfolk-holiday-cottages/truncheons-reach/","1","Indexable","","https://www.sowerbysholidaycottages.co.uk/norfolk-holiday-cottages/truncheons-reach/","","index, follow, max-image-preview:large, max-snippet:-1, max-video-preview:-1","","","","",""
"https://www.sowerbysholidaycottages.co.uk/norfolk-holiday-cottages/seasalt-cottage/","1","Indexable","","https://www.sowerbysholidaycottages.co.uk/norfolk-holiday-cottages/seasalt-cottage/","","index, follow, max-image-preview:large, max-snippet:-1, max-video-preview:-1","","","","",""
"https://www.sowerbysholidaycottages.co.uk/norfolk-holiday-cottages/star-cottage/","1","Indexable","","https://www.sowerbysholidaycottages.co.uk/norfolk-holiday-cottages/star-cottage/","","index, follow, max-image-preview:large, max-snippet:-1, max-video-preview:-1","","","","",""
"https://www.sowerbysholidaycottages.co.uk/norfolk-holiday-cottages/grasshopper-cottage/","1","Indexable","","https://www.sowerbysholidaycottages.co.uk/norfolk-holiday-cottages/grasshopper-cottage/","","index, follow, max-image-preview:large, max-snippet:-1, max-video-preview:-1","","","","",""
"https://www.sowerbysholidaycottages.co.uk/norfolk-holiday-cottages/mill-view-burnham-norton/","1","Indexable","","https://www.sowerbysholidaycottages.co.uk/norfolk-holiday-cottages/mill-view-burnham-norton/","","index, follow, max-image-preview:large, max-snippet:-1, max-video-preview:-1","","","","",""
"https://www.sowerbysholidaycottages.co.uk/norfolk-holiday-cottages/jeeves-hideaway/","1","Indexable","","https://www.sowerbysholidaycottages.co.uk/norfolk-holiday-cottages/jeeves-hideaway/","","index, follow, max-image-preview:large, max-snippet:-1, max-video-preview:-1","","","","",""
"https://www.sowerbysholidaycottages.co.uk/norfolk-holiday-cottages/bailey-wick-cottage/","1","Indexable","","https://www.sowerbysholidaycottages.co.uk/norfolk-holiday-cottages/bailey-wick-cottage/","","index, follow, max-image-preview:large, max-snippet:-1, max-video-preview:-1","","","","",""
"https://www.sowerbysholidaycottages.co.uk/norfolk-holiday-cottages/ellas-cottage/","1","Indexable","","https://www.sowerbysholidaycottages.co.uk/norfolk-holiday-cottages/ellas-cottage/","","index, follow, max-image-preview:large, max-snippet:-1, max-video-preview:-1","","","","",""
"https://www.sowerbysholidaycottages.co.uk/wishlist/","1","Indexable","","https://www.sowerbysholidaycottages.co.uk/wishlist/","","index, follow, max-image-preview:large, max-snippet:-1, max-video-preview:-1","","","","",""
"https://www.sowerbysholidaycottages.co.uk/norfolk-holiday-cottages/fox-cottage/","1","Indexable","","https://www.sowerbysholidaycottages.co.uk/norfolk-holiday-cottages/fox-cottage/","","index, follow, max-image-preview:large, max-snippet:-1, max-video-preview:-1","","","","",""
"https://www.sowerbysholidaycottages.co.uk/norfolk-holiday-cottages/sunset-view/","1","Indexable","","https://www.sowerbysholidaycottages.co.uk/norfolk-holiday-cottages/sunset-view/","","index, follow, max-image-preview:large, max-snippet:-1, max-video-preview:-1","","","","",""
"https://www.sowerbysholidaycottages.co.uk/popular-norfolk-holiday-areas/old-hunstanton-area/","1","Indexable","","https://www.sowerbysholidaycottages.co.uk/popular-norfolk-holiday-areas/old-hunstanton-area/","","index, follow, max-image-preview:large, max-snippet:-1, max-video-preview:-1","","","","",""
"https://www.sowerbysholidaycottages.co.uk/popular-norfolk-holiday-areas/brancaster-area/","1","Indexable","","https://www.sowerbysholidaycottages.co.uk/popular-norfolk-holiday-areas/brancaster-area/","","index, follow, max-image-preview:large, max-snippet:-1, max-video-preview:-1","","","","",""
"https://www.sowerbysholidaycottages.co.uk/popular-norfolk-holiday-areas/the-burnhams-area/","1","Indexable","","https://www.sowerbysholidaycottages.co.uk/popular-norfolk-holiday-areas/the-burnhams-area/","","index, follow, max-image-preview:large, max-snippet:-1, max-video-preview:-1","","","","",""
"https://www.sowerbysholidaycottages.co.uk/popular-norfolk-holiday-areas/wells-next-the-sea-area/","1","Indexable","","https://www.sowerbysholidaycottages.co.uk/popular-norfolk-holiday-areas/wells-next-the-sea-area/","","index, follow, max-image-preview:large, max-snippet:-1, max-video-preview:-1","","","","",""
"https://www.sowerbysholidaycottages.co.uk/norfolk-holiday-cottages/boatmans-cottage/","1","Indexable","","https://www.sowerbysholidaycottages.co.uk/norfolk-holiday-cottages/boatmans-cottage/","","index, follow, max-image-preview:large, max-snippet:-1, max-video-preview:-1","","","","",""
"https://www.sowerbysholidaycottages.co.uk/norfolk-holiday-cottages/pebble-cottage/","1","Indexable","","https://www.sowerbysholidaycottages.co.uk/norfolk-holiday-cottages/pebble-cottage/","","index, follow, max-image-preview:large, max-snippet:-1, max-video-preview:-1","","","","",""
"https://www.sowerbysholidaycottages.co.uk/norfolk-holiday-cottages/orchard-house-docking/","1","Indexable","","https://www.sowerbysholidaycottages.co.uk/norfolk-holiday-cottages/orchard-house-docking/","","index, follow, max-image-preview:large, max-snippet:-1, max-video-preview:-1","","","","",""
"https://www.sowerbysholidaycottages.co.uk/norfolk-holiday-cottages/little-twitchers/","1","Indexable","","https://www.sowerbysholidaycottages.co.uk/norfolk-holiday-cottages/little-twitchers/","","index, follow, max-image-preview:large, max-snippet:-1, max-video-preview:-1","","","","",""
"https://www.sowerbysholidaycottages.co.uk/norfolk-holiday-cottages/virginia-cottage/","1","Indexable","","https://www.sowerbysholidaycottages.co.uk/norfolk-holiday-cottages/virginia-cottage/","","index, follow, max-image-preview:large, max-snippet:-1, max-video-preview:-1","","","","",""
"https://www.sowerbysholidaycottages.co.uk/norfolk-holiday-cottages/duckling-cottage/","1","Indexable","","https://www.sowerbysholidaycottages.co.uk/norfolk-holiday-cottages/duckling-cottage/","","index, follow, max-image-preview:large, max-snippet:-1, max-video-preview:-1","","","","",""
"https://www.sowerbysholidaycottages.co.uk/norfolk-holiday-cottages/bonnierigg/","1","Indexable","","https://www.sowerbysholidaycottages.co.uk/norfolk-holiday-cottages/bonnierigg/","","index, follow, max-image-preview:large, max-snippet:-1, max-video-preview:-1","","","","",""
"https://www.sowerbysholidaycottages.co.uk/norfolk-holiday-cottages/windswept-cottage/","1","Indexable","","https://www.sowerbysholidaycottages.co.uk/norfolk-holiday-cottages/windswept-cottage/","","index, follow, max-image-preview:large, max-snippet:-1, max-video-preview:-1","","","","",""
"https://www.sowerbysholidaycottages.co.uk/norfolk-holiday-cottages/cherryhill/","1","Indexable","","https://www.sowerbysholidaycottages.co.uk/norfolk-holiday-cottages/cherryhill/","","index, follow, max-image-preview:large, max-snippet:-1, max-video-preview:-1","","","","",""
"https://www.sowerbysholidaycottages.co.uk/norfolk-holiday-cottages/2-waterhall-cottages/","1","Indexable","","https://www.sowerbysholidaycottages.co.uk/norfolk-holiday-cottages/2-waterhall-cottages/","","index, follow, max-image-preview:large, max-snippet:-1, max-video-preview:-1","","","","",""
"https://www.sowerbysholidaycottages.co.uk/norfolk-holiday-cottages/field-cottage-in-fring/","1","Indexable","","https://www.sowerbysholidaycottages.co.uk/norfolk-holiday-cottages/field-cottage-in-fring/","","index, follow, max-image-preview:large, max-snippet:-1, max-video-preview:-1","","","","",""
"https://www.sowerbysholidaycottages.co.uk/norfolk-holiday-cottages/hares-end/","1","Indexable","","https://www.sowerbysholidaycottages.co.uk/norfolk-holiday-cottages/hares-end/","","index, follow, max-image-preview:large, max-snippet:-1, max-video-preview:-1","","","","",""
