"Address","Word Count","Sentence Count","Average Words Per Sentence","Flesch Reading Ease Score","Readability","Closest Near Duplicate Match","No. Near Duplicates","Closest Semantically Similar Address","Semantic Similarity Score","No. Semantically Similar","Semantic Relevance Score","Total Language Errors","Spelling Errors","Grammar Errors","Language","Hash","Indexability","Indexability Status"
"https://www.sowerbysholidaycottages.co.uk/","447","91","4.912","74.476","Fairly Easy","","","","","","","","","","en-GB","e011a83fb2388d977c3053e639560e8e","Indexable",""
"https://www.sowerbysholidaycottages.co.uk/inspiration/","505","80","6.312","78.637","Fairly Easy","","","","","","","","","","en-GB","a7f55c7723a4efabababd8fe9781a0ef","Indexable",""
"https://www.sowerbysholidaycottages.co.uk/inspiration/norfolk-holiday-cottage-special-offers/","3529","849","4.157","100.000","Very Easy","","","","","","","","","","en-GB","95fd6fcf75b04e1616bd4dd572768ef4","Indexable",""
"https://www.sowerbysholidaycottages.co.uk/norfolk-holiday-locations/alphabetical-list-of-villages/","76","51","1.490","61.725","Normal","","","","","","","","","","en-GB","b61144223aeac24a2eec369a956b54a","Indexable",""
"https://www.sowerbysholidaycottages.co.uk/popular-norfolk-holiday-features/luxury-collection/","4159","1174","3.543","100.000","Very Easy","","","","","","","","","","en-GB","701f0777fc08ffdb16730b3ac0b2d0f2","Indexable",""
"https://www.sowerbysholidaycottages.co.uk/holiday-cottage-owner-information/owner-testimonials/","214","33","6.485","72.958","Fairly Easy","","","","","","","","","","en-GB","cb8b82899e25d033e8d2c9980c0b346e","Indexable",""
"https://www.sowerbysholidaycottages.co.uk/about-sowerbys-holiday-cottages/faqs/","1284","143","8.979","75.038","Fairly Easy","","","","","","","","","","en-GB","e79dca883ebb060620dde686ba270cd5","Indexable",""
"https://www.sowerbysholidaycottages.co.uk/norfolk-holiday-cottage-search/?start_date=&duration=&sleeps=&dogs=&village=&bedrooms=&bathrooms=&property=&special_offer=yes","3902","1087","3.590","100.000","Very Easy","","","","","","","","","","en-GB","c767bcb82482e6d7bb8d044bdc3b0aba","Non-Indexable","Canonicalised"
"https://www.sowerbysholidaycottages.co.uk/norfolk-holiday-cottage-search/?start_date=&duration=&sleeps=&dogs=&property=&bedrooms=&bathrooms=&village=&new=yes","936","366","2.557","100.000","Very Easy","","","","","","","","","","en-GB","c1f0683abce41bc58a2908575b5a9618","Non-Indexable","Canonicalised"
"https://www.sowerbysholidaycottages.co.uk/popular-norfolk-holiday-features/sea-views/","4100","1166","3.516","100.000","Very Easy","","","","","","","","","","en-GB","a8aabab12379eb65445a1cb5dcddffe6","Indexable",""
"https://www.sowerbysholidaycottages.co.uk/norfolk-holiday-cottage-search/?start_date=&duration=&sleeps=&dogs=&property=&action=quicksearch&bedrooms=&bathrooms=&village=&has_sea_view=yes","4752","1555","3.056","100.000","Very Easy","","","","","","","","","","en-GB","d1085cf2fcf26ade49685c6c7a81da7e","Non-Indexable","Canonicalised"
"https://www.sowerbysholidaycottages.co.uk/bespoke-management-service/","764","95","8.042","59.592","Fairly Hard","","","","","","","","","","en-GB","85b46ae72137973b6d20ab0944e26f75","Indexable",""
"https://www.sowerbysholidaycottages.co.uk/norfolk-holiday-cottages/washmeres/","1495","244","6.127","96.153","Very Easy","","","","","","","","","","en-GB","c9493c90d3f4013534eb9792d215f7bd","Indexable",""
"https://www.sowerbysholidaycottages.co.uk/popular-norfolk-holiday-features/electric-charging/","1916","560","3.421","100.000","Very Easy","","","","","","","","","","en-GB","f67856cdcd30b1b2976890704ee7c789","Indexable",""
"https://www.sowerbysholidaycottages.co.uk/norfolk-holiday-locations/","460","82","5.610","60.999","Normal","","","","","","","","","","en-GB","1e0fbf7ce9e000612e4937fba2027e98","Indexable",""
"https://www.sowerbysholidaycottages.co.uk/about-sowerbys-holiday-cottages/meet-the-team/","643","91","7.066","69.540","Normal","","","","","","","","","","en-GB","7ff74ba5facfce6310935972ea7de296","Indexable",""
"https://www.sowerbysholidaycottages.co.uk/popular-norfolk-holiday-features/romantic-break/","4590","1322","3.472","100.000","Very Easy","","","","","","","","","","en-GB","be5984e904f59aa371c037139819b825","Indexable",""
"https://www.sowerbysholidaycottages.co.uk/contact-sowerbys-holiday-cottages/","123","39","3.154","81.892","Easy","","","","","","","","","","en-GB","c5672b4d0a2ffce0f469d82c4b10cc6f","Indexable",""
"https://www.sowerbysholidaycottages.co.uk/norfolk-holiday-cottages/little-barwick/","3982","575","6.925","89.350","Easy","","","","","","","","","","en-GB","fa2a16828f600daad2388c5b1b6fb191","Indexable",""
"https://www.sowerbysholidaycottages.co.uk/norfolk-holiday-cottage-search/?start_date=&duration=&sleeps=&dogs=&villageorproperty=&bedrooms=&bathrooms=&dogs_by_arrangement=yes&dogs_accepted=yes","14927","4906","3.043","100.000","Very Easy","","","","","","","","","","en-GB","27f78d3881fa0d423e9cd99b11385b4d","Non-Indexable","Canonicalised"
"https://www.sowerbysholidaycottages.co.uk/norfolk-holiday-cottages/violet/","4056","590","6.875","89.915","Easy","","","","","","","","","","en-GB","9be8469997db7b78f2b85ab55e81617","Indexable",""
"https://www.sowerbysholidaycottages.co.uk/inspiration/blog/","168","34","4.941","90.530","Very Easy","","","","","","","","","","en-GB","6730b7b6740c1f300418c80d1492fab","Indexable",""
"https://www.sowerbysholidaycottages.co.uk/inspiration/things-to-do-in-norfolk/","447","70","6.386","81.119","Easy","","","","","","","","","","en-GB","a3d42095634d8c49567c0d5d61bbe557","Indexable",""
"https://www.sowerbysholidaycottages.co.uk/terms-and-conditions/","2306","283","8.148","68.032","Normal","","","","","","","","","","en-GB","60c79f8d37084f751df6ed1b20e5dfe1","Indexable",""
"https://www.sowerbysholidaycottages.co.uk/request-your-free-homeowners-guide/","38","14","2.714","72.727","Fairly Easy","","","","","","","","","","en-GB","7c0c5c0ce0f29eb3871e56fa0ef65410","Indexable",""
"https://www.sowerbysholidaycottages.co.uk/about-sowerbys-holiday-cottages/","553","79","7.000","75.660","Fairly Easy","","","","","","","","","","en-GB","7f2aa61ecb695a5dab9d73fb038a8c10","Indexable",""
"https://www.sowerbysholidaycottages.co.uk/norfolk-holiday-cottages/beachside/","1773","260","6.819","95.082","Very Easy","","","","","","","","","","en-GB","4775c8a060b43db25a35858006d65081","Indexable",""
"https://www.sowerbysholidaycottages.co.uk/about-sowerbys-holiday-cottages/our-norfolk-estate-agents/","162","26","6.231","74.133","Fairly Easy","","","","","","","","","","en-GB","c2a5005babf13fe53cd3bc4365435df6","Indexable",""
"https://www.sowerbysholidaycottages.co.uk/inspiration/norfolk-events/","3007","412","7.299","78.421","Fairly Easy","","","","","","","","","","en-GB","d7a07c69844f504937278cacf7356568","Indexable",""
"https://www.sowerbysholidaycottages.co.uk/seasonal-guide-request/","68","15","4.533","81.554","Easy","","","","","","","","","","en-GB","6d9801ce47624b41ab12609b5d76fcfa","Indexable",""
"https://www.sowerbysholidaycottages.co.uk/norfolk-holiday-cottage-search/alphabetical-list/","2124","327","6.495","87.163","Easy","","","","","","","","","","en-GB","403bafa3ab24fb8685477acd756ed4c6","Indexable",""
"https://www.sowerbysholidaycottages.co.uk/inspiration/seasonal-guides/","73","14","5.214","74.063","Fairly Easy","","","","","","","","","","en-GB","d76ed3293753d6966e0e1f3da4814b4d","Indexable",""
"https://www.sowerbysholidaycottages.co.uk/norfolk-holiday-cottage-search/?start_date=&duration=&sleeps=10&dogs=&property=&bedrooms=&bathrooms=&village=","1708","575","2.970","100.000","Very Easy","","","","","","","","","","en-GB","e6bb3209ccba7ed0105060f7247e0d3","Non-Indexable","Canonicalised"
"https://www.sowerbysholidaycottages.co.uk/holiday-cottage-owner-information/","574","66","8.697","64.475","Normal","","","","","","","","","","en-GB","f4926ddccdf136e2d27c909d20a65d4f","Indexable",""
"https://www.sowerbysholidaycottages.co.uk/popular-norfolk-holiday-features/dogs-accepted/","12886","3664","3.517","100.000","Very Easy","","","","","","","","","","en-GB","397a259bffaa5cb3f1d654bb302e5bf7","Indexable",""
"https://www.sowerbysholidaycottages.co.uk/norfolk-holiday-cottages/aster-house/","3539","500","7.078","90.429","Very Easy","","","","","","","","","","en-GB","f2020d93f5b9d224efb58cdbf9588a92","Indexable",""
"https://www.sowerbysholidaycottages.co.uk/norfolk-holiday-cottages/3-the-old-school/","2283","330","6.918","93.980","Very Easy","","","","","","","","","","en-GB","f6e49396df2cfb30fa0c9bd005f531b8","Indexable",""
"https://www.sowerbysholidaycottages.co.uk/norfolk-holiday-cottages/channel-view-and-cottage/","2222","312","7.122","88.202","Easy","","","","","","","","","","en-GB","86ca07645979f57531eef6d0ff811ada","Indexable",""
"https://www.sowerbysholidaycottages.co.uk/norfolk-holiday-cottages/3-marshland-barns/","3908","571","6.844","88.640","Easy","","","","","","","","","","en-GB","1080cabf89bb8859dfff6f848536e6d5","Indexable",""
"https://www.sowerbysholidaycottages.co.uk/norfolk-holiday-cottage-search/","19438","6398","3.038","100.000","Very Easy","","","","","","","","","","en-GB","a964c7d420c76d523aa382a4a823c5d1","Indexable",""
"https://www.sowerbysholidaycottages.co.uk/norfolk-holiday-cottages/the-dairy-barn-2-bedrooms/","2322","342","6.789","89.767","Easy","","","","","","","","","","en-GB","b40b852a8863aff462a34db61638c092","Indexable",""
"https://www.sowerbysholidaycottages.co.uk/norfolk-holiday-cottages/pantiles/","3029","458","6.614","86.447","Easy","","","","","","","","","","en-GB","b8eae4928c4c28670c716192d5057aa6","Indexable",""
"https://www.sowerbysholidaycottages.co.uk/norfolk-holiday-cottages/crowberry-barn/","2910","414","7.029","90.506","Very Easy","","","","","","","","","","en-GB","3c53923e1e8219a5b10fc48b902af59f","Indexable",""
"https://www.sowerbysholidaycottages.co.uk/norfolk-holiday-cottages/close-cottage/","1870","275","6.800","93.120","Very Easy","","","","","","","","","","en-GB","1a0c1567847de6ff18cb5f8fa1f329a0","Indexable",""
"https://www.sowerbysholidaycottages.co.uk/norfolk-holiday-cottages/sunnyvale/","1864","280","6.657","88.564","Easy","","","","","","","","","","en-GB","1fbdee55d1751e12712cbeaceac06461","Indexable",""
"https://www.sowerbysholidaycottages.co.uk/norfolk-holiday-cottages/nelson-cottage/","3252","469","6.934","88.896","Easy","","","","","","","","","","en-GB","1c151d820647c3d129112c6f48b92083","Indexable",""
"https://www.sowerbysholidaycottages.co.uk/norfolk-holiday-cottages/sybil-cottage/","7619","1101","6.920","88.007","Easy","","","","","","","","","","en-GB","40490791f12e62c48db53ef58b1c7f49","Indexable",""
"https://www.sowerbysholidaycottages.co.uk/norfolk-holiday-cottages/the-old-forge/","3065","448","6.842","91.001","Very Easy","","","","","","","","","","en-GB","1f31c896f428dcc52bee945b44d1ffd4","Indexable",""
"https://www.sowerbysholidaycottages.co.uk/norfolk-holiday-cottages/slumber-barn-5-bedrooms/","3772","528","7.144","88.518","Easy","","","","","","","","","","en-GB","ae2f02bdd204c637efabaa258a6d695b","Indexable",""
"https://www.sowerbysholidaycottages.co.uk/norfolk-holiday-cottages/flagstaff-cottage/","2433","354","6.873","94.639","Very Easy","","","","","","","","","","en-GB","7da461526be0f0937f1798fc0f0c1bec","Indexable",""
"https://www.sowerbysholidaycottages.co.uk/norfolk-holiday-cottages/the-old-post-office/","4021","585","6.874","87.381","Easy","","","","","","","","","","en-GB","8ced0cc09676ca666476e55343d7771b","Indexable",""
"https://www.sowerbysholidaycottages.co.uk/norfolk-holiday-cottages/the-dairy-barn/","2246","333","6.745","92.111","Very Easy","","","","","","","","","","en-GB","57cb17b8a2b69c2f30868309504935cb","Indexable",""
"https://www.sowerbysholidaycottages.co.uk/norfolk-holiday-cottages/oak-tree-cottage/","3823","547","6.989","87.369","Easy","","","","","","","","","","en-GB","885f26414254b356dd02006e21b796f4","Indexable",""
"https://www.sowerbysholidaycottages.co.uk/norfolk-holiday-cottages/1-king-william-cottage/","5411","795","6.806","85.402","Easy","","","","","","","","","","en-GB","ff73c3c1393795c356e3bc9929042a3a","Indexable",""
"https://www.sowerbysholidaycottages.co.uk/norfolk-holiday-cottages/flagstaff-boathouse/","2090","310","6.742","94.384","Very Easy","","","","","","","","","","en-GB","70e8ff5639e8c34b400ec3e4c72d370c","Indexable",""
"https://www.sowerbysholidaycottages.co.uk/norfolk-holiday-cottages/1-crarves/","2724","418","6.517","85.930","Easy","","","","","","","","","","en-GB","15ae41a358d5608b949144a7204ef549","Indexable",""
"https://www.sowerbysholidaycottages.co.uk/map-search/?start_date=&duration=&sleeps=&dogs=&village=&bedrooms=&bathrooms=&property=&special_offer=yes","68","32","2.125","74.046","Fairly Easy","","","","","","","","","","en-GB","77fb1f41da54e3d2a12baa90e40d5f7d","Non-Indexable","noindex"
"https://www.sowerbysholidaycottages.co.uk/norfolk-holiday-cottages/the-paddock/","5369","770","6.973","87.709","Easy","","","","","","","","","","en-GB","540b7e13e6ffc1e270704cddaf2cc387","Indexable",""
"https://www.sowerbysholidaycottages.co.uk/norfolk-holiday-cottages/beehive-cottage/","2655","390","6.808","89.547","Easy","","","","","","","","","","en-GB","8f466fc36354edaf82a2331bc7f96a93","Indexable",""
"https://www.sowerbysholidaycottages.co.uk/norfolk-holiday-cottages/eider-cottage/","2844","421","6.755","87.773","Easy","","","","","","","","","","en-GB","af0e5f4c879d3a06e41f588aa2baf87b","Indexable",""
"https://www.sowerbysholidaycottages.co.uk/norfolk-holiday-cottages/mandalay/","3360","487","6.899","89.676","Easy","","","","","","","","","","en-GB","45750ebbfe62dfa94e744ddc3c6667d6","Indexable",""
"https://www.sowerbysholidaycottages.co.uk/norfolk-holiday-cottages/eton-house/","1840","272","6.765","92.150","Very Easy","","","","","","","","","","en-GB","68e740556d653001edd8a34be2a21d18","Indexable",""
"https://www.sowerbysholidaycottages.co.uk/norfolk-holiday-cottages/michaelmas/","3921","577","6.795","86.706","Easy","","","","","","","","","","en-GB","af6e3bbda884649fee2d86cee32cc277","Indexable",""
"https://www.sowerbysholidaycottages.co.uk/norfolk-holiday-cottages/flagstaff-east/","2083","299","6.967","96.441","Very Easy","","","","","","","","","","en-GB","11f8293157293c52474f16e7691df426","Indexable",""
"https://www.sowerbysholidaycottages.co.uk/norfolk-holiday-cottages/mill-view/","1995","301","6.628","93.838","Very Easy","","","","","","","","","","en-GB","e510628bc0f3347d79f54658edfec737","Indexable",""
"https://www.sowerbysholidaycottages.co.uk/norfolk-holiday-cottages/3-marshland-barns-2-bedrooms/","1666","254","6.559","90.594","Very Easy","","","","","","","","","","en-GB","83e5036422edbd118902c24cb332db92","Indexable",""
"https://www.sowerbysholidaycottages.co.uk/norfolk-holiday-cottages/2-railway-cottages/","2671","416","6.421","90.981","Very Easy","","","","","","","","","","en-GB","2f7470d5a00094bcd7e95926059bf9f1","Indexable",""
"https://www.sowerbysholidaycottages.co.uk/norfolk-holiday-cottages/channel-cottage/","4106","598","6.866","88.542","Easy","","","","","","","","","","en-GB","fa1eaabdde743b96eef6b15686962804","Indexable",""
"https://www.sowerbysholidaycottages.co.uk/norfolk-holiday-cottages/western-cottage/","2653","429","6.184","90.926","Very Easy","","","","","","","","","","en-GB","c47a7f41ebc55c7b8f870b2ccef581c6","Indexable",""
"https://www.sowerbysholidaycottages.co.uk/norfolk-holiday-cottages/hill-top-docking/","8557","1285","6.659","89.850","Easy","","","","","","","","","","en-GB","3832e2bc40656983f66d39389f145f7","Indexable",""
"https://www.sowerbysholidaycottages.co.uk/norfolk-holiday-cottages/eider-cottage-2-bedrooms/","2218","340","6.524","86.663","Easy","","","","","","","","","","en-GB","793372f6da7c57d04a50ae76e476892a","Indexable",""
"https://www.sowerbysholidaycottages.co.uk/norfolk-holiday-cottages/the-loft/","2626","394","6.665","91.018","Very Easy","","","","","","","","","","en-GB","d868497eee7cbbbc85286c91ddce25e7","Indexable",""
"https://www.sowerbysholidaycottages.co.uk/norfolk-holiday-cottages/4-hare-cottage/","3205","471","6.805","90.173","Very Easy","","","","","","","","","","en-GB","5a1caace41c22b8055ed6f421846b3a6","Indexable",""
"https://www.sowerbysholidaycottages.co.uk/norfolk-holiday-cottages/bridge-farm-barn/","3822","555","6.886","88.329","Easy","","","","","","","","","","en-GB","ed5a4514a7660fcac3056da373d36f4a","Indexable",""
"https://www.sowerbysholidaycottages.co.uk/norfolk-holiday-cottages/channel-view/","3424","513","6.674","88.553","Easy","","","","","","","","","","en-GB","dfa1d323fbc85da5b3c80979c431893d","Indexable",""
"https://www.sowerbysholidaycottages.co.uk/norfolk-holiday-cottages/the-dairy-barn-3-bedrooms/","1938","283","6.848","89.529","Easy","","","","","","","","","","en-GB","7c8fab49c72283fa219f58a7de129c13","Indexable",""
"https://www.sowerbysholidaycottages.co.uk/norfolk-holiday-cottages/flagstaff-west/","2097","302","6.944","95.379","Very Easy","","","","","","","","","","en-GB","24480e304cf660b680c82762f9a20fd5","Indexable",""
"https://www.sowerbysholidaycottages.co.uk/norfolk-holiday-cottages/flagstaff-garden-house/","2473","350","7.066","89.680","Easy","","","","","","","","","","en-GB","7e140d82df285710abbaae901ab3ef94","Indexable",""
"https://www.sowerbysholidaycottages.co.uk/norfolk-holiday-cottages/eton-house-2-bedrooms/","1769","261","6.778","87.809","Easy","","","","","","","","","","en-GB","a60bd951e2a311e92f56b59405ff14a5","Indexable",""
"https://www.sowerbysholidaycottages.co.uk/popular-norfolk-holiday-villages/harpley/","220","34","6.471","69.906","Normal","","","","","","","","","","en-GB","f3d817b90779f28a1acd25eaddcaa9b3","Indexable",""
"https://www.sowerbysholidaycottages.co.uk/norfolk-holiday-cottages/avocet-cottage/","3534","541","6.532","89.775","Easy","","","","","","","","","","en-GB","422710faddf8f9e0e76b79541f625472","Indexable",""
"https://www.sowerbysholidaycottages.co.uk/popular-norfolk-holiday-villages/egmere/","301","44","6.841","81.845","Easy","","","","","","","","","","en-GB","ec064b83f4e661238a9c259bbd86040b","Indexable",""
"https://www.sowerbysholidaycottages.co.uk/popular-norfolk-holiday-villages/north-creake/","349","46","7.587","82.779","Easy","","","","","","","","","","en-GB","9fe8258b236868c9fedd1eefb8e14068","Indexable",""
"https://www.sowerbysholidaycottages.co.uk/popular-norfolk-holiday-villages/sedgeford/","260","37","7.027","67.922","Normal","","","","","","","","","","en-GB","b6ae1905d918bd6daee446089d064469","Indexable",""
"https://www.sowerbysholidaycottages.co.uk/popular-norfolk-holiday-villages/wighton/","209","31","6.742","72.890","Fairly Easy","","","","","","","","","","en-GB","cbc38d587349a328a82ef1e8ff0bdd","Indexable",""
"https://www.sowerbysholidaycottages.co.uk/popular-norfolk-holiday-villages/burnham-market/","466","59","7.898","80.269","Easy","","","","","","","","","","en-GB","ac74f46134854af58c6f35fa58d1be5f","Indexable",""
"https://www.sowerbysholidaycottages.co.uk/popular-norfolk-holiday-villages/walsingham/","239","39","6.128","73.892","Fairly Easy","","","","","","","","","","en-GB","4148dd5052bd60c207001a0352c2aae","Indexable",""
"https://www.sowerbysholidaycottages.co.uk/popular-norfolk-holiday-villages/burnham-overy-town/","339","50","6.780","75.424","Fairly Easy","","","","","","","","","","en-GB","73fd1a824884a6cc8aa29af581662964","Indexable",""
"https://www.sowerbysholidaycottages.co.uk/popular-norfolk-holiday-villages/burnham-overy-staithe/","590","71","8.310","80.247","Easy","","","","","","","","","","en-GB","fe248d967cbac2bf4a2a34e063c5bb7e","Indexable",""
"https://www.sowerbysholidaycottages.co.uk/popular-norfolk-holiday-villages/heacham/","428","57","7.509","79.232","Fairly Easy","","","","","","","","","","en-GB","ac426c744cb9f8a747f853dbdd0b4970","Indexable",""
"https://www.sowerbysholidaycottages.co.uk/popular-norfolk-holiday-villages/ringstead/","382","53","7.208","74.391","Fairly Easy","","","","","","","","","","en-GB","2ed3a1cb39f598f905ad6c49a8c7101f","Indexable",""
"https://www.sowerbysholidaycottages.co.uk/popular-norfolk-holiday-villages/great-snoring/","282","40","7.050","83.579","Easy","","","","","","","","","","en-GB","1bc753e6157dfc914746d421fefbf2d2","Indexable",""
"https://www.sowerbysholidaycottages.co.uk/popular-norfolk-holiday-villages/hunstanton/","334","49","6.816","72.510","Fairly Easy","","","","","","","","","","en-GB","ebf370b83d6a43b33d33f8637f8a40ac","Indexable",""
"https://www.sowerbysholidaycottages.co.uk/popular-norfolk-holiday-villages/brancaster/","498","67","7.433","75.958","Fairly Easy","","","","","","","","","","en-GB","39bdc847cf6a27179c79ab946d188443","Indexable",""
"https://www.sowerbysholidaycottages.co.uk/popular-norfolk-holiday-villages/brancaster-staithe/","329","46","7.152","76.661","Fairly Easy","","","","","","","","","","en-GB","6fc5c925469a13fbf728d8b8defba282","Indexable",""
"https://www.sowerbysholidaycottages.co.uk/popular-norfolk-holiday-villages/old-hunstanton/","281","43","6.535","72.850","Fairly Easy","","","","","","","","","","en-GB","eb702526e4359b414ee29a3531986a4c","Indexable",""
"https://www.sowerbysholidaycottages.co.uk/popular-norfolk-holiday-villages/thornham/","478","65","7.354","76.011","Fairly Easy","","","","","","","","","","en-GB","e69cc1aa55ea735df14b165dc2ae2dda","Indexable",""
"https://www.sowerbysholidaycottages.co.uk/popular-norfolk-holiday-villages/burnham-deepdale/","331","44","7.523","71.660","Fairly Easy","","","","","","","","","","en-GB","512e4a1eb452d1450796f4f43c224d28","Indexable",""
"https://www.sowerbysholidaycottages.co.uk/popular-norfolk-holiday-villages/blakeney/","228","31","7.355","74.325","Fairly Easy","","","","","","","","","","en-GB","447e0374ed4505a7fbbc065f73ee906a","Indexable",""
"https://www.sowerbysholidaycottages.co.uk/popular-norfolk-holiday-villages/wells-next-the-sea/","587","75","7.827","79.269","Fairly Easy","","","","","","","","","","en-GB","8d7d245d5a38b71dbd8cc80bd62f3d1c","Indexable",""
"https://www.sowerbysholidaycottages.co.uk/popular-norfolk-holiday-villages/warham/","240","38","6.316","76.697","Fairly Easy","","","","","","","","","","en-GB","747bbcdfbbc853c15c4f20ff9cf9a62","Indexable",""
"https://www.sowerbysholidaycottages.co.uk/popular-norfolk-holiday-villages/titchwell/","408","54","7.556","80.768","Easy","","","","","","","","","","en-GB","b874f1129c12c9f6835f44a25bd4ad4d","Indexable",""
"https://www.sowerbysholidaycottages.co.uk/popular-norfolk-holiday-villages/burnham-norton/","400","56","7.143","77.127","Fairly Easy","","","","","","","","","","en-GB","27ae350160039c805a8868b720d3fcc2","Indexable",""
"https://www.sowerbysholidaycottages.co.uk/popular-norfolk-holiday-villages/houghton-estate/","36","11","3.273","57.813","Fairly Hard","","","","","","","","","","en-GB","6baf8b2f282a2d4ef345b603f3e1f291","Indexable",""
"https://www.sowerbysholidaycottages.co.uk/popular-norfolk-holiday-villages/stanhoe/","270","39","6.923","72.281","Fairly Easy","","","","","","","","","","en-GB","579c961aff33641bde15822c22fb74e6","Indexable",""
"https://www.sowerbysholidaycottages.co.uk/popular-norfolk-holiday-villages/holme-next-the-sea/","282","43","6.558","75.078","Fairly Easy","","","","","","","","","","en-GB","eeef3d02da7839f0469b22864ceceb94","Indexable",""
"https://www.sowerbysholidaycottages.co.uk/popular-norfolk-holiday-villages/docking/","255","39","6.538","79.768","Fairly Easy","","","","","","","","","","en-GB","9b0a76a61e6047146184c06584544be0","Indexable",""
"https://www.sowerbysholidaycottages.co.uk/popular-norfolk-holiday-villages/fring/","223","35","6.371","77.072","Fairly Easy","","","","","","","","","","en-GB","dce0b60ae91e272a1d5dbfdf0c2c20f6","Indexable",""
"https://www.sowerbysholidaycottages.co.uk/popular-norfolk-holiday-villages/stiffkey/","464","64","7.250","84.245","Easy","","","","","","","","","","en-GB","efad2dfd7d79090a131fa62a31a1a8f2","Indexable",""
"https://www.sowerbysholidaycottages.co.uk/popular-norfolk-holiday-villages/binham/","319","45","7.089","77.911","Fairly Easy","","","","","","","","","","en-GB","5731aaab7750e5ce5f7e8a7123d37db2","Indexable",""
"https://www.sowerbysholidaycottages.co.uk/popular-norfolk-holiday-villages/south-creake/","310","43","7.209","81.896","Easy","","","","","","","","","","en-GB","efd1afec5a710932e348ab634a5908cf","Indexable",""
"https://www.sowerbysholidaycottages.co.uk/norfolk-holiday-cottages/high-barn/","2052","294","6.980","89.795","Easy","","","","","","","","","","en-GB","c9deb6c0e2c14f27cb9c101b456c55f","Indexable",""
"https://www.sowerbysholidaycottages.co.uk/norfolk-holiday-cottages/sanderling/","2644","366","7.224","89.113","Easy","","","","","","","","","","en-GB","d369af23fca67202ff0b1eee7e4c2b0e","Indexable",""
"https://www.sowerbysholidaycottages.co.uk/norfolk-holiday-cottages/the-gables/","2314","350","6.611","88.689","Easy","","","","","","","","","","en-GB","70cdba6da4dc2117de523a21ca6e3148","Indexable",""
"https://www.sowerbysholidaycottages.co.uk/norfolk-holiday-cottages/orchard-house-3-bedrooms/","2124","303","7.010","86.721","Easy","","","","","","","","","","en-GB","e425ca0230bb8f5329c78062f0fed070","Indexable",""
"https://www.sowerbysholidaycottages.co.uk/norfolk-holiday-cottages/heron-cottage/","2458","356","6.904","90.583","Very Easy","","","","","","","","","","en-GB","f72340059cc5f5ec0af3344ebec5d455","Indexable",""
"https://www.sowerbysholidaycottages.co.uk/norfolk-holiday-cottages/washington-beach-house/","3062","432","7.088","88.931","Easy","","","","","","","","","","en-GB","754c3fd6e2d679542c6215da9e6e0bce","Indexable",""
"https://www.sowerbysholidaycottages.co.uk/norfolk-holiday-cottages/sea-lavender-house/","4033","603","6.688","87.065","Easy","","","","","","","","","","en-GB","e055e6ff7b69de70b57b690bcb46e92a","Indexable",""
"https://www.sowerbysholidaycottages.co.uk/norfolk-holiday-cottages/old-mill-cottage/","2742","389","7.049","90.583","Very Easy","","","","","","","","","","en-GB","50e197d61115e67dc8b4b5fad9d9cf3c","Indexable",""
"https://www.sowerbysholidaycottages.co.uk/norfolk-holiday-cottages/marshview-cottage/","3532","500","7.064","86.370","Easy","","","","","","","","","","en-GB","7ca87371f82ad576083690dddfa02276","Indexable",""
"https://www.sowerbysholidaycottages.co.uk/norfolk-holiday-cottages/cherry-house/","3186","464","6.866","87.889","Easy","","","","","","","","","","en-GB","5cdaba65fcc2b03eef079889c68c9d9c","Indexable",""
"https://www.sowerbysholidaycottages.co.uk/norfolk-holiday-cottages/washington-beach-house-with-lodge/","2222","331","6.713","89.645","Easy","","","","","","","","","","en-GB","25bfa66ac9e917a8423f8e4aed341370","Indexable",""
"https://www.sowerbysholidaycottages.co.uk/norfolk-holiday-cottages/the-meadows/","3759","560","6.713","87.154","Easy","","","","","","","","","","en-GB","5930ad3fd02caf0ce19a433a62370f","Indexable",""
"https://www.sowerbysholidaycottages.co.uk/norfolk-holiday-cottages/hillcrest-barn/","1569","248","6.327","78.932","Fairly Easy","","","","","","","","","","en-GB","98386ec3072c0572d6e6cd117d4f94b8","Indexable",""
"https://www.sowerbysholidaycottages.co.uk/norfolk-holiday-cottages/the-cartshed-6-marshland-barns/","2440","378","6.455","90.303","Very Easy","","","","","","","","","","en-GB","aaa4c2182b85e4ff3d1c94c0f7e7ffef","Indexable",""
"https://www.sowerbysholidaycottages.co.uk/norfolk-holiday-cottages/old-mill-and-cottage/","2175","326","6.672","90.180","Very Easy","","","","","","","","","","en-GB","84e1bec1ce4c9377e4259adc3152c081","Indexable",""
"https://www.sowerbysholidaycottages.co.uk/norfolk-holiday-cottages/burnham-loft/","3063","435","7.041","88.159","Easy","","","","","","","","","","en-GB","c9a49a92c7afcdf4e66d3480ff2556a6","Indexable",""
"https://www.sowerbysholidaycottages.co.uk/norfolk-holiday-cottages/violets-cottage/","5236","780","6.713","83.979","Easy","","","","","","","","","","en-GB","e4de745af24b717f508082c950d1a2cf","Indexable",""
"https://www.sowerbysholidaycottages.co.uk/norfolk-holiday-cottages/easterly/","2570","385","6.675","89.026","Easy","","","","","","","","","","en-GB","5254300010e6acae4cecaab9c22426d9","Indexable",""
"https://www.sowerbysholidaycottages.co.uk/norfolk-holiday-cottages/fayette/","1465","215","6.814","94.530","Very Easy","","","","","","","","","","en-GB","1e0ef512e5679874e70f876bd3f40f05","Indexable",""
"https://www.sowerbysholidaycottages.co.uk/norfolk-holiday-cottages/1-manor-farm-barns/","4005","559","7.165","85.876","Easy","","","","","","","","","","en-GB","36aa71044c718bab861e08cd4c710476","Indexable",""
"https://www.sowerbysholidaycottages.co.uk/norfolk-holiday-cottages/school-pastures-2-bedrooms/","2422","345","7.020","84.266","Easy","","","","","","","","","","en-GB","12cb8a6394c035a811755ffb8d30637c","Indexable",""
"https://www.sowerbysholidaycottages.co.uk/norfolk-holiday-cottages/lark-house/","3761","541","6.952","88.546","Easy","","","","","","","","","","en-GB","1c6975e7464f51b61289783a28c53782","Indexable",""
"https://www.sowerbysholidaycottages.co.uk/norfolk-holiday-cottages/washmeres-2-bedrooms/","1459","241","6.054","92.664","Very Easy","","","","","","","","","","en-GB","fd10a6e169b8a2cf6bf1e0eb2e286061","Indexable",""
"https://www.sowerbysholidaycottages.co.uk/norfolk-holiday-cottages/mallards/","3804","570","6.674","87.662","Easy","","","","","","","","","","en-GB","5c01790a2e35dec6c651abb263481622","Indexable",""
"https://www.sowerbysholidaycottages.co.uk/norfolk-holiday-cottages/1-manor-farm-barns-3-bedrooms/","2349","331","7.097","84.455","Easy","","","","","","","","","","en-GB","eb611a8b4f6fe045be757d4ad05246ed","Indexable",""
"https://www.sowerbysholidaycottages.co.uk/norfolk-holiday-cottages/tarnside/","3064","439","6.979","85.662","Easy","","","","","","","","","","en-GB","90593ecf27df6f79748e362689f1537c","Indexable",""
"https://www.sowerbysholidaycottages.co.uk/norfolk-holiday-cottages/aspall-escape/","2696","388","6.948","87.474","Easy","","","","","","","","","","en-GB","6176ff55d9a433263a257292ca406e81","Indexable",""
"https://www.sowerbysholidaycottages.co.uk/norfolk-holiday-cottages/hope-cottage/","1701","259","6.568","86.673","Easy","","","","","","","","","","en-GB","a25f4db074d9b3dc5be4fbd1f840d7f","Indexable",""
"https://www.sowerbysholidaycottages.co.uk/norfolk-holiday-cottages/old-mill/","2077","309","6.722","92.603","Very Easy","","","","","","","","","","en-GB","b3efd6355036975c9461d2f463f1d2d2","Indexable",""
"https://www.sowerbysholidaycottages.co.uk/norfolk-holiday-cottages/scotts-cottage-4-bedrooms/","2293","336","6.824","88.965","Easy","","","","","","","","","","en-GB","a047383c48cb2b349f35d15c44d1ef5e","Indexable",""
"https://www.sowerbysholidaycottages.co.uk/norfolk-holiday-cottages/amber-cottage/","1703","250","6.812","94.357","Very Easy","","","","","","","","","","en-GB","d3f1463dbf4d27805dc12a373b761c06","Indexable",""
"https://www.sowerbysholidaycottages.co.uk/norfolk-holiday-cottages/mallards-2-bedrooms/","3449","525","6.570","86.795","Easy","","","","","","","","","","en-GB","f7603660e92f842f591d291104991f91","Indexable",""
"https://www.sowerbysholidaycottages.co.uk/norfolk-holiday-cottages/cockleshed-house/","1753","268","6.541","92.962","Very Easy","","","","","","","","","","en-GB","fbfebb2486ba9767e533226e1860b6fe","Indexable",""
"https://www.sowerbysholidaycottages.co.uk/norfolk-holiday-cottages/salt-marsh/","4171","590","7.069","89.199","Easy","","","","","","","","","","en-GB","2fe6051025c73c6f1785e1103cd6ff83","Indexable",""
"https://www.sowerbysholidaycottages.co.uk/norfolk-holiday-cottages/louisa-barn/","2312","331","6.985","89.860","Easy","","","","","","","","","","en-GB","dadd9252c3662213c51439e7035c3c24","Indexable",""
"https://www.sowerbysholidaycottages.co.uk/norfolk-holiday-cottages/olives-cottage/","3891","566","6.875","85.622","Easy","","","","","","","","","","en-GB","e80786b4662b95b45802381b7ea99906","Indexable",""
"https://www.sowerbysholidaycottages.co.uk/norfolk-holiday-cottages/the-cartshed-6-marshland-barns-2-bedrooms/","1721","263","6.544","90.277","Very Easy","","","","","","","","","","en-GB","3abdee95ec88c485607e6b0ed0b3826b","Indexable",""
"https://www.sowerbysholidaycottages.co.uk/norfolk-holiday-cottages/basils-barn/","2785","377","7.387","89.402","Easy","","","","","","","","","","en-GB","b2747fb2a703a9fa84f27bbf7fcc20f3","Indexable",""
"https://www.sowerbysholidaycottages.co.uk/norfolk-holiday-cottages/school-pastures-6-bedrooms/","2714","393","6.906","86.953","Easy","","","","","","","","","","en-GB","fe1ce4c6e28aed07a59118ab8b4f237f","Indexable",""
"https://www.sowerbysholidaycottages.co.uk/norfolk-holiday-cottages/bell-view-cottage/","2311","333","6.940","89.053","Easy","","","","","","","","","","en-GB","d2ea00eee955948b2062e32910ecfa4f","Indexable",""
"https://www.sowerbysholidaycottages.co.uk/norfolk-holiday-cottages/greystones/","6137","912","6.729","88.992","Easy","","","","","","","","","","en-GB","2e8821d745a6308fa2f1166aaec8128f","Indexable",""
"https://www.sowerbysholidaycottages.co.uk/norfolk-holiday-cottages/1-manor-farm-barns-2-bedrooms/","2277","322","7.071","84.368","Easy","","","","","","","","","","en-GB","55b725a787c688aa39c8d747c03f199d","Indexable",""
"https://www.sowerbysholidaycottages.co.uk/norfolk-holiday-cottages/orchard-house-5-bedrooms/","2759","409","6.746","90.581","Very Easy","","","","","","","","","","en-GB","b83b6d5aa49beeac23e727fdd05a5cfb","Indexable",""
"https://www.sowerbysholidaycottages.co.uk/norfolk-holiday-cottages/the-old-smithy/","1623","234","6.936","85.483","Easy","","","","","","","","","","en-GB","6d0cf5c784d8795fa9c4e1165407114f","Indexable",""
"https://www.sowerbysholidaycottages.co.uk/norfolk-holiday-cottages/the-lamp-house/","3635","515","7.058","90.028","Very Easy","","","","","","","","","","en-GB","1ae8ace7994332030485ab1eb0d59cc2","Indexable",""
"https://www.sowerbysholidaycottages.co.uk/norfolk-holiday-cottages/beacon-hill-barn/","3230","460","7.022","77.392","Fairly Easy","","","","","","","","","","en-GB","1a57d7d3d6928788758463b44af0c04d","Indexable",""
"https://www.sowerbysholidaycottages.co.uk/norfolk-holiday-cottages/seaborne-penthouse/","2773","406","6.830","87.936","Easy","","","","","","","","","","en-GB","90d240d36e5ce72567b29637b3761b18","Indexable",""
"https://www.sowerbysholidaycottages.co.uk/norfolk-holiday-cottages/oystercatchers/","4821","688","7.007","82.658","Easy","","","","","","","","","","en-GB","34e04fbf5544535615b0c15b4511094f","Indexable",""
"https://www.sowerbysholidaycottages.co.uk/norfolk-holiday-cottages/the-saltings/","5372","808","6.649","86.730","Easy","","","","","","","","","","en-GB","218675cccc7792e416b5bbcfbdd0f33b","Indexable",""
"https://www.sowerbysholidaycottages.co.uk/norfolk-holiday-cottages/sail-away/","5436","811","6.703","88.103","Easy","","","","","","","","","","en-GB","78b2fe9d71568ee6dc843f6962e73b7b","Indexable",""
"https://www.sowerbysholidaycottages.co.uk/norfolk-holiday-cottages/peewits-penthouse/","4101","604","6.790","88.051","Easy","","","","","","","","","","en-GB","8ce5337981264f825a46d6fd811772c6","Indexable",""
"https://www.sowerbysholidaycottages.co.uk/norfolk-holiday-cottages/heronsway/","4631","698","6.635","85.285","Easy","","","","","","","","","","en-GB","aeb97a786b293af4b0cc424b761774e8","Indexable",""
"https://www.sowerbysholidaycottages.co.uk/norfolk-holiday-cottages/slumber-barn-3-bedrooms/","2813","392","7.176","85.147","Easy","","","","","","","","","","en-GB","48fae8cd0ccf9493494d997e3e4a7be7","Indexable",""
"https://www.sowerbysholidaycottages.co.uk/norfolk-holiday-cottages/blackbird-barn/","2243","329","6.818","89.554","Easy","","","","","","","","","","en-GB","389729745bbfbfaedc485e1320652fa3","Indexable",""
"https://www.sowerbysholidaycottages.co.uk/norfolk-holiday-cottages/driftwood/","2386","352","6.778","88.443","Easy","","","","","","","","","","en-GB","977bc3eff40e66f84da2827ad8a53d61","Indexable",""
"https://www.sowerbysholidaycottages.co.uk/norfolk-holiday-cottages/scotts-cottage-6-bedrooms/","2911","434","6.707","90.288","Very Easy","","","","","","","","","","en-GB","4f9a74047939dbc071da38cbb456f0d4","Indexable",""
"https://www.sowerbysholidaycottages.co.uk/norfolk-holiday-cottages/cobblestone-cottage/","2578","379","6.802","88.323","Easy","","","","","","","","","","en-GB","5ead33ac9dbeb27d2b982c73f9af4aa0","Indexable",""
"https://www.sowerbysholidaycottages.co.uk/norfolk-holiday-cottages/allerdale-house/","3720","551","6.751","87.614","Easy","","","","","","","","","","en-GB","7088259811b2e18be1ef7cd0f87e91f6","Indexable",""
"https://www.sowerbysholidaycottages.co.uk/norfolk-holiday-cottages/school-pastures-4-bedrooms/","2123","317","6.697","84.793","Easy","","","","","","","","","","en-GB","c52a49cc5925d1f844e66615e0bc17cf","Indexable",""
"https://www.sowerbysholidaycottages.co.uk/norfolk-holiday-cottages/spring-cottage/","7055","1057","6.675","86.033","Easy","","","","","","","","","","en-GB","6758594bb31e0b148b9db98d4c6e6a55","Indexable",""
"https://www.sowerbysholidaycottages.co.uk/norfolk-holiday-cottages/stearmans-cottage/","2413","349","6.914","88.572","Easy","","","","","","","","","","en-GB","bbd3bca57cad79b053b475757796616e","Indexable",""
"https://www.sowerbysholidaycottages.co.uk/norfolk-holiday-cottages/tides/","4677","652","7.173","90.209","Very Easy","","","","","","","","","","en-GB","6b3387ca6e255484ad95d1df12ceb83c","Indexable",""
"https://www.sowerbysholidaycottages.co.uk/norfolk-holiday-cottages/chase-cottage-2-bedrooms/","1681","254","6.618","91.914","Very Easy","","","","","","","","","","en-GB","52b303ff0e8e8b4cb0d180995208d397","Indexable",""
"https://www.sowerbysholidaycottages.co.uk/norfolk-holiday-cottages/market-lane-house-3-bedrooms/","1825","278","6.565","88.222","Easy","","","","","","","","","","en-GB","89564f933385fa12e9e7bf52c608956b","Indexable",""
"https://www.sowerbysholidaycottages.co.uk/norfolk-holiday-cottages/chapel-cottages-godwit/","1548","229","6.760","94.333","Very Easy","","","","","","","","","","en-GB","ff2d3102245ba3d381544bbbfca59d2e","Indexable",""
"https://www.sowerbysholidaycottages.co.uk/norfolk-holiday-cottages/badgets-2-bedrooms/","1740","266","6.541","87.007","Easy","","","","","","","","","","en-GB","69cf6809ad095f3d42d694a724d00005","Indexable",""
"https://www.sowerbysholidaycottages.co.uk/norfolk-holiday-cottages/the-pilchard/","1823","257","7.093","94.245","Very Easy","","","","","","","","","","en-GB","e586a6771e1c5811ffb653ccb2cb902c","Indexable",""
"https://www.sowerbysholidaycottages.co.uk/map-search/?start_date=&duration=&sleeps=&dogs=&property=&bedrooms=&bathrooms=&village=&new=yes","68","32","2.125","74.046","Fairly Easy","","","","","","","","","","en-GB","38a4e389503965b8ea3c6164b174b7d4","Non-Indexable","noindex"
"https://www.sowerbysholidaycottages.co.uk/norfolk-holiday-cottages/6-monteagle/","1790","248","7.218","94.822","Very Easy","","","","","","","","","","en-GB","c6d7d77117b84c1018b858236921b8f","Indexable",""
"https://www.sowerbysholidaycottages.co.uk/norfolk-holiday-cottages/badgets-3-bedrooms/","1596","246","6.488","88.086","Easy","","","","","","","","","","en-GB","9e516cf58039e187cdac106a96d4015d","Indexable",""
"https://www.sowerbysholidaycottages.co.uk/norfolk-holiday-cottages/chapel-cottages-bittern/","1592","236","6.746","94.238","Very Easy","","","","","","","","","","en-GB","1f00726c46dbc3197d15a3e5c2a12979","Indexable",""
"https://www.sowerbysholidaycottages.co.uk/norfolk-holiday-cottages/boathouse-bliss/","2189","303","7.224","95.501","Very Easy","","","","","","","","","","en-GB","afe65701296614722075c710b756444","Indexable",""
"https://www.sowerbysholidaycottages.co.uk/norfolk-holiday-cottages/chapel-cottages-avocet/","1888","268","7.045","91.604","Very Easy","","","","","","","","","","en-GB","5f8bf9bdc03150dc48c4ef86d035e44b","Indexable",""
"https://www.sowerbysholidaycottages.co.uk/norfolk-holiday-cottages/harts-house/","1947","289","6.737","97.104","Very Easy","","","","","","","","","","en-GB","482a6d8de57ca23387b4fb18048eeb79","Indexable",""
"https://www.sowerbysholidaycottages.co.uk/norfolk-holiday-cottages/sea-wood/","3611","512","7.053","91.203","Very Easy","","","","","","","","","","en-GB","178624c5ea412f4020b4eef3fdf44034","Indexable",""
"https://www.sowerbysholidaycottages.co.uk/norfolk-holiday-cottages/chase-cottage/","1866","272","6.860","95.187","Very Easy","","","","","","","","","","en-GB","f137555fa560f651c578c31540186233","Indexable",""
"https://www.sowerbysholidaycottages.co.uk/norfolk-holiday-cottages/east-fleet/","1882","270","6.970","87.335","Easy","","","","","","","","","","en-GB","5c012344898bbb44aa0544cd23f02b62","Indexable",""
"https://www.sowerbysholidaycottages.co.uk/norfolk-holiday-cottages/1-knights-cottages/","3593","523","6.870","86.795","Easy","","","","","","","","","","en-GB","5f1febd603a12f4633a51bbdce1c80c8","Indexable",""
"https://www.sowerbysholidaycottages.co.uk/norfolk-holiday-cottages/gillies/","2036","306","6.654","87.600","Easy","","","","","","","","","","en-GB","8b3c9df9078868f0b3cd2e18ce5e0d2f","Indexable",""
"https://www.sowerbysholidaycottages.co.uk/norfolk-holiday-cottages/neptune/","2147","301","7.133","93.599","Very Easy","","","","","","","","","","en-GB","5443ac23ec0f2f9d727fc02f148b1d5d","Indexable",""
"https://www.sowerbysholidaycottages.co.uk/norfolk-holiday-cottages/island-house/","1537","226","6.801","90.838","Very Easy","","","","","","","","","","en-GB","9960a18784c271eb65f881e3030488c5","Indexable",""
"https://www.sowerbysholidaycottages.co.uk/norfolk-holiday-cottages/sea-wood-3-bedrooms/","2761","412","6.701","90.491","Very Easy","","","","","","","","","","en-GB","237045219486ab082835ff1ff1b86e3f","Indexable",""
"https://www.sowerbysholidaycottages.co.uk/norfolk-holiday-cottages/harbour-view/","5065","744","6.808","88.066","Easy","","","","","","","","","","en-GB","3e9ac80cc04b2f95ab9fcf7d83d8706c","Indexable",""
"https://www.sowerbysholidaycottages.co.uk/norfolk-holiday-cottages/longview-cottage/","2599","365","7.121","92.515","Very Easy","","","","","","","","","","en-GB","196f90d4119933b605aea729f332f91","Indexable",""
"https://www.sowerbysholidaycottages.co.uk/norfolk-holiday-cottages/5-pauls-maltings/","3354","472","7.106","91.918","Very Easy","","","","","","","","","","en-GB","d5fb5e3a43ce5595dc2fd1db6e3dbcf0","Indexable",""
"https://www.sowerbysholidaycottages.co.uk/norfolk-holiday-cottages/sunnydene/","3486","498","7.000","90.036","Very Easy","","","","","","","","","","en-GB","286f609d391d20c937bd8fe71e615132","Indexable",""
"https://www.sowerbysholidaycottages.co.uk/norfolk-holiday-cottages/staithe-barn/","3170","445","7.124","90.959","Very Easy","","","","","","","","","","en-GB","32ac49e407a78ad32ecb02a632c02765","Indexable",""
"https://www.sowerbysholidaycottages.co.uk/norfolk-holiday-cottages/the-cottage-overy-staithe/","3074","433","7.099","92.077","Very Easy","","","","","","","","","","en-GB","77d65de96675beca49df3b2b8614dc95","Indexable",""
"https://www.sowerbysholidaycottages.co.uk/norfolk-holiday-cottages/ongar-lodge/","2027","317","6.394","96.337","Very Easy","","","","","","","","","","en-GB","79d41f91294660d8d015317522bb9eb7","Indexable",""
"https://www.sowerbysholidaycottages.co.uk/norfolk-holiday-cottages/sea-breeze/","2115","334","6.332","92.848","Very Easy","","","","","","","","","","en-GB","63657411eb46493408521ad2dc875f9d","Indexable",""
"https://www.sowerbysholidaycottages.co.uk/norfolk-holiday-cottages/pear-tree-cottage/","1732","257","6.739","92.828","Very Easy","","","","","","","","","","en-GB","8dee50f23d89c2198fc6cb4da4ad9ea0","Indexable",""
"https://www.sowerbysholidaycottages.co.uk/norfolk-holiday-cottages/cobblestones/","2535","366","6.926","90.809","Very Easy","","","","","","","","","","en-GB","1bc8c7170a042a3ff6fb77dd21350636","Indexable",""
"https://www.sowerbysholidaycottages.co.uk/norfolk-holiday-cottages/falgate/","3541","486","7.286","87.556","Easy","","","","","","","","","","en-GB","b29d3a961ac73a7d2f4e09366f4de1af","Indexable",""
"https://www.sowerbysholidaycottages.co.uk/norfolk-holiday-cottages/2-pauls-maltings/","2378","347","6.853","92.368","Very Easy","","","","","","","","","","en-GB","fe83c9a3af65af81b1e0438505ca5b31","Indexable",""
"https://www.sowerbysholidaycottages.co.uk/norfolk-holiday-cottages/foam-crest/","4481","663","6.759","89.887","Easy","","","","","","","","","","en-GB","bc7a6bb4020493f95ff436bd55a1f03a","Indexable",""
"https://www.sowerbysholidaycottages.co.uk/norfolk-holiday-cottages/beachcomber/","4503","670","6.721","88.867","Easy","","","","","","","","","","en-GB","62f6d4b98b5c44513331a790363811be","Indexable",""
"https://www.sowerbysholidaycottages.co.uk/norfolk-holiday-cottages/green-tiles/","2143","311","6.891","92.778","Very Easy","","","","","","","","","","en-GB","2e3da3aef8bcdfc77123f7beb6cf9c18","Indexable",""
"https://www.sowerbysholidaycottages.co.uk/norfolk-holiday-cottages/4-pauls-maltings/","4465","652","6.848","89.440","Easy","","","","","","","","","","en-GB","366e04cc9b9cf145ca40ff6f4ed9b9b5","Indexable",""
"https://www.sowerbysholidaycottages.co.uk/norfolk-holiday-cottages/6-the-granary/","5962","829","7.192","90.699","Very Easy","","","","","","","","","","en-GB","d116f484b458568880301beddc9286b4","Indexable",""
"https://www.sowerbysholidaycottages.co.uk/norfolk-holiday-cottages/mow-creek-cottage/","2186","316","6.918","93.502","Very Easy","","","","","","","","","","en-GB","ca811c320c38f900dcb8379fcd0cef21","Indexable",""
"https://www.sowerbysholidaycottages.co.uk/norfolk-holiday-cottages/cockle-beach/","5552","834","6.657","90.138","Very Easy","","","","","","","","","","en-GB","ae8cc196b40525b3934dc6117944519f","Indexable",""
"https://www.sowerbysholidaycottages.co.uk/norfolk-holiday-cottages/2-knights-cottages/","2695","388","6.946","88.345","Easy","","","","","","","","","","en-GB","bd9fb6502a3d2558440da98bf79ea94a","Indexable",""
"https://www.sowerbysholidaycottages.co.uk/norfolk-holiday-cottages/2-dormy-house/","2130","308","6.916","90.312","Very Easy","","","","","","","","","","en-GB","995edb019ad1cbd2785448103dd848c1","Indexable",""
"https://www.sowerbysholidaycottages.co.uk/norfolk-holiday-cottages/quayside/","2034","301","6.757","92.417","Very Easy","","","","","","","","","","en-GB","2439117802963347a8e41f5bec6c2b38","Indexable",""
"https://www.sowerbysholidaycottages.co.uk/norfolk-holiday-cottages/washington-lodge/","2256","313","7.208","95.457","Very Easy","","","","","","","","","","en-GB","5ec501519128952c273ec62a0a0cb2d0","Indexable",""
"https://www.sowerbysholidaycottages.co.uk/norfolk-holiday-cottages/harrier-cottage/","2460","354","6.949","89.733","Easy","","","","","","","","","","en-GB","5ee463eb813f6725615655cb5fe1c0a7","Indexable",""
"https://www.sowerbysholidaycottages.co.uk/norfolk-holiday-cottages/sea-view/","2159","304","7.102","94.768","Very Easy","","","","","","","","","","en-GB","1e7d67cec406b4558f31b5e8e22816b","Indexable",""
"https://www.sowerbysholidaycottages.co.uk/norfolk-holiday-cottages/scotts-lodge/","3187","447","7.130","93.443","Very Easy","","","","","","","","","","en-GB","bb8012c6205e7c5dcbd2008216c4fac4","Indexable",""
"https://www.sowerbysholidaycottages.co.uk/norfolk-holiday-cottages/sandbanks/","3134","447","7.011","88.394","Easy","","","","","","","","","","en-GB","a44e11573c5c4d4c1a9873f3b9129882","Indexable",""
"https://www.sowerbysholidaycottages.co.uk/map-search/?start_date=&duration=&sleeps=&dogs=&property=&action=quicksearch&bedrooms=&bathrooms=&village=&has_sea_view=yes","68","32","2.125","74.046","Fairly Easy","","","","","","","","","","en-GB","2b2c120509ef01ef1552b7556d4eff24","Non-Indexable","noindex"
"https://www.sowerbysholidaycottages.co.uk/norfolk-holiday-cottages/harbour-cottage/","4111","598","6.875","89.534","Easy","","","","","","","","","","en-GB","31099f81bad913eb65a5dbf90b5e1301","Indexable",""
"https://www.sowerbysholidaycottages.co.uk/property-details-print/?propertyID=3401","963","122","7.893","100.000","Very Easy","","","","","","","","","","","30d9469f939441450edcae6a8ae041e","Non-Indexable","noindex"
"https://www.sowerbysholidaycottages.co.uk/norfolk-holiday-cottages/samphire-cottage/","2209","343","6.440","90.345","Very Easy","","","","","","","","","","en-GB","41b735a01b41a8045f81391c5beb107a","Indexable",""
"https://www.sowerbysholidaycottages.co.uk/norfolk-holiday-cottages/lime-cottage/","2733","397","6.884","89.586","Easy","","","","","","","","","","en-GB","59f22b52a4c80eabe8e8689fc228fa1b","Indexable",""
"https://www.sowerbysholidaycottages.co.uk/norfolk-holiday-cottages/lilac-cottage/","2580","387","6.667","89.793","Easy","","","","","","","","","","en-GB","32fd034e890e734046b477981701d86e","Indexable",""
"https://www.sowerbysholidaycottages.co.uk/norfolk-holiday-cottages/dolphin-cottage/","4265","622","6.857","88.894","Easy","","","","","","","","","","en-GB","554a8e3228804f5188157d2376ce7b25","Indexable",""
"https://www.sowerbysholidaycottages.co.uk/norfolk-holiday-cottages/beamish/","2923","421","6.943","94.320","Very Easy","","","","","","","","","","en-GB","dab7c4e1826c817a4604a4a78f01f8d7","Indexable",""
"https://www.sowerbysholidaycottages.co.uk/norfolk-holiday-cottages/josh-cottage/","2806","423","6.634","87.794","Easy","","","","","","","","","","en-GB","b9b5aa10ab3e7a3a5d4fa27ce4444e9b","Indexable",""
"https://www.sowerbysholidaycottages.co.uk/norfolk-holiday-cottages/old-barn/","2351","360","6.531","90.741","Very Easy","","","","","","","","","","en-GB","e01e1ccbc299c7df2d5f6825ca1fc4c","Indexable",""
"https://www.sowerbysholidaycottages.co.uk/norfolk-holiday-cottages/brent-burn/","3865","576","6.710","89.464","Easy","","","","","","","","","","en-GB","a5728cf29dac3ab33b1346d2b4b8dea5","Indexable",""
"https://www.sowerbysholidaycottages.co.uk/norfolk-holiday-cottages/orchard-house-140/","2231","320","6.972","88.349","Easy","","","","","","","","","","en-GB","195a501ca8b9f1d3e4460259f209f014","Indexable",""
"https://www.sowerbysholidaycottages.co.uk/norfolk-holiday-cottages/lapwing/","5287","734","7.203","86.649","Easy","","","","","","","","","","en-GB","a2ebf735942374c1fbaa7e12cb4db612","Indexable",""
"https://www.sowerbysholidaycottages.co.uk/norfolk-holiday-cottages/beck-cottage/","1494","221","6.760","96.913","Very Easy","","","","","","","","","","en-GB","2e36aa6e69fed2a50e249c67c4903f11","Indexable",""
"https://www.sowerbysholidaycottages.co.uk/norfolk-holiday-cottages/garden-cottage/","1758","270","6.511","91.902","Very Easy","","","","","","","","","","en-GB","ef02a5fa7431024a3dd4d1610f2801fa","Indexable",""
"https://www.sowerbysholidaycottages.co.uk/norfolk-holiday-cottages/pinkleton/","2508","390","6.431","91.589","Very Easy","","","","","","","","","","en-GB","446f65284084f7aba275a9dc3e486764","Indexable",""
"https://www.sowerbysholidaycottages.co.uk/norfolk-holiday-cottages/linksway-2-bedrooms/","2440","365","6.685","85.285","Easy","","","","","","","","","","en-GB","1a9abe7f2508efb27f01a99f5f6a7858","Indexable",""
"https://www.sowerbysholidaycottages.co.uk/norfolk-holiday-cottages/seal-cottage/","4222","637","6.628","87.495","Easy","","","","","","","","","","en-GB","66158313e2956d79f7a6d34382f92109","Indexable",""
"https://www.sowerbysholidaycottages.co.uk/norfolk-holiday-cottages/lantern-cottage/","3693","519","7.116","87.271","Easy","","","","","","","","","","en-GB","640a20f7a040523def6e01f53723231f","Indexable",""
"https://www.sowerbysholidaycottages.co.uk/norfolk-holiday-cottages/skylark/","3749","529","7.087","89.226","Easy","","","","","","","","","","en-GB","9b133459eec7005f880f3385153b8609","Indexable",""
"https://www.sowerbysholidaycottages.co.uk/norfolk-holiday-cottages/chadwicks/","3675","540","6.806","88.992","Easy","","","","","","","","","","en-GB","6e41dfd0794285a208ade38869a34fa","Indexable",""
"https://www.sowerbysholidaycottages.co.uk/norfolk-holiday-cottages/seawards/","2972","446","6.664","84.871","Easy","","","","","","","","","","en-GB","324010da6aae581dcfdc49400d63da5","Indexable",""
"https://www.sowerbysholidaycottages.co.uk/norfolk-holiday-cottages/lavender-house/","2829","435","6.503","89.527","Easy","","","","","","","","","","en-GB","f9828c4433e6161c6b6d80d99973a846","Indexable",""
"https://www.sowerbysholidaycottages.co.uk/norfolk-holiday-cottages/rose-cottage/","3149","467","6.743","90.298","Very Easy","","","","","","","","","","en-GB","14e3c75b0a20f66a3bceb13bb2ea314e","Indexable",""
"https://www.sowerbysholidaycottages.co.uk/norfolk-holiday-cottages/field-cottage-in-brancaster-staithe/","3768","567","6.646","89.176","Easy","","","","","","","","","","en-GB","84eeb8404a3c2b624e9a09eba03fd232","Indexable",""
"https://www.sowerbysholidaycottages.co.uk/norfolk-holiday-cottages/garden-house/","2771","396","6.997","87.960","Easy","","","","","","","","","","en-GB","95b34e0efb8b799325f1b00d479481ba","Indexable",""
"https://www.sowerbysholidaycottages.co.uk/norfolk-holiday-cottages/1-railway-cottages/","2984","433","6.891","86.095","Easy","","","","","","","","","","en-GB","e9aa37a90f85f24a4e5552e0d90dd013","Indexable",""
"https://www.sowerbysholidaycottages.co.uk/norfolk-holiday-cottages/lavender-cottage/","4742","693","6.843","84.265","Easy","","","","","","","","","","en-GB","8aa1cde38a3b3a6e34064f5de73ad2cb","Indexable",""
"https://www.sowerbysholidaycottages.co.uk/norfolk-holiday-cottages/eastwood-house-2-bedrooms/","1912","285","6.709","86.134","Easy","","","","","","","","","","en-GB","9942618a71ff4f7f7368099c8fe9dd43","Indexable",""
"https://www.sowerbysholidaycottages.co.uk/norfolk-holiday-cottages/sea-lavender-cottage/","1455","218","6.674","87.377","Easy","","","","","","","","","","en-GB","e943c2fa03fb2aad34d444d17c82adb4","Indexable",""
"https://www.sowerbysholidaycottages.co.uk/norfolk-holiday-cottages/market-lane-house/","3226","481","6.707","90.383","Very Easy","","","","","","","","","","en-GB","3847b62fa97c779f6febfa0407fed397","Indexable",""
"https://www.sowerbysholidaycottages.co.uk/norfolk-holiday-cottages/crows-nest-cottage/","3169","439","7.219","92.350","Very Easy","","","","","","","","","","en-GB","c86790ec41845d1bcf6c4abee168fbe5","Indexable",""
"https://www.sowerbysholidaycottages.co.uk/norfolk-holiday-cottages/the-cottage-erpingham-court/","3524","515","6.843","89.674","Easy","","","","","","","","","","en-GB","bdf8f02a677aeae4f4254f2c0a404b3d","Indexable",""
"https://www.sowerbysholidaycottages.co.uk/norfolk-holiday-cottages/curlew-cottage-2-bedrooms/","1770","256","6.914","93.804","Very Easy","","","","","","","","","","en-GB","d70fb65c3877f187f21b2facabda790d","Indexable",""
"https://www.sowerbysholidaycottages.co.uk/norfolk-holiday-cottages/old-hunny-cottage/","3490","544","6.415","90.101","Very Easy","","","","","","","","","","en-GB","8736dface6bc1813820eefdbd5fb1dff","Indexable",""
"https://www.sowerbysholidaycottages.co.uk/norfolk-holiday-cottages/4-odd-fellows-court/","1935","274","7.062","94.125","Very Easy","","","","","","","","","","en-GB","d6306ba068da8773138e612595b63a40","Indexable",""
"https://www.sowerbysholidaycottages.co.uk/norfolk-holiday-cottages/saltmarshes/","1426","220","6.482","90.501","Very Easy","","","","","","","","","","en-GB","e43461da98dcdf8baa3770091c992d3","Indexable",""
"https://www.sowerbysholidaycottages.co.uk/norfolk-holiday-cottages/curlew-cottage/","3997","572","6.988","88.410","Easy","","","","","","","","","","en-GB","74a94e883317221f77a0a3864c760a3e","Indexable",""
"https://www.sowerbysholidaycottages.co.uk/norfolk-holiday-cottages/holly-cottage/","2204","330","6.679","92.118","Very Easy","","","","","","","","","","en-GB","84a958c7d2ff9237091265bc791b01c1","Indexable",""
"https://www.sowerbysholidaycottages.co.uk/norfolk-holiday-cottages/furnace-cottage/","2678","399","6.712","87.496","Easy","","","","","","","","","","en-GB","1341e5463010c89ec8db456b3aa09c35","Indexable",""
"https://www.sowerbysholidaycottages.co.uk/norfolk-holiday-cottages/harpers/","5327","796","6.692","85.236","Easy","","","","","","","","","","en-GB","38f17e75c289b199e8db13c920b8fb1c","Indexable",""
"https://www.sowerbysholidaycottages.co.uk/norfolk-holiday-cottages/fleece-house/","2134","320","6.669","91.482","Very Easy","","","","","","","","","","en-GB","48f1cf7cf4ad3684f7477522d993e0c8","Indexable",""
"https://www.sowerbysholidaycottages.co.uk/norfolk-holiday-cottages/cherry-tree-cottage/","1869","284","6.581","87.808","Easy","","","","","","","","","","en-GB","7b36265633b9115b2f50980f40d591e2","Indexable",""
"https://www.sowerbysholidaycottages.co.uk/norfolk-holiday-cottages/fortune-cottage/","1763","249","7.080","93.263","Very Easy","","","","","","","","","","en-GB","17e7048e5792eb5f8617b3936b4978a9","Indexable",""
"https://www.sowerbysholidaycottages.co.uk/norfolk-holiday-cottages/claremont-house/","2463","361","6.823","91.987","Very Easy","","","","","","","","","","en-GB","880682cfe6e3997c2f74f5c52deb951a","Indexable",""
"https://www.sowerbysholidaycottages.co.uk/norfolk-holiday-cottages/the-new-cottage/","4820","697","6.915","90.029","Very Easy","","","","","","","","","","en-GB","fa6bc84e601704f51a3c6d38eb24af08","Indexable",""
"https://www.sowerbysholidaycottages.co.uk/norfolk-holiday-cottages/turnstone/","2350","345","6.812","90.481","Very Easy","","","","","","","","","","en-GB","ffc682f18c7e9443b54d3c25381ac423","Indexable",""
"https://www.sowerbysholidaycottages.co.uk/norfolk-holiday-cottages/field-cottage-in-docking/","3290","487","6.756","91.515","Very Easy","","","","","","","","","","en-GB","5245e96112f6b5a32eb5f4489a92a186","Indexable",""
"https://www.sowerbysholidaycottages.co.uk/norfolk-holiday-cottages/edinburgh-house-with-annex/","2092","297","7.044","94.138","Very Easy","","","","","","","","","","en-GB","ad7b6c126c7f7fb245c28d89b471f40c","Indexable",""
"https://www.sowerbysholidaycottages.co.uk/norfolk-holiday-cottages/holly-house/","3944","582","6.777","89.230","Easy","","","","","","","","","","en-GB","6f4c48e8c242b22436d1a6b123a9d52c","Indexable",""
"https://www.sowerbysholidaycottages.co.uk/norfolk-holiday-cottages/wren-cottage/","1652","252","6.556","92.997","Very Easy","","","","","","","","","","en-GB","102c6e193485c42a4bcd3a6d26bb19e5","Indexable",""
"https://www.sowerbysholidaycottages.co.uk/norfolk-holiday-cottages/langham-house/","2067","311","6.646","92.692","Very Easy","","","","","","","","","","en-GB","25c65c77ed239fd75b07d743def4c8a5","Indexable",""
"https://www.sowerbysholidaycottages.co.uk/norfolk-holiday-cottages/honeysuckle-cottage/","3010","445","6.764","87.404","Easy","","","","","","","","","","en-GB","ba3d9e79ba6f69b12b356f8011eda0e8","Indexable",""
"https://www.sowerbysholidaycottages.co.uk/norfolk-holiday-cottages/the-stables-manor-court/","2583","378","6.833","90.014","Very Easy","","","","","","","","","","en-GB","127a1960e46c42f160ae4e2c14dc30dd","Indexable",""
"https://www.sowerbysholidaycottages.co.uk/norfolk-holiday-cottages/honeystone-mews/","2547","379","6.720","90.037","Very Easy","","","","","","","","","","en-GB","d4de2ea6f66bbce4fcf050e1a21a311f","Indexable",""
"https://www.sowerbysholidaycottages.co.uk/norfolk-holiday-cottages/the-manse/","2783","433","6.427","87.076","Easy","","","","","","","","","","en-GB","9e00ed7962b3e4793dcc8428ae515bd6","Indexable",""
"https://www.sowerbysholidaycottages.co.uk/norfolk-holiday-cottages/3-lavender-cottage/","4048","599","6.758","89.523","Easy","","","","","","","","","","en-GB","f4e15f50df0c5ec9d8c3407c238e4d9a","Indexable",""
"https://www.sowerbysholidaycottages.co.uk/norfolk-holiday-cottages/ivy-cottage/","2986","433","6.896","87.838","Easy","","","","","","","","","","en-GB","3a47e7a9dd794f7352e8bd8ac0d71372","Indexable",""
"https://www.sowerbysholidaycottages.co.uk/norfolk-holiday-cottages/eastwood-house/","2485","353","7.040","93.097","Very Easy","","","","","","","","","","en-GB","64bd0a25a73c425ab89a2ca6e16b822e","Indexable",""
"https://www.sowerbysholidaycottages.co.uk/norfolk-holiday-cottages/little-tern/","5326","783","6.802","88.947","Easy","","","","","","","","","","en-GB","b0557616415dad6bc97731643b06c56b","Indexable",""
"https://www.sowerbysholidaycottages.co.uk/norfolk-holiday-cottages/edinburgh-house/","1791","257","6.969","95.039","Very Easy","","","","","","","","","","en-GB","b36afd5c0cda76dae7abd8c73e9dff19","Indexable",""
"https://www.sowerbysholidaycottages.co.uk/norfolk-holiday-cottages/tucwel/","4624","669","6.912","84.922","Easy","","","","","","","","","","en-GB","915b546390242880dd8d4fb9fe5e756","Indexable",""
"https://www.sowerbysholidaycottages.co.uk/norfolk-holiday-cottages/norton-cottage/","2157","326","6.617","91.437","Very Easy","","","","","","","","","","en-GB","e1fd3339cacb2bb38bb112383433a185","Indexable",""
"https://www.sowerbysholidaycottages.co.uk/norfolk-holiday-cottages/the-hideaway-6a/","1805","287","6.289","91.104","Very Easy","","","","","","","","","","en-GB","dc46bd27495a95933c869c667cf72c15","Indexable",""
"https://www.sowerbysholidaycottages.co.uk/norfolk-holiday-cottages/cornloft-cottage/","3006","459","6.549","90.455","Very Easy","","","","","","","","","","en-GB","7e971aa3b927252e832604fac255a3db","Indexable",""
"https://www.sowerbysholidaycottages.co.uk/norfolk-holiday-cottages/hilltop-nc/","5887","861","6.837","86.223","Easy","","","","","","","","","","en-GB","2d00c41e0f61836c0adcddb4ca43b1bf","Indexable",""
"https://www.sowerbysholidaycottages.co.uk/norfolk-holiday-cottages/east-cottage/","2915","427","6.827","88.547","Easy","","","","","","","","","","en-GB","d1e6dd3a15948a5f40183f3ad413b53f","Indexable",""
"https://www.sowerbysholidaycottages.co.uk/norfolk-holiday-cottages/3-links-court/","2307","328","7.034","91.040","Very Easy","","","","","","","","","","en-GB","26c920b5475700e49f8af35f4cc93556","Indexable",""
"https://www.sowerbysholidaycottages.co.uk/norfolk-holiday-cottages/sandton-house/","4016","611","6.573","86.177","Easy","","","","","","","","","","en-GB","d2b7bfca1704cb03a57fa6c384781e4b","Indexable",""
"https://www.sowerbysholidaycottages.co.uk/norfolk-holiday-cottages/field-house/","3079","456","6.752","90.460","Very Easy","","","","","","","","","","en-GB","fa18cd87bdc52ab085e85913fab3e685","Indexable",""
"https://www.sowerbysholidaycottages.co.uk/norfolk-holiday-cottages/nelson-lodge/","2894","430","6.730","90.702","Very Easy","","","","","","","","","","en-GB","dd420ff6a90bd5eb0f244d0117186821","Indexable",""
"https://www.sowerbysholidaycottages.co.uk/norfolk-holiday-cottages/kitts-cottage/","2977","440","6.766","88.655","Easy","","","","","","","","","","en-GB","f99b07cca45b37cef6f6652aaacf66ab","Indexable",""
"https://www.sowerbysholidaycottages.co.uk/norfolk-holiday-cottages/butts-corner-2-bedrooms/","1848","273","6.769","87.485","Easy","","","","","","","","","","en-GB","6ac9afe13eb166dd287773357b32cf00","Indexable",""
"https://www.sowerbysholidaycottages.co.uk/norfolk-holiday-cottages/2-hunts-cottages/","3177","461","6.892","90.662","Very Easy","","","","","","","","","","en-GB","2625491a0be8016a6e1c4141fd0b6aaf","Indexable",""
"https://www.sowerbysholidaycottages.co.uk/norfolk-holiday-cottages/3-pond-end-row/","3709","553","6.707","88.535","Easy","","","","","","","","","","en-GB","1b9f9060a0b14ea2fc5a3a030c0524c6","Indexable",""
"https://www.sowerbysholidaycottages.co.uk/norfolk-holiday-cottages/butts-corner/","2848","424","6.717","90.673","Very Easy","","","","","","","","","","en-GB","45e9f5d95f26a1c297c6f7292ad59e66","Indexable",""
"https://www.sowerbysholidaycottages.co.uk/norfolk-holiday-cottages/hare-cottage/","4205","604","6.962","88.028","Easy","","","","","","","","","","en-GB","e3749feed9c40cf909c027262d611d84","Indexable",""
"https://www.sowerbysholidaycottages.co.uk/norfolk-holiday-cottages/pangurs-piece/","3546","519","6.832","89.056","Easy","","","","","","","","","","en-GB","6f232c634b3666d369195bf0de0a06c0","Indexable",""
"https://www.sowerbysholidaycottages.co.uk/norfolk-holiday-cottages/linksway/","2319","349","6.645","91.377","Very Easy","","","","","","","","","","en-GB","99d026d2628da43bed68d9c010ac2c64","Indexable",""
"https://www.sowerbysholidaycottages.co.uk/map-search/?start_date=&duration=&sleeps=&dogs=&villageorproperty=&bedrooms=&bathrooms=&dogs_by_arrangement=yes&dogs_accepted=yes","68","32","2.125","74.046","Fairly Easy","","","","","","","","","","en-GB","569bdf2c126a5e070a7c1ccdd675dc22","Non-Indexable","noindex"
"https://www.sowerbysholidaycottages.co.uk/norfolk-holiday-cottages/pickles-cottage/","2798","404","6.926","91.440","Very Easy","","","","","","","","","","en-GB","3b36bceaa0a975476858ee96602a3f0e","Indexable",""
"https://www.sowerbysholidaycottages.co.uk/property-details-print/?propertyID=3282","1237","169","7.320","95.998","Very Easy","","","","","","","","","","","4f577db4d2f8596f58da8b1f217a8df9","Non-Indexable","noindex"
"https://www.sowerbysholidaycottages.co.uk/norfolk-holiday-cottages/holly-house-2-bedrooms/","2571","405","6.348","89.270","Easy","","","","","","","","","","en-GB","edd97f0a3b8ad92f84c5493211c52b74","Indexable",""
"https://www.sowerbysholidaycottages.co.uk/norfolk-holiday-cottages/la-mouette/","3454","523","6.604","88.638","Easy","","","","","","","","","","en-GB","469ec1363ba96020c0a4fb6a56beb2ed","Indexable",""
"https://www.sowerbysholidaycottages.co.uk/norfolk-holiday-cottages/badgets/","3630","528","6.875","87.756","Easy","","","","","","","","","","en-GB","305d4c556da24c2cf73bf80345f49dc9","Indexable",""
"https://www.sowerbysholidaycottages.co.uk/norfolk-holiday-cottages/saffron-cottage/","2693","390","6.905","89.089","Easy","","","","","","","","","","en-GB","ea0177044176560b75d6ca8285770b0d","Indexable",""
"https://www.sowerbysholidaycottages.co.uk/norfolk-holiday-cottages/garden-folly/","2700","383","7.050","85.877","Easy","","","","","","","","","","en-GB","d11bae54b65d9c74bc8ffc2d7771e3e1","Indexable",""
"https://www.sowerbysholidaycottages.co.uk/norfolk-holiday-cottages/5-monteagle/","4329","630","6.871","88.898","Easy","","","","","","","","","","en-GB","74b3d6cddb9fee86ce3f0c11be2d8199","Indexable",""
"https://www.sowerbysholidaycottages.co.uk/norfolk-holiday-cottages/jeeves-retreat/","1708","252","6.778","96.732","Very Easy","","","","","","","","","","en-GB","d5eae25f7443a20252595b2d0d5fab4a","Indexable",""
"https://www.sowerbysholidaycottages.co.uk/norfolk-holiday-cottages/allpoints-cottage/","4800","738","6.504","86.446","Easy","","","","","","","","","","en-GB","9a19fd44313fc106d6d68546c47e806c","Indexable",""
"https://www.sowerbysholidaycottages.co.uk/norfolk-holiday-cottages/wellington-cottage/","1982","274","7.234","93.722","Very Easy","","","","","","","","","","en-GB","549edad2c3768c106dd40bb05e72d9f2","Indexable",""
"https://www.sowerbysholidaycottages.co.uk/norfolk-holiday-cottages/honeystone/","1894","294","6.442","92.692","Very Easy","","","","","","","","","","en-GB","65cf286a6ee4f648be4a6c5bb9e05fc","Indexable",""
"https://www.sowerbysholidaycottages.co.uk/norfolk-holiday-cottages/old-school-house/","2865","435","6.586","89.240","Easy","","","","","","","","","","en-GB","e14171754fc350f73bb7bacccff85cc6","Indexable",""
"https://www.sowerbysholidaycottages.co.uk/norfolk-holiday-cottages/beech-cottage/","4478","646","6.932","87.862","Easy","","","","","","","","","","en-GB","994754f6e704ee2d36878b2dbbc89b4","Indexable",""
"https://www.sowerbysholidaycottages.co.uk/norfolk-holiday-cottages/windjammer/","2655","397","6.688","89.828","Easy","","","","","","","","","","en-GB","4a87e1654453be4f8c04154109773c8e","Indexable",""
"https://www.sowerbysholidaycottages.co.uk/norfolk-holiday-cottages/tern-cottage/","2157","316","6.826","90.833","Very Easy","","","","","","","","","","en-GB","c8a46e302c7b09e3338be8a5040cd5eb","Indexable",""
"https://www.sowerbysholidaycottages.co.uk/norfolk-holiday-cottages/oak-cottage/","3871","589","6.572","90.890","Very Easy","","","","","","","","","","en-GB","775cfb10e24853999f5cb236b5f28471","Indexable",""
"https://www.sowerbysholidaycottages.co.uk/norfolk-holiday-cottages/the-foundry/","2804","391","7.171","87.319","Easy","","","","","","","","","","en-GB","ccbe2f4135f5c90eaa97494bfe5b3bc","Indexable",""
"https://www.sowerbysholidaycottages.co.uk/norfolk-holiday-cottages/3-smugglers-cove/","2773","394","7.038","91.081","Very Easy","","","","","","","","","","en-GB","b81f3c098f6f678408bd6cc58fa5eb11","Indexable",""
"https://www.sowerbysholidaycottages.co.uk/norfolk-holiday-cottages/bliss-cottage/","3711","529","7.015","88.647","Easy","","","","","","","","","","en-GB","81155a7f9a75f6024e6d705744c833a0","Indexable",""
"https://www.sowerbysholidaycottages.co.uk/norfolk-holiday-cottages/sutton-cottage/","3418","508","6.728","86.595","Easy","","","","","","","","","","en-GB","517c23ec928420cbceb7c24ed8d7bef4","Indexable",""
"https://www.sowerbysholidaycottages.co.uk/norfolk-holiday-cottages/samphire-barn/","4548","686","6.630","86.841","Easy","","","","","","","","","","en-GB","a3e75690c81d2b0061c587eebdfb1f78","Indexable",""
"https://www.sowerbysholidaycottages.co.uk/norfolk-holiday-cottages/2-school-row/","2612","391","6.680","91.422","Very Easy","","","","","","","","","","en-GB","c7bac1057045fd17908329c443b5b9d5","Indexable",""
"https://www.sowerbysholidaycottages.co.uk/norfolk-holiday-cottages/wellfleet-cottage/","2799","404","6.928","90.872","Very Easy","","","","","","","","","","en-GB","653487f034e11e81d27cab58827819d3","Indexable",""
"https://www.sowerbysholidaycottages.co.uk/norfolk-holiday-cottages/bluebell-cottage/","2992","454","6.590","88.430","Easy","","","","","","","","","","en-GB","b161aadd17b56e68ab29394a1d5dd0cb","Indexable",""
"https://www.sowerbysholidaycottages.co.uk/norfolk-holiday-cottages/truncheons-reach/","4429","628","7.053","89.194","Easy","","","","","","","","","","en-GB","2159a2e799ec1753cb6ef4ce265f11e6","Indexable",""
"https://www.sowerbysholidaycottages.co.uk/norfolk-holiday-cottages/seasalt-cottage/","2384","363","6.567","91.899","Very Easy","","","","","","","","","","en-GB","a9eee413c1ef5c8c801c2581147b7800","Indexable",""
"https://www.sowerbysholidaycottages.co.uk/norfolk-holiday-cottages/star-cottage/","2037","312","6.529","90.606","Very Easy","","","","","","","","","","en-GB","eaabca8cc38c1cd6992dd3b86d09feb2","Indexable",""
"https://www.sowerbysholidaycottages.co.uk/norfolk-holiday-cottages/grasshopper-cottage/","2657","408","6.512","90.344","Very Easy","","","","","","","","","","en-GB","4d3b2e20a48e3a228ef4fbb917862a85","Indexable",""
"https://www.sowerbysholidaycottages.co.uk/norfolk-holiday-cottages/mill-view-burnham-norton/","3842","545","7.050","87.929","Easy","","","","","","","","","","en-GB","34293afc872bf633038ff3d661f83d02","Indexable",""
"https://www.sowerbysholidaycottages.co.uk/norfolk-holiday-cottages/jeeves-hideaway/","1401","199","7.040","96.913","Very Easy","","","","","","","","","","en-GB","97a34c9e7960eec88bdf23973688ccc1","Indexable",""
"https://www.sowerbysholidaycottages.co.uk/norfolk-holiday-cottages/bailey-wick-cottage/","2754","395","6.972","90.706","Very Easy","","","","","","","","","","en-GB","6d1e33134bb87e4c5b0d7b88a40ed84f","Indexable",""
"https://www.sowerbysholidaycottages.co.uk/norfolk-holiday-cottages/ellas-cottage/","4363","636","6.860","86.962","Easy","","","","","","","","","","en-GB","69906c7eacf9921fb619f4c963976ec6","Indexable",""
"https://www.sowerbysholidaycottages.co.uk/wishlist/","24","8","3.000","73.365","Fairly Easy","","","","","","","","","","en-GB","fa9c62e8eca05078085cb4e19935183f","Indexable",""
"https://www.sowerbysholidaycottages.co.uk/norfolk-holiday-cottages/fox-cottage/","5267","784","6.718","87.918","Easy","","","","","","","","","","en-GB","9b0ba573fa6c3f23427471cb9d966072","Indexable",""
"https://www.sowerbysholidaycottages.co.uk/norfolk-holiday-cottages/sunset-view/","2264","331","6.840","92.984","Very Easy","","","","","","","","","","en-GB","cc140c3d0a476d83d631a1bf90987672","Indexable",""
"https://www.sowerbysholidaycottages.co.uk/popular-norfolk-holiday-areas/old-hunstanton-area/","334","55","6.073","72.758","Fairly Easy","","","","","","","","","","en-GB","7f42782e8daa62dc155e7ceff24e8d14","Indexable",""
"https://www.sowerbysholidaycottages.co.uk/popular-norfolk-holiday-areas/brancaster-area/","354","57","6.211","78.411","Fairly Easy","","","","","","","","","","en-GB","9bd1a286fcd8c1dd140f7a08addb2f72","Indexable",""
"https://www.sowerbysholidaycottages.co.uk/popular-norfolk-holiday-areas/the-burnhams-area/","267","42","6.357","71.740","Fairly Easy","","","","","","","","","","en-GB","56a892483322e7c05a4052ff9e0abff5","Indexable",""
"https://www.sowerbysholidaycottages.co.uk/popular-norfolk-holiday-areas/wells-next-the-sea-area/","520","82","6.341","82.284","Easy","","","","","","","","","","en-GB","8f144c4567474d9ac419398c720fbc2","Indexable",""
"https://www.sowerbysholidaycottages.co.uk/norfolk-holiday-cottages/boatmans-cottage/","3349","480","6.977","88.250","Easy","","","","","","","","","","en-GB","372c2e5c1a770fb150e599e19de970b7","Indexable",""
"https://www.sowerbysholidaycottages.co.uk/norfolk-holiday-cottages/pebble-cottage/","2323","352","6.599","89.789","Easy","","","","","","","","","","en-GB","397e65f8c29a868404f172d245283593","Indexable",""
"https://www.sowerbysholidaycottages.co.uk/norfolk-holiday-cottages/orchard-house-docking/","3770","588","6.412","89.898","Easy","","","","","","","","","","en-GB","54e1fffdd9be16e4da60ce3cdc629940","Indexable",""
"https://www.sowerbysholidaycottages.co.uk/norfolk-holiday-cottages/little-twitchers/","3550","508","6.988","87.331","Easy","","","","","","","","","","en-GB","5988ebd28553775654cfeec834cfe077","Indexable",""
"https://www.sowerbysholidaycottages.co.uk/norfolk-holiday-cottages/virginia-cottage/","6686","977","6.843","86.174","Easy","","","","","","","","","","en-GB","aa05f308b6dd2277873ebbfac97b9edb","Indexable",""
"https://www.sowerbysholidaycottages.co.uk/norfolk-holiday-cottages/duckling-cottage/","3645","524","6.956","88.460","Easy","","","","","","","","","","en-GB","72355c2d65960f9cb959f17ba7cd99ac","Indexable",""
"https://www.sowerbysholidaycottages.co.uk/norfolk-holiday-cottages/bonnierigg/","4225","610","6.926","88.774","Easy","","","","","","","","","","en-GB","d4ab9b5d1eb37e73e59489e6305c474d","Indexable",""
"https://www.sowerbysholidaycottages.co.uk/norfolk-holiday-cottages/windswept-cottage/","2416","358","6.749","89.963","Easy","","","","","","","","","","en-GB","a6402b550e14c7ad8347d6b3ef773d17","Indexable",""
"https://www.sowerbysholidaycottages.co.uk/norfolk-holiday-cottages/cherryhill/","2128","320","6.650","87.020","Easy","","","","","","","","","","en-GB","47609641224889953eee37e2b1f4e1b7","Indexable",""
"https://www.sowerbysholidaycottages.co.uk/norfolk-holiday-cottages/2-waterhall-cottages/","2551","371","6.876","90.814","Very Easy","","","","","","","","","","en-GB","617b16806d97e1eda29d4080703d20a9","Indexable",""
"https://www.sowerbysholidaycottages.co.uk/property-details-print/?propertyID=5140","1076","149","7.221","99.888","Very Easy","","","","","","","","","","","8e34e62c497b92a9b4f3b53582ddb7c7","Non-Indexable","noindex"
"https://www.sowerbysholidaycottages.co.uk/norfolk-holiday-cottages/field-cottage-in-fring/","2826","404","6.995","93.491","Very Easy","","","","","","","","","","en-GB","8443968f19f71680bde1b95138357ffe","Indexable",""
"https://www.sowerbysholidaycottages.co.uk/norfolk-holiday-cottages/hares-end/","2852","413","6.906","88.380","Easy","","","","","","","","","","en-GB","a6240a7aa75663456dc5852d4eb7c74e","Indexable",""
