"Address","Status Code","Status"
"https://www.sowerbysholidaycottages.co.uk/","200","OK"
"https://www.sowerbysholidaycottages.co.uk/inspiration/","200","OK"
"https://www.sowerbysholidaycottages.co.uk/inspiration/norfolk-holiday-cottage-special-offers/","200","OK"
"https://www.sowerbysholidaycottages.co.uk/norfolk-holiday-locations/alphabetical-list-of-villages/","200","OK"
"https://www.sowerbysholidaycottages.co.uk/popular-norfolk-holiday-features/luxury-collection/","200","OK"
"https://www.sowerbysholidaycottages.co.uk/holiday-cottage-owner-information/owner-testimonials/","200","OK"
"https://www.sowerbysholidaycottages.co.uk/about-sowerbys-holiday-cottages/faqs/","200","OK"
"https://www.sowerbysholidaycottages.co.uk/norfolk-holiday-cottage-search/?start_date=&duration=&sleeps=&dogs=&village=&bedrooms=&bathrooms=&property=&special_offer=yes","200","OK"
"https://www.sowerbysholidaycottages.co.uk/norfolk-holiday-cottage-search/?start_date=&duration=&sleeps=&dogs=&property=&bedrooms=&bathrooms=&village=&new=yes","200","OK"
"https://www.sowerbysholidaycottages.co.uk/popular-norfolk-holiday-features/sea-views/","200","OK"
"https://www.sowerbysholidaycottages.co.uk/norfolk-holiday-cottage-search/?start_date=&duration=&sleeps=&dogs=&property=&action=quicksearch&bedrooms=&bathrooms=&village=&has_sea_view=yes","200","OK"
"https://www.sowerbysholidaycottages.co.uk/bespoke-management-service/","200","OK"
"https://www.sowerbysholidaycottages.co.uk/norfolk-holiday-cottages/washmeres/","200","OK"
"https://www.sowerbysholidaycottages.co.uk/popular-norfolk-holiday-features/electric-charging/","200","OK"
"https://www.sowerbysholidaycottages.co.uk/norfolk-holiday-locations/","200","OK"
"https://www.sowerbysholidaycottages.co.uk/about-sowerbys-holiday-cottages/meet-the-team/","200","OK"
"https://www.sowerbysholidaycottages.co.uk/popular-norfolk-holiday-features/romantic-break/","200","OK"
"https://www.sowerbysholidaycottages.co.uk/contact-sowerbys-holiday-cottages/","200","OK"
"https://www.sowerbysholidaycottages.co.uk/norfolk-holiday-cottages/little-barwick/","200","OK"
"https://www.sowerbysholidaycottages.co.uk/norfolk-holiday-cottage-search/?start_date=&duration=&sleeps=&dogs=&villageorproperty=&bedrooms=&bathrooms=&dogs_by_arrangement=yes&dogs_accepted=yes","200","OK"
"https://www.sowerbysholidaycottages.co.uk/norfolk-holiday-cottages/violet/","200","OK"
"https://www.sowerbysholidaycottages.co.uk/inspiration/blog/","200","OK"
"https://www.sowerbysholidaycottages.co.uk/inspiration/things-to-do-in-norfolk/","200","OK"
"https://www.sowerbysholidaycottages.co.uk/terms-and-conditions/","200","OK"
"https://www.sowerbysholidaycottages.co.uk/request-your-free-homeowners-guide/","200","OK"
"https://www.sowerbysholidaycottages.co.uk/about-sowerbys-holiday-cottages/","200","OK"
"https://www.sowerbysholidaycottages.co.uk/norfolk-holiday-cottages/beachside/","200","OK"
"https://www.sowerbysholidaycottages.co.uk/about-sowerbys-holiday-cottages/our-norfolk-estate-agents/","200","OK"
"https://www.sowerbysholidaycottages.co.uk/inspiration/norfolk-events/","200","OK"
"https://www.sowerbysholidaycottages.co.uk/seasonal-guide-request/","200","OK"
"https://www.sowerbysholidaycottages.co.uk/norfolk-holiday-cottage-search/alphabetical-list/","200","OK"
"https://www.sowerbysholidaycottages.co.uk/inspiration/seasonal-guides/","200","OK"
"https://www.sowerbysholidaycottages.co.uk/norfolk-holiday-cottage-search/?start_date=&duration=&sleeps=10&dogs=&property=&bedrooms=&bathrooms=&village=","200","OK"
"https://www.sowerbysholidaycottages.co.uk/holiday-cottage-owner-information/","200","OK"
"https://www.sowerbysholidaycottages.co.uk/popular-norfolk-holiday-features/dogs-accepted/","200","OK"
"https://www.sowerbysholidaycottages.co.uk/norfolk-holiday-cottages/aster-house/","200","OK"
"https://www.sowerbysholidaycottages.co.uk/norfolk-holiday-cottages/3-the-old-school/","200","OK"
"https://www.sowerbysholidaycottages.co.uk/norfolk-holiday-cottages/channel-view-and-cottage/","200","OK"
"https://www.sowerbysholidaycottages.co.uk/norfolk-holiday-cottages/3-marshland-barns/","200","OK"
"https://www.sowerbysholidaycottages.co.uk/norfolk-holiday-cottage-search/","200","OK"
"https://www.sowerbysholidaycottages.co.uk/norfolk-holiday-cottages/the-dairy-barn-2-bedrooms/","200","OK"
"https://www.sowerbysholidaycottages.co.uk/norfolk-holiday-cottages/pantiles/","200","OK"
"https://www.sowerbysholidaycottages.co.uk/norfolk-holiday-cottages/crowberry-barn/","200","OK"
"https://www.sowerbysholidaycottages.co.uk/norfolk-holiday-cottages/close-cottage/","200","OK"
"https://www.sowerbysholidaycottages.co.uk/norfolk-holiday-cottages/sunnyvale/","200","OK"
"https://www.sowerbysholidaycottages.co.uk/norfolk-holiday-cottages/nelson-cottage/","200","OK"
"https://www.sowerbysholidaycottages.co.uk/norfolk-holiday-cottages/sybil-cottage/","200","OK"
"https://www.sowerbysholidaycottages.co.uk/norfolk-holiday-cottages/the-old-forge/","200","OK"
"https://www.sowerbysholidaycottages.co.uk/norfolk-holiday-cottages/slumber-barn-5-bedrooms/","200","OK"
"https://www.sowerbysholidaycottages.co.uk/norfolk-holiday-cottages/flagstaff-cottage/","200","OK"
"https://www.sowerbysholidaycottages.co.uk/norfolk-holiday-cottages/the-old-post-office/","200","OK"
"https://www.sowerbysholidaycottages.co.uk/norfolk-holiday-cottages/the-dairy-barn/","200","OK"
"https://www.sowerbysholidaycottages.co.uk/norfolk-holiday-cottages/oak-tree-cottage/","200","OK"
"https://www.sowerbysholidaycottages.co.uk/norfolk-holiday-cottages/1-king-william-cottage/","200","OK"
"https://www.sowerbysholidaycottages.co.uk/norfolk-holiday-cottages/flagstaff-boathouse/","200","OK"
"https://www.sowerbysholidaycottages.co.uk/norfolk-holiday-cottages/1-crarves/","200","OK"
"https://www.sowerbysholidaycottages.co.uk/map-search/?start_date=&duration=&sleeps=&dogs=&village=&bedrooms=&bathrooms=&property=&special_offer=yes","200","OK"
"https://www.sowerbysholidaycottages.co.uk/norfolk-holiday-cottages/the-paddock/","200","OK"
"https://www.sowerbysholidaycottages.co.uk/norfolk-holiday-cottages/beehive-cottage/","200","OK"
"https://www.sowerbysholidaycottages.co.uk/norfolk-holiday-cottages/eider-cottage/","200","OK"
"https://www.sowerbysholidaycottages.co.uk/norfolk-holiday-cottages/mandalay/","200","OK"
"https://www.sowerbysholidaycottages.co.uk/norfolk-holiday-cottages/eton-house/","200","OK"
"https://www.sowerbysholidaycottages.co.uk/norfolk-holiday-cottages/michaelmas/","200","OK"
"https://www.sowerbysholidaycottages.co.uk/norfolk-holiday-cottages/flagstaff-east/","200","OK"
"https://www.sowerbysholidaycottages.co.uk/norfolk-holiday-cottages/mill-view/","200","OK"
"https://www.sowerbysholidaycottages.co.uk/norfolk-holiday-cottages/3-marshland-barns-2-bedrooms/","200","OK"
"https://www.sowerbysholidaycottages.co.uk/norfolk-holiday-cottages/2-railway-cottages/","200","OK"
"https://www.sowerbysholidaycottages.co.uk/norfolk-holiday-cottages/channel-cottage/","200","OK"
"https://www.sowerbysholidaycottages.co.uk/norfolk-holiday-cottages/western-cottage/","200","OK"
"https://www.sowerbysholidaycottages.co.uk/norfolk-holiday-cottages/hill-top-docking/","200","OK"
"https://www.sowerbysholidaycottages.co.uk/norfolk-holiday-cottages/eider-cottage-2-bedrooms/","200","OK"
"https://www.sowerbysholidaycottages.co.uk/norfolk-holiday-cottages/the-loft/","200","OK"
"https://www.sowerbysholidaycottages.co.uk/norfolk-holiday-cottages/4-hare-cottage/","200","OK"
"https://www.sowerbysholidaycottages.co.uk/norfolk-holiday-cottages/bridge-farm-barn/","200","OK"
"https://www.sowerbysholidaycottages.co.uk/norfolk-holiday-cottages/channel-view/","200","OK"
"https://www.sowerbysholidaycottages.co.uk/norfolk-holiday-cottages/the-dairy-barn-3-bedrooms/","200","OK"
"https://www.sowerbysholidaycottages.co.uk/norfolk-holiday-cottages/flagstaff-west/","200","OK"
"https://www.sowerbysholidaycottages.co.uk/norfolk-holiday-cottages/flagstaff-garden-house/","200","OK"
"https://www.sowerbysholidaycottages.co.uk/norfolk-holiday-cottages/eton-house-2-bedrooms/","200","OK"
"https://www.sowerbysholidaycottages.co.uk/popular-norfolk-holiday-villages/harpley/","200","OK"
"https://www.sowerbysholidaycottages.co.uk/norfolk-holiday-cottages/avocet-cottage/","200","OK"
"https://www.sowerbysholidaycottages.co.uk/popular-norfolk-holiday-villages/egmere/","200","OK"
"https://www.sowerbysholidaycottages.co.uk/popular-norfolk-holiday-villages/north-creake/","200","OK"
"https://www.sowerbysholidaycottages.co.uk/popular-norfolk-holiday-villages/sedgeford/","200","OK"
"https://www.sowerbysholidaycottages.co.uk/popular-norfolk-holiday-villages/wighton/","200","OK"
"https://www.sowerbysholidaycottages.co.uk/popular-norfolk-holiday-villages/burnham-market/","200","OK"
"https://www.sowerbysholidaycottages.co.uk/popular-norfolk-holiday-villages/walsingham/","200","OK"
"https://www.sowerbysholidaycottages.co.uk/popular-norfolk-holiday-villages/burnham-overy-town/","200","OK"
"https://www.sowerbysholidaycottages.co.uk/popular-norfolk-holiday-villages/burnham-overy-staithe/","200","OK"
"https://www.sowerbysholidaycottages.co.uk/popular-norfolk-holiday-villages/heacham/","200","OK"
"https://www.sowerbysholidaycottages.co.uk/popular-norfolk-holiday-villages/ringstead/","200","OK"
"https://www.sowerbysholidaycottages.co.uk/popular-norfolk-holiday-villages/great-snoring/","200","OK"
"https://www.sowerbysholidaycottages.co.uk/popular-norfolk-holiday-villages/hunstanton/","200","OK"
"https://www.sowerbysholidaycottages.co.uk/popular-norfolk-holiday-villages/brancaster/","200","OK"
"https://www.sowerbysholidaycottages.co.uk/popular-norfolk-holiday-villages/brancaster-staithe/","200","OK"
"https://www.sowerbysholidaycottages.co.uk/popular-norfolk-holiday-villages/old-hunstanton/","200","OK"
"https://www.sowerbysholidaycottages.co.uk/popular-norfolk-holiday-villages/thornham/","200","OK"
"https://www.sowerbysholidaycottages.co.uk/popular-norfolk-holiday-villages/burnham-deepdale/","200","OK"
"https://www.sowerbysholidaycottages.co.uk/popular-norfolk-holiday-villages/blakeney/","200","OK"
"https://www.sowerbysholidaycottages.co.uk/popular-norfolk-holiday-villages/wells-next-the-sea/","200","OK"
"https://www.sowerbysholidaycottages.co.uk/popular-norfolk-holiday-villages/warham/","200","OK"
"https://www.sowerbysholidaycottages.co.uk/popular-norfolk-holiday-villages/titchwell/","200","OK"
"https://www.sowerbysholidaycottages.co.uk/popular-norfolk-holiday-villages/burnham-norton/","200","OK"
"https://www.sowerbysholidaycottages.co.uk/popular-norfolk-holiday-villages/houghton-estate/","200","OK"
"https://www.sowerbysholidaycottages.co.uk/popular-norfolk-holiday-villages/stanhoe/","200","OK"
"https://www.sowerbysholidaycottages.co.uk/popular-norfolk-holiday-villages/holme-next-the-sea/","200","OK"
"https://www.sowerbysholidaycottages.co.uk/popular-norfolk-holiday-villages/docking/","200","OK"
"https://www.sowerbysholidaycottages.co.uk/popular-norfolk-holiday-villages/fring/","200","OK"
"https://www.sowerbysholidaycottages.co.uk/popular-norfolk-holiday-villages/stiffkey/","200","OK"
"https://www.sowerbysholidaycottages.co.uk/popular-norfolk-holiday-villages/binham/","200","OK"
"https://www.sowerbysholidaycottages.co.uk/popular-norfolk-holiday-villages/south-creake/","200","OK"
"https://www.sowerbysholidaycottages.co.uk/norfolk-holiday-cottages/high-barn/","200","OK"
"https://www.sowerbysholidaycottages.co.uk/norfolk-holiday-cottages/sanderling/","200","OK"
"https://www.sowerbysholidaycottages.co.uk/norfolk-holiday-cottages/the-gables/","200","OK"
"https://www.sowerbysholidaycottages.co.uk/norfolk-holiday-cottages/orchard-house-3-bedrooms/","200","OK"
"https://www.sowerbysholidaycottages.co.uk/norfolk-holiday-cottages/heron-cottage/","200","OK"
"https://www.sowerbysholidaycottages.co.uk/norfolk-holiday-cottages/washington-beach-house/","200","OK"
"https://www.sowerbysholidaycottages.co.uk/norfolk-holiday-cottages/sea-lavender-house/","200","OK"
"https://www.sowerbysholidaycottages.co.uk/norfolk-holiday-cottages/old-mill-cottage/","200","OK"
"https://www.sowerbysholidaycottages.co.uk/norfolk-holiday-cottages/marshview-cottage/","200","OK"
"https://www.sowerbysholidaycottages.co.uk/norfolk-holiday-cottages/cherry-house/","200","OK"
"https://www.sowerbysholidaycottages.co.uk/norfolk-holiday-cottages/washington-beach-house-with-lodge/","200","OK"
"https://www.sowerbysholidaycottages.co.uk/norfolk-holiday-cottages/the-meadows/","200","OK"
"https://www.sowerbysholidaycottages.co.uk/norfolk-holiday-cottages/hillcrest-barn/","200","OK"
"https://www.sowerbysholidaycottages.co.uk/norfolk-holiday-cottages/the-cartshed-6-marshland-barns/","200","OK"
"https://www.sowerbysholidaycottages.co.uk/norfolk-holiday-cottages/old-mill-and-cottage/","200","OK"
"https://www.sowerbysholidaycottages.co.uk/norfolk-holiday-cottages/burnham-loft/","200","OK"
"https://www.sowerbysholidaycottages.co.uk/norfolk-holiday-cottages/violets-cottage/","200","OK"
"https://www.sowerbysholidaycottages.co.uk/norfolk-holiday-cottages/easterly/","200","OK"
"https://www.sowerbysholidaycottages.co.uk/norfolk-holiday-cottages/fayette/","200","OK"
"https://www.sowerbysholidaycottages.co.uk/norfolk-holiday-cottages/1-manor-farm-barns/","200","OK"
"https://www.sowerbysholidaycottages.co.uk/norfolk-holiday-cottages/school-pastures-2-bedrooms/","200","OK"
"https://www.sowerbysholidaycottages.co.uk/norfolk-holiday-cottages/lark-house/","200","OK"
"https://www.sowerbysholidaycottages.co.uk/norfolk-holiday-cottages/washmeres-2-bedrooms/","200","OK"
"https://www.sowerbysholidaycottages.co.uk/norfolk-holiday-cottages/mallards/","200","OK"
"https://www.sowerbysholidaycottages.co.uk/norfolk-holiday-cottages/1-manor-farm-barns-3-bedrooms/","200","OK"
"https://www.sowerbysholidaycottages.co.uk/norfolk-holiday-cottages/tarnside/","200","OK"
"https://www.sowerbysholidaycottages.co.uk/norfolk-holiday-cottages/aspall-escape/","200","OK"
"https://www.sowerbysholidaycottages.co.uk/norfolk-holiday-cottages/hope-cottage/","200","OK"
"https://www.sowerbysholidaycottages.co.uk/norfolk-holiday-cottages/old-mill/","200","OK"
"https://www.sowerbysholidaycottages.co.uk/norfolk-holiday-cottages/scotts-cottage-4-bedrooms/","200","OK"
"https://www.sowerbysholidaycottages.co.uk/norfolk-holiday-cottages/amber-cottage/","200","OK"
"https://www.sowerbysholidaycottages.co.uk/norfolk-holiday-cottages/mallards-2-bedrooms/","200","OK"
"https://www.sowerbysholidaycottages.co.uk/norfolk-holiday-cottages/cockleshed-house/","200","OK"
"https://www.sowerbysholidaycottages.co.uk/norfolk-holiday-cottages/salt-marsh/","200","OK"
"https://www.sowerbysholidaycottages.co.uk/norfolk-holiday-cottages/louisa-barn/","200","OK"
"https://www.sowerbysholidaycottages.co.uk/norfolk-holiday-cottages/olives-cottage/","200","OK"
"https://www.sowerbysholidaycottages.co.uk/norfolk-holiday-cottages/the-cartshed-6-marshland-barns-2-bedrooms/","200","OK"
"https://www.sowerbysholidaycottages.co.uk/norfolk-holiday-cottages/basils-barn/","200","OK"
"https://www.sowerbysholidaycottages.co.uk/norfolk-holiday-cottages/school-pastures-6-bedrooms/","200","OK"
"https://www.sowerbysholidaycottages.co.uk/norfolk-holiday-cottages/bell-view-cottage/","200","OK"
"https://www.sowerbysholidaycottages.co.uk/norfolk-holiday-cottages/greystones/","200","OK"
"https://www.sowerbysholidaycottages.co.uk/norfolk-holiday-cottages/1-manor-farm-barns-2-bedrooms/","200","OK"
"https://www.sowerbysholidaycottages.co.uk/norfolk-holiday-cottages/orchard-house-5-bedrooms/","200","OK"
"https://www.sowerbysholidaycottages.co.uk/norfolk-holiday-cottages/the-old-smithy/","200","OK"
"https://www.sowerbysholidaycottages.co.uk/norfolk-holiday-cottages/the-lamp-house/","200","OK"
"https://www.sowerbysholidaycottages.co.uk/norfolk-holiday-cottages/beacon-hill-barn/","200","OK"
"https://www.sowerbysholidaycottages.co.uk/norfolk-holiday-cottages/seaborne-penthouse/","200","OK"
"https://www.sowerbysholidaycottages.co.uk/norfolk-holiday-cottages/oystercatchers/","200","OK"
"https://www.sowerbysholidaycottages.co.uk/norfolk-holiday-cottages/the-saltings/","200","OK"
"https://www.sowerbysholidaycottages.co.uk/norfolk-holiday-cottages/sail-away/","200","OK"
"https://www.sowerbysholidaycottages.co.uk/norfolk-holiday-cottages/peewits-penthouse/","200","OK"
"https://www.sowerbysholidaycottages.co.uk/norfolk-holiday-cottages/heronsway/","200","OK"
"https://www.sowerbysholidaycottages.co.uk/norfolk-holiday-cottages/slumber-barn-3-bedrooms/","200","OK"
"https://www.sowerbysholidaycottages.co.uk/norfolk-holiday-cottages/blackbird-barn/","200","OK"
"https://www.sowerbysholidaycottages.co.uk/norfolk-holiday-cottages/driftwood/","200","OK"
"https://www.sowerbysholidaycottages.co.uk/norfolk-holiday-cottages/scotts-cottage-6-bedrooms/","200","OK"
"https://www.sowerbysholidaycottages.co.uk/norfolk-holiday-cottages/cobblestone-cottage/","200","OK"
"https://www.sowerbysholidaycottages.co.uk/norfolk-holiday-cottages/allerdale-house/","200","OK"
"https://www.sowerbysholidaycottages.co.uk/norfolk-holiday-cottages/school-pastures-4-bedrooms/","200","OK"
"https://www.sowerbysholidaycottages.co.uk/norfolk-holiday-cottages/spring-cottage/","200","OK"
"https://www.sowerbysholidaycottages.co.uk/norfolk-holiday-cottages/stearmans-cottage/","200","OK"
"https://www.sowerbysholidaycottages.co.uk/norfolk-holiday-cottages/tides/","200","OK"
"https://www.sowerbysholidaycottages.co.uk/norfolk-holiday-cottages/chase-cottage-2-bedrooms/","200","OK"
"https://www.sowerbysholidaycottages.co.uk/norfolk-holiday-cottages/market-lane-house-3-bedrooms/","200","OK"
"https://www.sowerbysholidaycottages.co.uk/norfolk-holiday-cottages/chapel-cottages-godwit/","200","OK"
"https://www.sowerbysholidaycottages.co.uk/norfolk-holiday-cottages/badgets-2-bedrooms/","200","OK"
"https://www.sowerbysholidaycottages.co.uk/norfolk-holiday-cottages/the-pilchard/","200","OK"
"https://www.sowerbysholidaycottages.co.uk/map-search/?start_date=&duration=&sleeps=&dogs=&property=&bedrooms=&bathrooms=&village=&new=yes","200","OK"
"https://www.sowerbysholidaycottages.co.uk/norfolk-holiday-cottages/6-monteagle/","200","OK"
"https://www.sowerbysholidaycottages.co.uk/norfolk-holiday-cottages/badgets-3-bedrooms/","200","OK"
"https://www.sowerbysholidaycottages.co.uk/norfolk-holiday-cottages/chapel-cottages-bittern/","200","OK"
"https://www.sowerbysholidaycottages.co.uk/norfolk-holiday-cottages/boathouse-bliss/","200","OK"
"https://www.sowerbysholidaycottages.co.uk/norfolk-holiday-cottages/chapel-cottages-avocet/","200","OK"
"https://www.sowerbysholidaycottages.co.uk/norfolk-holiday-cottages/harts-house/","200","OK"
"https://www.sowerbysholidaycottages.co.uk/norfolk-holiday-cottages/sea-wood/","200","OK"
"https://www.sowerbysholidaycottages.co.uk/norfolk-holiday-cottages/chase-cottage/","200","OK"
"https://www.sowerbysholidaycottages.co.uk/norfolk-holiday-cottages/east-fleet/","200","OK"
"https://www.sowerbysholidaycottages.co.uk/norfolk-holiday-cottages/1-knights-cottages/","200","OK"
"https://www.sowerbysholidaycottages.co.uk/norfolk-holiday-cottages/gillies/","200","OK"
"https://www.sowerbysholidaycottages.co.uk/norfolk-holiday-cottages/neptune/","200","OK"
"https://www.sowerbysholidaycottages.co.uk/norfolk-holiday-cottages/island-house/","200","OK"
"https://www.sowerbysholidaycottages.co.uk/norfolk-holiday-cottages/sea-wood-3-bedrooms/","200","OK"
"https://www.sowerbysholidaycottages.co.uk/norfolk-holiday-cottages/harbour-view/","200","OK"
"https://www.sowerbysholidaycottages.co.uk/norfolk-holiday-cottages/longview-cottage/","200","OK"
"https://www.sowerbysholidaycottages.co.uk/norfolk-holiday-cottages/5-pauls-maltings/","200","OK"
"https://www.sowerbysholidaycottages.co.uk/norfolk-holiday-cottages/sunnydene/","200","OK"
"https://www.sowerbysholidaycottages.co.uk/norfolk-holiday-cottages/staithe-barn/","200","OK"
"https://www.sowerbysholidaycottages.co.uk/norfolk-holiday-cottages/the-cottage-overy-staithe/","200","OK"
"https://www.sowerbysholidaycottages.co.uk/norfolk-holiday-cottages/ongar-lodge/","200","OK"
"https://www.sowerbysholidaycottages.co.uk/norfolk-holiday-cottages/sea-breeze/","200","OK"
"https://www.sowerbysholidaycottages.co.uk/norfolk-holiday-cottages/pear-tree-cottage/","200","OK"
"https://www.sowerbysholidaycottages.co.uk/norfolk-holiday-cottages/cobblestones/","200","OK"
"https://www.sowerbysholidaycottages.co.uk/norfolk-holiday-cottages/falgate/","200","OK"
"https://www.sowerbysholidaycottages.co.uk/norfolk-holiday-cottages/2-pauls-maltings/","200","OK"
"https://www.sowerbysholidaycottages.co.uk/norfolk-holiday-cottages/foam-crest/","200","OK"
"https://www.sowerbysholidaycottages.co.uk/norfolk-holiday-cottages/beachcomber/","200","OK"
"https://www.sowerbysholidaycottages.co.uk/norfolk-holiday-cottages/green-tiles/","200","OK"
"https://www.sowerbysholidaycottages.co.uk/norfolk-holiday-cottages/4-pauls-maltings/","200","OK"
"https://www.sowerbysholidaycottages.co.uk/norfolk-holiday-cottages/6-the-granary/","200","OK"
"https://www.sowerbysholidaycottages.co.uk/norfolk-holiday-cottages/mow-creek-cottage/","200","OK"
"https://www.sowerbysholidaycottages.co.uk/norfolk-holiday-cottages/cockle-beach/","200","OK"
"https://www.sowerbysholidaycottages.co.uk/norfolk-holiday-cottages/2-knights-cottages/","200","OK"
"https://www.sowerbysholidaycottages.co.uk/norfolk-holiday-cottages/2-dormy-house/","200","OK"
"https://www.sowerbysholidaycottages.co.uk/norfolk-holiday-cottages/quayside/","200","OK"
"https://www.sowerbysholidaycottages.co.uk/norfolk-holiday-cottages/washington-lodge/","200","OK"
"https://www.sowerbysholidaycottages.co.uk/norfolk-holiday-cottages/harrier-cottage/","200","OK"
"https://www.sowerbysholidaycottages.co.uk/norfolk-holiday-cottages/sea-view/","200","OK"
"https://www.sowerbysholidaycottages.co.uk/norfolk-holiday-cottages/scotts-lodge/","200","OK"
"https://www.sowerbysholidaycottages.co.uk/norfolk-holiday-cottages/sandbanks/","200","OK"
"https://www.sowerbysholidaycottages.co.uk/map-search/?start_date=&duration=&sleeps=&dogs=&property=&action=quicksearch&bedrooms=&bathrooms=&village=&has_sea_view=yes","200","OK"
"https://www.sowerbysholidaycottages.co.uk/norfolk-holiday-cottages/harbour-cottage/","200","OK"
"https://www.sowerbysholidaycottages.co.uk/property-details-print/?propertyID=3401","200","OK"
"https://www.sowerbysholidaycottages.co.uk/norfolk-holiday-cottages/samphire-cottage/","200","OK"
"https://www.sowerbysholidaycottages.co.uk/norfolk-holiday-cottages/lime-cottage/","200","OK"
"https://www.sowerbysholidaycottages.co.uk/norfolk-holiday-cottages/lilac-cottage/","200","OK"
"https://www.sowerbysholidaycottages.co.uk/norfolk-holiday-cottages/dolphin-cottage/","200","OK"
"https://www.sowerbysholidaycottages.co.uk/norfolk-holiday-cottages/beamish/","200","OK"
"https://www.sowerbysholidaycottages.co.uk/norfolk-holiday-cottages/josh-cottage/","200","OK"
"https://www.sowerbysholidaycottages.co.uk/norfolk-holiday-cottages/old-barn/","200","OK"
"https://www.sowerbysholidaycottages.co.uk/norfolk-holiday-cottages/brent-burn/","200","OK"
"https://www.sowerbysholidaycottages.co.uk/norfolk-holiday-cottages/orchard-house-140/","200","OK"
"https://www.sowerbysholidaycottages.co.uk/norfolk-holiday-cottages/lapwing/","200","OK"
"https://www.sowerbysholidaycottages.co.uk/norfolk-holiday-cottages/beck-cottage/","200","OK"
"https://www.sowerbysholidaycottages.co.uk/norfolk-holiday-cottages/garden-cottage/","200","OK"
"https://www.sowerbysholidaycottages.co.uk/norfolk-holiday-cottages/pinkleton/","200","OK"
"https://www.sowerbysholidaycottages.co.uk/norfolk-holiday-cottages/linksway-2-bedrooms/","200","OK"
"https://www.sowerbysholidaycottages.co.uk/norfolk-holiday-cottages/seal-cottage/","200","OK"
"https://www.sowerbysholidaycottages.co.uk/norfolk-holiday-cottages/lantern-cottage/","200","OK"
"https://www.sowerbysholidaycottages.co.uk/norfolk-holiday-cottages/skylark/","200","OK"
"https://www.sowerbysholidaycottages.co.uk/norfolk-holiday-cottages/chadwicks/","200","OK"
"https://www.sowerbysholidaycottages.co.uk/norfolk-holiday-cottages/seawards/","200","OK"
"https://www.sowerbysholidaycottages.co.uk/norfolk-holiday-cottages/lavender-house/","200","OK"
"https://www.sowerbysholidaycottages.co.uk/norfolk-holiday-cottages/rose-cottage/","200","OK"
"https://www.sowerbysholidaycottages.co.uk/norfolk-holiday-cottages/field-cottage-in-brancaster-staithe/","200","OK"
"https://www.sowerbysholidaycottages.co.uk/norfolk-holiday-cottages/garden-house/","200","OK"
"https://www.sowerbysholidaycottages.co.uk/norfolk-holiday-cottages/1-railway-cottages/","200","OK"
"https://www.sowerbysholidaycottages.co.uk/norfolk-holiday-cottages/lavender-cottage/","200","OK"
"https://www.sowerbysholidaycottages.co.uk/norfolk-holiday-cottages/eastwood-house-2-bedrooms/","200","OK"
"https://www.sowerbysholidaycottages.co.uk/norfolk-holiday-cottages/sea-lavender-cottage/","200","OK"
"https://www.sowerbysholidaycottages.co.uk/norfolk-holiday-cottages/market-lane-house/","200","OK"
"https://www.sowerbysholidaycottages.co.uk/norfolk-holiday-cottages/crows-nest-cottage/","200","OK"
"https://www.sowerbysholidaycottages.co.uk/norfolk-holiday-cottages/the-cottage-erpingham-court/","200","OK"
"https://www.sowerbysholidaycottages.co.uk/norfolk-holiday-cottages/curlew-cottage-2-bedrooms/","200","OK"
"https://www.sowerbysholidaycottages.co.uk/norfolk-holiday-cottages/old-hunny-cottage/","200","OK"
"https://www.sowerbysholidaycottages.co.uk/norfolk-holiday-cottages/4-odd-fellows-court/","200","OK"
"https://www.sowerbysholidaycottages.co.uk/norfolk-holiday-cottages/saltmarshes/","200","OK"
"https://www.sowerbysholidaycottages.co.uk/norfolk-holiday-cottages/curlew-cottage/","200","OK"
"https://www.sowerbysholidaycottages.co.uk/norfolk-holiday-cottages/holly-cottage/","200","OK"
"https://www.sowerbysholidaycottages.co.uk/norfolk-holiday-cottages/furnace-cottage/","200","OK"
"https://www.sowerbysholidaycottages.co.uk/norfolk-holiday-cottages/harpers/","200","OK"
"https://www.sowerbysholidaycottages.co.uk/norfolk-holiday-cottages/fleece-house/","200","OK"
"https://www.sowerbysholidaycottages.co.uk/norfolk-holiday-cottages/cherry-tree-cottage/","200","OK"
"https://www.sowerbysholidaycottages.co.uk/norfolk-holiday-cottages/fortune-cottage/","200","OK"
"https://www.sowerbysholidaycottages.co.uk/norfolk-holiday-cottages/claremont-house/","200","OK"
"https://www.sowerbysholidaycottages.co.uk/norfolk-holiday-cottages/the-new-cottage/","200","OK"
"https://www.sowerbysholidaycottages.co.uk/norfolk-holiday-cottages/turnstone/","200","OK"
"https://www.sowerbysholidaycottages.co.uk/norfolk-holiday-cottages/field-cottage-in-docking/","200","OK"
"https://www.sowerbysholidaycottages.co.uk/norfolk-holiday-cottages/edinburgh-house-with-annex/","200","OK"
"https://www.sowerbysholidaycottages.co.uk/norfolk-holiday-cottages/holly-house/","200","OK"
"https://www.sowerbysholidaycottages.co.uk/norfolk-holiday-cottages/wren-cottage/","200","OK"
"https://www.sowerbysholidaycottages.co.uk/norfolk-holiday-cottages/langham-house/","200","OK"
"https://www.sowerbysholidaycottages.co.uk/norfolk-holiday-cottages/honeysuckle-cottage/","200","OK"
"https://www.sowerbysholidaycottages.co.uk/norfolk-holiday-cottages/the-stables-manor-court/","200","OK"
"https://www.sowerbysholidaycottages.co.uk/norfolk-holiday-cottages/honeystone-mews/","200","OK"
"https://www.sowerbysholidaycottages.co.uk/norfolk-holiday-cottages/the-manse/","200","OK"
"https://www.sowerbysholidaycottages.co.uk/norfolk-holiday-cottages/3-lavender-cottage/","200","OK"
"https://www.sowerbysholidaycottages.co.uk/norfolk-holiday-cottages/ivy-cottage/","200","OK"
"https://www.sowerbysholidaycottages.co.uk/norfolk-holiday-cottages/eastwood-house/","200","OK"
"https://www.sowerbysholidaycottages.co.uk/norfolk-holiday-cottages/little-tern/","200","OK"
"https://www.sowerbysholidaycottages.co.uk/norfolk-holiday-cottages/edinburgh-house/","200","OK"
"https://www.sowerbysholidaycottages.co.uk/norfolk-holiday-cottages/tucwel/","200","OK"
"https://www.sowerbysholidaycottages.co.uk/norfolk-holiday-cottages/norton-cottage/","200","OK"
"https://www.sowerbysholidaycottages.co.uk/norfolk-holiday-cottages/the-hideaway-6a/","200","OK"
"https://www.sowerbysholidaycottages.co.uk/norfolk-holiday-cottages/cornloft-cottage/","200","OK"
"https://www.sowerbysholidaycottages.co.uk/norfolk-holiday-cottages/hilltop-nc/","200","OK"
"https://www.sowerbysholidaycottages.co.uk/norfolk-holiday-cottages/east-cottage/","200","OK"
"https://www.sowerbysholidaycottages.co.uk/norfolk-holiday-cottages/3-links-court/","200","OK"
"https://www.sowerbysholidaycottages.co.uk/norfolk-holiday-cottages/sandton-house/","200","OK"
"https://www.sowerbysholidaycottages.co.uk/norfolk-holiday-cottages/field-house/","200","OK"
"https://www.sowerbysholidaycottages.co.uk/norfolk-holiday-cottages/nelson-lodge/","200","OK"
"https://www.sowerbysholidaycottages.co.uk/norfolk-holiday-cottages/kitts-cottage/","200","OK"
"https://www.sowerbysholidaycottages.co.uk/norfolk-holiday-cottages/butts-corner-2-bedrooms/","200","OK"
"https://www.sowerbysholidaycottages.co.uk/norfolk-holiday-cottages/2-hunts-cottages/","200","OK"
"https://www.sowerbysholidaycottages.co.uk/norfolk-holiday-cottages/3-pond-end-row/","200","OK"
"https://www.sowerbysholidaycottages.co.uk/norfolk-holiday-cottages/butts-corner/","200","OK"
"https://www.sowerbysholidaycottages.co.uk/norfolk-holiday-cottages/hare-cottage/","200","OK"
"https://www.sowerbysholidaycottages.co.uk/norfolk-holiday-cottages/pangurs-piece/","200","OK"
"https://www.sowerbysholidaycottages.co.uk/norfolk-holiday-cottages/linksway/","200","OK"
"https://www.sowerbysholidaycottages.co.uk/map-search/?start_date=&duration=&sleeps=&dogs=&villageorproperty=&bedrooms=&bathrooms=&dogs_by_arrangement=yes&dogs_accepted=yes","200","OK"
"https://www.sowerbysholidaycottages.co.uk/norfolk-holiday-cottages/pickles-cottage/","200","OK"
"https://www.sowerbysholidaycottages.co.uk/property-details-print/?propertyID=3282","200","OK"
"https://www.sowerbysholidaycottages.co.uk/norfolk-holiday-cottages/holly-house-2-bedrooms/","200","OK"
"https://www.sowerbysholidaycottages.co.uk/norfolk-holiday-cottages/la-mouette/","200","OK"
"https://www.sowerbysholidaycottages.co.uk/norfolk-holiday-cottages/badgets/","200","OK"
"https://www.sowerbysholidaycottages.co.uk/norfolk-holiday-cottages/saffron-cottage/","200","OK"
"https://www.sowerbysholidaycottages.co.uk/norfolk-holiday-cottages/garden-folly/","200","OK"
"https://www.sowerbysholidaycottages.co.uk/norfolk-holiday-cottages/5-monteagle/","200","OK"
"https://www.sowerbysholidaycottages.co.uk/norfolk-holiday-cottages/jeeves-retreat/","200","OK"
"https://www.sowerbysholidaycottages.co.uk/norfolk-holiday-cottages/allpoints-cottage/","200","OK"
"https://www.sowerbysholidaycottages.co.uk/norfolk-holiday-cottages/wellington-cottage/","200","OK"
"https://www.sowerbysholidaycottages.co.uk/norfolk-holiday-cottages/honeystone/","200","OK"
"https://www.sowerbysholidaycottages.co.uk/norfolk-holiday-cottages/old-school-house/","200","OK"
"https://www.sowerbysholidaycottages.co.uk/norfolk-holiday-cottages/beech-cottage/","200","OK"
"https://www.sowerbysholidaycottages.co.uk/norfolk-holiday-cottages/windjammer/","200","OK"
"https://www.sowerbysholidaycottages.co.uk/norfolk-holiday-cottages/tern-cottage/","200","OK"
"https://www.sowerbysholidaycottages.co.uk/norfolk-holiday-cottages/oak-cottage/","200","OK"
"https://www.sowerbysholidaycottages.co.uk/norfolk-holiday-cottages/the-foundry/","200","OK"
"https://www.sowerbysholidaycottages.co.uk/norfolk-holiday-cottages/3-smugglers-cove/","200","OK"
"https://www.sowerbysholidaycottages.co.uk/norfolk-holiday-cottages/bliss-cottage/","200","OK"
"https://www.sowerbysholidaycottages.co.uk/norfolk-holiday-cottages/sutton-cottage/","200","OK"
"https://www.sowerbysholidaycottages.co.uk/norfolk-holiday-cottages/samphire-barn/","200","OK"
"https://www.sowerbysholidaycottages.co.uk/norfolk-holiday-cottages/2-school-row/","200","OK"
"https://www.sowerbysholidaycottages.co.uk/norfolk-holiday-cottages/wellfleet-cottage/","200","OK"
"https://www.sowerbysholidaycottages.co.uk/norfolk-holiday-cottages/bluebell-cottage/","200","OK"
"https://www.sowerbysholidaycottages.co.uk/norfolk-holiday-cottages/truncheons-reach/","200","OK"
"https://www.sowerbysholidaycottages.co.uk/norfolk-holiday-cottages/seasalt-cottage/","200","OK"
"https://www.sowerbysholidaycottages.co.uk/norfolk-holiday-cottages/star-cottage/","200","OK"
"https://www.sowerbysholidaycottages.co.uk/norfolk-holiday-cottages/grasshopper-cottage/","200","OK"
"https://www.sowerbysholidaycottages.co.uk/norfolk-holiday-cottages/mill-view-burnham-norton/","200","OK"
"https://www.sowerbysholidaycottages.co.uk/norfolk-holiday-cottages/jeeves-hideaway/","200","OK"
"https://www.sowerbysholidaycottages.co.uk/norfolk-holiday-cottages/bailey-wick-cottage/","200","OK"
"https://www.sowerbysholidaycottages.co.uk/norfolk-holiday-cottages/ellas-cottage/","200","OK"
"https://www.sowerbysholidaycottages.co.uk/wishlist/","200","OK"
"https://www.sowerbysholidaycottages.co.uk/norfolk-holiday-cottages/fox-cottage/","200","OK"
"https://www.sowerbysholidaycottages.co.uk/norfolk-holiday-cottages/sunset-view/","200","OK"
"https://www.sowerbysholidaycottages.co.uk/popular-norfolk-holiday-areas/old-hunstanton-area/","200","OK"
"https://www.sowerbysholidaycottages.co.uk/popular-norfolk-holiday-areas/brancaster-area/","200","OK"
"https://www.sowerbysholidaycottages.co.uk/popular-norfolk-holiday-areas/the-burnhams-area/","200","OK"
"https://www.sowerbysholidaycottages.co.uk/popular-norfolk-holiday-areas/wells-next-the-sea-area/","200","OK"
"https://www.sowerbysholidaycottages.co.uk/norfolk-holiday-cottages/boatmans-cottage/","200","OK"
"https://www.sowerbysholidaycottages.co.uk/norfolk-holiday-cottages/pebble-cottage/","200","OK"
"https://www.sowerbysholidaycottages.co.uk/norfolk-holiday-cottages/orchard-house-docking/","200","OK"
"https://www.sowerbysholidaycottages.co.uk/norfolk-holiday-cottages/little-twitchers/","200","OK"
"https://www.sowerbysholidaycottages.co.uk/norfolk-holiday-cottages/virginia-cottage/","200","OK"
"https://www.sowerbysholidaycottages.co.uk/norfolk-holiday-cottages/duckling-cottage/","200","OK"
"https://www.sowerbysholidaycottages.co.uk/norfolk-holiday-cottages/bonnierigg/","200","OK"
"https://www.sowerbysholidaycottages.co.uk/norfolk-holiday-cottages/windswept-cottage/","200","OK"
"https://www.sowerbysholidaycottages.co.uk/norfolk-holiday-cottages/cherryhill/","200","OK"
"https://www.sowerbysholidaycottages.co.uk/norfolk-holiday-cottages/2-waterhall-cottages/","200","OK"
"https://www.sowerbysholidaycottages.co.uk/property-details-print/?propertyID=5140","200","OK"
"https://www.sowerbysholidaycottages.co.uk/norfolk-holiday-cottages/field-cottage-in-fring/","200","OK"
"https://www.sowerbysholidaycottages.co.uk/norfolk-holiday-cottages/hares-end/","200","OK"
