"Address","Occurrences","Meta Robots 1","X-Robots-Tag 1","Meta Refresh 1","Canonical Link Element 1","HTTP Canonical","Indexability","Indexability Status"
"https://www.sowerbysholidaycottages.co.uk/","1","index, follow, max-image-preview:large, max-snippet:-1, max-video-preview:-1","","","https://www.sowerbysholidaycottages.co.uk/","","Indexable",""
"https://www.sowerbysholidaycottages.co.uk/inspiration/","1","index, follow, max-image-preview:large, max-snippet:-1, max-video-preview:-1","","","https://www.sowerbysholidaycottages.co.uk/inspiration/","","Indexable",""
"https://www.sowerbysholidaycottages.co.uk/inspiration/norfolk-holiday-cottage-special-offers/","1","index, follow, max-image-preview:large, max-snippet:-1, max-video-preview:-1","","","https://www.sowerbysholidaycottages.co.uk/inspiration/norfolk-holiday-cottage-special-offers/","","Indexable",""
"https://www.sowerbysholidaycottages.co.uk/norfolk-holiday-locations/alphabetical-list-of-villages/","1","index, follow, max-image-preview:large, max-snippet:-1, max-video-preview:-1","","","https://www.sowerbysholidaycottages.co.uk/norfolk-holiday-locations/alphabetical-list-of-villages/","","Indexable",""
"https://www.sowerbysholidaycottages.co.uk/popular-norfolk-holiday-features/luxury-collection/","1","index, follow, max-image-preview:large, max-snippet:-1, max-video-preview:-1","","","https://www.sowerbysholidaycottages.co.uk/popular-norfolk-holiday-features/luxury-collection/","","Indexable",""
"https://www.sowerbysholidaycottages.co.uk/holiday-cottage-owner-information/owner-testimonials/","1","index, follow, max-image-preview:large, max-snippet:-1, max-video-preview:-1","","","https://www.sowerbysholidaycottages.co.uk/holiday-cottage-owner-information/owner-testimonials/","","Indexable",""
"https://www.sowerbysholidaycottages.co.uk/about-sowerbys-holiday-cottages/faqs/","1","index, follow, max-image-preview:large, max-snippet:-1, max-video-preview:-1","","","https://www.sowerbysholidaycottages.co.uk/about-sowerbys-holiday-cottages/faqs/","","Indexable",""
"https://www.sowerbysholidaycottages.co.uk/norfolk-holiday-cottage-search/?start_date=&duration=&sleeps=&dogs=&village=&bedrooms=&bathrooms=&property=&special_offer=yes","1","index, follow, max-image-preview:large, max-snippet:-1, max-video-preview:-1","","","https://www.sowerbysholidaycottages.co.uk/norfolk-holiday-cottage-search/","","Non-Indexable","Canonicalised"
"https://www.sowerbysholidaycottages.co.uk/norfolk-holiday-cottage-search/?start_date=&duration=&sleeps=&dogs=&property=&bedrooms=&bathrooms=&village=&new=yes","1","index, follow, max-image-preview:large, max-snippet:-1, max-video-preview:-1","","","https://www.sowerbysholidaycottages.co.uk/norfolk-holiday-cottage-search/","","Non-Indexable","Canonicalised"
"https://www.sowerbysholidaycottages.co.uk/popular-norfolk-holiday-features/sea-views/","1","index, follow, max-image-preview:large, max-snippet:-1, max-video-preview:-1","","","https://www.sowerbysholidaycottages.co.uk/popular-norfolk-holiday-features/sea-views/","","Indexable",""
"https://www.sowerbysholidaycottages.co.uk/norfolk-holiday-cottage-search/?start_date=&duration=&sleeps=&dogs=&property=&action=quicksearch&bedrooms=&bathrooms=&village=&has_sea_view=yes","1","index, follow, max-image-preview:large, max-snippet:-1, max-video-preview:-1","","","https://www.sowerbysholidaycottages.co.uk/norfolk-holiday-cottage-search/","","Non-Indexable","Canonicalised"
"https://www.sowerbysholidaycottages.co.uk/bespoke-management-service/","1","index, follow, max-image-preview:large, max-snippet:-1, max-video-preview:-1","","","https://www.sowerbysholidaycottages.co.uk/bespoke-management-service/","","Indexable",""
"https://www.sowerbysholidaycottages.co.uk/norfolk-holiday-cottages/washmeres/","1","index, follow, max-image-preview:large, max-snippet:-1, max-video-preview:-1","","","https://www.sowerbysholidaycottages.co.uk/norfolk-holiday-cottages/washmeres/","","Indexable",""
"https://www.sowerbysholidaycottages.co.uk/popular-norfolk-holiday-features/electric-charging/","1","index, follow, max-image-preview:large, max-snippet:-1, max-video-preview:-1","","","https://www.sowerbysholidaycottages.co.uk/popular-norfolk-holiday-features/electric-charging/","","Indexable",""
"https://www.sowerbysholidaycottages.co.uk/norfolk-holiday-locations/","1","index, follow, max-image-preview:large, max-snippet:-1, max-video-preview:-1","","","https://www.sowerbysholidaycottages.co.uk/norfolk-holiday-locations/","","Indexable",""
"https://www.sowerbysholidaycottages.co.uk/about-sowerbys-holiday-cottages/meet-the-team/","1","index, follow, max-image-preview:large, max-snippet:-1, max-video-preview:-1","","","https://www.sowerbysholidaycottages.co.uk/about-sowerbys-holiday-cottages/meet-the-team/","","Indexable",""
"https://www.sowerbysholidaycottages.co.uk/popular-norfolk-holiday-features/romantic-break/","1","index, follow, max-image-preview:large, max-snippet:-1, max-video-preview:-1","","","https://www.sowerbysholidaycottages.co.uk/popular-norfolk-holiday-features/romantic-break/","","Indexable",""
"https://www.sowerbysholidaycottages.co.uk/contact-sowerbys-holiday-cottages/","1","index, follow, max-image-preview:large, max-snippet:-1, max-video-preview:-1","","","https://www.sowerbysholidaycottages.co.uk/contact-sowerbys-holiday-cottages/","","Indexable",""
"https://www.sowerbysholidaycottages.co.uk/norfolk-holiday-cottages/little-barwick/","1","index, follow, max-image-preview:large, max-snippet:-1, max-video-preview:-1","","","https://www.sowerbysholidaycottages.co.uk/norfolk-holiday-cottages/little-barwick/","","Indexable",""
"https://www.sowerbysholidaycottages.co.uk/norfolk-holiday-cottage-search/?start_date=&duration=&sleeps=&dogs=&villageorproperty=&bedrooms=&bathrooms=&dogs_by_arrangement=yes&dogs_accepted=yes","1","index, follow, max-image-preview:large, max-snippet:-1, max-video-preview:-1","","","https://www.sowerbysholidaycottages.co.uk/norfolk-holiday-cottage-search/","","Non-Indexable","Canonicalised"
"https://www.sowerbysholidaycottages.co.uk/norfolk-holiday-cottages/violet/","1","index, follow, max-image-preview:large, max-snippet:-1, max-video-preview:-1","","","https://www.sowerbysholidaycottages.co.uk/norfolk-holiday-cottages/violet/","","Indexable",""
"https://www.sowerbysholidaycottages.co.uk/inspiration/blog/","1","index, follow, max-image-preview:large, max-snippet:-1, max-video-preview:-1","","","https://www.sowerbysholidaycottages.co.uk/inspiration/blog/","","Indexable",""
"https://www.sowerbysholidaycottages.co.uk/inspiration/things-to-do-in-norfolk/","1","index, follow, max-image-preview:large, max-snippet:-1, max-video-preview:-1","","","https://www.sowerbysholidaycottages.co.uk/inspiration/things-to-do-in-norfolk/","","Indexable",""
"https://www.sowerbysholidaycottages.co.uk/terms-and-conditions/","1","index, follow, max-image-preview:large, max-snippet:-1, max-video-preview:-1","","","https://www.sowerbysholidaycottages.co.uk/terms-and-conditions/","","Indexable",""
"https://www.sowerbysholidaycottages.co.uk/request-your-free-homeowners-guide/","1","index, follow, max-image-preview:large, max-snippet:-1, max-video-preview:-1","","","https://www.sowerbysholidaycottages.co.uk/request-your-free-homeowners-guide/","","Indexable",""
"https://www.sowerbysholidaycottages.co.uk/about-sowerbys-holiday-cottages/","1","index, follow, max-image-preview:large, max-snippet:-1, max-video-preview:-1","","","https://www.sowerbysholidaycottages.co.uk/about-sowerbys-holiday-cottages/","","Indexable",""
"https://www.sowerbysholidaycottages.co.uk/norfolk-holiday-cottages/beachside/","1","index, follow, max-image-preview:large, max-snippet:-1, max-video-preview:-1","","","https://www.sowerbysholidaycottages.co.uk/norfolk-holiday-cottages/beachside/","","Indexable",""
"https://www.sowerbysholidaycottages.co.uk/about-sowerbys-holiday-cottages/our-norfolk-estate-agents/","1","index, follow, max-image-preview:large, max-snippet:-1, max-video-preview:-1","","","https://www.sowerbysholidaycottages.co.uk/about-sowerbys-holiday-cottages/our-norfolk-estate-agents/","","Indexable",""
"https://www.sowerbysholidaycottages.co.uk/inspiration/norfolk-events/","1","index, follow, max-image-preview:large, max-snippet:-1, max-video-preview:-1","","","https://www.sowerbysholidaycottages.co.uk/inspiration/norfolk-events/","","Indexable",""
"https://www.sowerbysholidaycottages.co.uk/seasonal-guide-request/","1","index, follow, max-image-preview:large, max-snippet:-1, max-video-preview:-1","","","https://www.sowerbysholidaycottages.co.uk/seasonal-guide-request/","","Indexable",""
"https://www.sowerbysholidaycottages.co.uk/norfolk-holiday-cottage-search/alphabetical-list/","1","index, follow, max-image-preview:large, max-snippet:-1, max-video-preview:-1","","","https://www.sowerbysholidaycottages.co.uk/norfolk-holiday-cottage-search/alphabetical-list/","","Indexable",""
"https://www.sowerbysholidaycottages.co.uk/inspiration/seasonal-guides/","1","index, follow, max-image-preview:large, max-snippet:-1, max-video-preview:-1","","","https://www.sowerbysholidaycottages.co.uk/inspiration/seasonal-guides/","","Indexable",""
"https://www.sowerbysholidaycottages.co.uk/norfolk-holiday-cottage-search/?start_date=&duration=&sleeps=10&dogs=&property=&bedrooms=&bathrooms=&village=","1","index, follow, max-image-preview:large, max-snippet:-1, max-video-preview:-1","","","https://www.sowerbysholidaycottages.co.uk/norfolk-holiday-cottage-search/","","Non-Indexable","Canonicalised"
"https://www.sowerbysholidaycottages.co.uk/holiday-cottage-owner-information/","1","index, follow, max-image-preview:large, max-snippet:-1, max-video-preview:-1","","","https://www.sowerbysholidaycottages.co.uk/holiday-cottage-owner-information/","","Indexable",""
"https://www.sowerbysholidaycottages.co.uk/popular-norfolk-holiday-features/dogs-accepted/","1","index, follow, max-image-preview:large, max-snippet:-1, max-video-preview:-1","","","https://www.sowerbysholidaycottages.co.uk/popular-norfolk-holiday-features/dogs-accepted/","","Indexable",""
"https://www.sowerbysholidaycottages.co.uk/norfolk-holiday-cottages/aster-house/","1","index, follow, max-image-preview:large, max-snippet:-1, max-video-preview:-1","","","https://www.sowerbysholidaycottages.co.uk/norfolk-holiday-cottages/aster-house/","","Indexable",""
"https://www.sowerbysholidaycottages.co.uk/norfolk-holiday-cottages/3-the-old-school/","1","index, follow, max-image-preview:large, max-snippet:-1, max-video-preview:-1","","","https://www.sowerbysholidaycottages.co.uk/norfolk-holiday-cottages/3-the-old-school/","","Indexable",""
"https://www.sowerbysholidaycottages.co.uk/norfolk-holiday-cottages/channel-view-and-cottage/","1","index, follow, max-image-preview:large, max-snippet:-1, max-video-preview:-1","","","https://www.sowerbysholidaycottages.co.uk/norfolk-holiday-cottages/channel-view-and-cottage/","","Indexable",""
"https://www.sowerbysholidaycottages.co.uk/norfolk-holiday-cottages/3-marshland-barns/","1","index, follow, max-image-preview:large, max-snippet:-1, max-video-preview:-1","","","https://www.sowerbysholidaycottages.co.uk/norfolk-holiday-cottages/3-marshland-barns/","","Indexable",""
"https://www.sowerbysholidaycottages.co.uk/norfolk-holiday-cottage-search/","1","index, follow, max-image-preview:large, max-snippet:-1, max-video-preview:-1","","","https://www.sowerbysholidaycottages.co.uk/norfolk-holiday-cottage-search/","","Indexable",""
"https://www.sowerbysholidaycottages.co.uk/norfolk-holiday-cottages/the-dairy-barn-2-bedrooms/","1","index, follow, max-image-preview:large, max-snippet:-1, max-video-preview:-1","","","https://www.sowerbysholidaycottages.co.uk/norfolk-holiday-cottages/the-dairy-barn-2-bedrooms/","","Indexable",""
"https://www.sowerbysholidaycottages.co.uk/norfolk-holiday-cottages/pantiles/","1","index, follow, max-image-preview:large, max-snippet:-1, max-video-preview:-1","","","https://www.sowerbysholidaycottages.co.uk/norfolk-holiday-cottages/pantiles/","","Indexable",""
"https://www.sowerbysholidaycottages.co.uk/norfolk-holiday-cottages/crowberry-barn/","1","index, follow, max-image-preview:large, max-snippet:-1, max-video-preview:-1","","","https://www.sowerbysholidaycottages.co.uk/norfolk-holiday-cottages/crowberry-barn/","","Indexable",""
"https://www.sowerbysholidaycottages.co.uk/norfolk-holiday-cottages/close-cottage/","1","index, follow, max-image-preview:large, max-snippet:-1, max-video-preview:-1","","","https://www.sowerbysholidaycottages.co.uk/norfolk-holiday-cottages/close-cottage/","","Indexable",""
"https://www.sowerbysholidaycottages.co.uk/norfolk-holiday-cottages/sunnyvale/","1","index, follow, max-image-preview:large, max-snippet:-1, max-video-preview:-1","","","https://www.sowerbysholidaycottages.co.uk/norfolk-holiday-cottages/sunnyvale/","","Indexable",""
"https://www.sowerbysholidaycottages.co.uk/norfolk-holiday-cottages/nelson-cottage/","1","index, follow, max-image-preview:large, max-snippet:-1, max-video-preview:-1","","","https://www.sowerbysholidaycottages.co.uk/norfolk-holiday-cottages/nelson-cottage/","","Indexable",""
"https://www.sowerbysholidaycottages.co.uk/norfolk-holiday-cottages/sybil-cottage/","1","index, follow, max-image-preview:large, max-snippet:-1, max-video-preview:-1","","","https://www.sowerbysholidaycottages.co.uk/norfolk-holiday-cottages/sybil-cottage/","","Indexable",""
"https://www.sowerbysholidaycottages.co.uk/norfolk-holiday-cottages/the-old-forge/","1","index, follow, max-image-preview:large, max-snippet:-1, max-video-preview:-1","","","https://www.sowerbysholidaycottages.co.uk/norfolk-holiday-cottages/the-old-forge/","","Indexable",""
"https://www.sowerbysholidaycottages.co.uk/norfolk-holiday-cottages/slumber-barn-5-bedrooms/","1","index, follow, max-image-preview:large, max-snippet:-1, max-video-preview:-1","","","https://www.sowerbysholidaycottages.co.uk/norfolk-holiday-cottages/slumber-barn-5-bedrooms/","","Indexable",""
"https://www.sowerbysholidaycottages.co.uk/norfolk-holiday-cottages/flagstaff-cottage/","1","index, follow, max-image-preview:large, max-snippet:-1, max-video-preview:-1","","","https://www.sowerbysholidaycottages.co.uk/norfolk-holiday-cottages/flagstaff-cottage/","","Indexable",""
"https://www.sowerbysholidaycottages.co.uk/norfolk-holiday-cottages/the-old-post-office/","1","index, follow, max-image-preview:large, max-snippet:-1, max-video-preview:-1","","","https://www.sowerbysholidaycottages.co.uk/norfolk-holiday-cottages/the-old-post-office/","","Indexable",""
"https://www.sowerbysholidaycottages.co.uk/norfolk-holiday-cottages/the-dairy-barn/","1","index, follow, max-image-preview:large, max-snippet:-1, max-video-preview:-1","","","https://www.sowerbysholidaycottages.co.uk/norfolk-holiday-cottages/the-dairy-barn/","","Indexable",""
"https://www.sowerbysholidaycottages.co.uk/norfolk-holiday-cottages/oak-tree-cottage/","1","index, follow, max-image-preview:large, max-snippet:-1, max-video-preview:-1","","","https://www.sowerbysholidaycottages.co.uk/norfolk-holiday-cottages/oak-tree-cottage/","","Indexable",""
"https://www.sowerbysholidaycottages.co.uk/norfolk-holiday-cottages/1-king-william-cottage/","1","index, follow, max-image-preview:large, max-snippet:-1, max-video-preview:-1","","","https://www.sowerbysholidaycottages.co.uk/norfolk-holiday-cottages/1-king-william-cottage/","","Indexable",""
"https://www.sowerbysholidaycottages.co.uk/norfolk-holiday-cottages/flagstaff-boathouse/","1","index, follow, max-image-preview:large, max-snippet:-1, max-video-preview:-1","","","https://www.sowerbysholidaycottages.co.uk/norfolk-holiday-cottages/flagstaff-boathouse/","","Indexable",""
"https://www.sowerbysholidaycottages.co.uk/norfolk-holiday-cottages/1-crarves/","1","index, follow, max-image-preview:large, max-snippet:-1, max-video-preview:-1","","","https://www.sowerbysholidaycottages.co.uk/norfolk-holiday-cottages/1-crarves/","","Indexable",""
"https://www.sowerbysholidaycottages.co.uk/norfolk-holiday-cottages/the-paddock/","1","index, follow, max-image-preview:large, max-snippet:-1, max-video-preview:-1","","","https://www.sowerbysholidaycottages.co.uk/norfolk-holiday-cottages/the-paddock/","","Indexable",""
"https://www.sowerbysholidaycottages.co.uk/norfolk-holiday-cottages/beehive-cottage/","1","index, follow, max-image-preview:large, max-snippet:-1, max-video-preview:-1","","","https://www.sowerbysholidaycottages.co.uk/norfolk-holiday-cottages/beehive-cottage/","","Indexable",""
"https://www.sowerbysholidaycottages.co.uk/norfolk-holiday-cottages/eider-cottage/","1","index, follow, max-image-preview:large, max-snippet:-1, max-video-preview:-1","","","https://www.sowerbysholidaycottages.co.uk/norfolk-holiday-cottages/eider-cottage/","","Indexable",""
"https://www.sowerbysholidaycottages.co.uk/norfolk-holiday-cottages/mandalay/","1","index, follow, max-image-preview:large, max-snippet:-1, max-video-preview:-1","","","https://www.sowerbysholidaycottages.co.uk/norfolk-holiday-cottages/mandalay/","","Indexable",""
"https://www.sowerbysholidaycottages.co.uk/norfolk-holiday-cottages/eton-house/","1","index, follow, max-image-preview:large, max-snippet:-1, max-video-preview:-1","","","https://www.sowerbysholidaycottages.co.uk/norfolk-holiday-cottages/eton-house/","","Indexable",""
"https://www.sowerbysholidaycottages.co.uk/norfolk-holiday-cottages/michaelmas/","1","index, follow, max-image-preview:large, max-snippet:-1, max-video-preview:-1","","","https://www.sowerbysholidaycottages.co.uk/norfolk-holiday-cottages/michaelmas/","","Indexable",""
"https://www.sowerbysholidaycottages.co.uk/norfolk-holiday-cottages/flagstaff-east/","1","index, follow, max-image-preview:large, max-snippet:-1, max-video-preview:-1","","","https://www.sowerbysholidaycottages.co.uk/norfolk-holiday-cottages/flagstaff-east/","","Indexable",""
"https://www.sowerbysholidaycottages.co.uk/norfolk-holiday-cottages/mill-view/","1","index, follow, max-image-preview:large, max-snippet:-1, max-video-preview:-1","","","https://www.sowerbysholidaycottages.co.uk/norfolk-holiday-cottages/mill-view/","","Indexable",""
"https://www.sowerbysholidaycottages.co.uk/norfolk-holiday-cottages/3-marshland-barns-2-bedrooms/","1","index, follow, max-image-preview:large, max-snippet:-1, max-video-preview:-1","","","https://www.sowerbysholidaycottages.co.uk/norfolk-holiday-cottages/3-marshland-barns-2-bedrooms/","","Indexable",""
"https://www.sowerbysholidaycottages.co.uk/norfolk-holiday-cottages/2-railway-cottages/","1","index, follow, max-image-preview:large, max-snippet:-1, max-video-preview:-1","","","https://www.sowerbysholidaycottages.co.uk/norfolk-holiday-cottages/2-railway-cottages/","","Indexable",""
"https://www.sowerbysholidaycottages.co.uk/norfolk-holiday-cottages/channel-cottage/","1","index, follow, max-image-preview:large, max-snippet:-1, max-video-preview:-1","","","https://www.sowerbysholidaycottages.co.uk/norfolk-holiday-cottages/channel-cottage/","","Indexable",""
"https://www.sowerbysholidaycottages.co.uk/norfolk-holiday-cottages/western-cottage/","1","index, follow, max-image-preview:large, max-snippet:-1, max-video-preview:-1","","","https://www.sowerbysholidaycottages.co.uk/norfolk-holiday-cottages/western-cottage/","","Indexable",""
"https://www.sowerbysholidaycottages.co.uk/norfolk-holiday-cottages/hill-top-docking/","1","index, follow, max-image-preview:large, max-snippet:-1, max-video-preview:-1","","","https://www.sowerbysholidaycottages.co.uk/norfolk-holiday-cottages/hill-top-docking/","","Indexable",""
"https://www.sowerbysholidaycottages.co.uk/norfolk-holiday-cottages/eider-cottage-2-bedrooms/","1","index, follow, max-image-preview:large, max-snippet:-1, max-video-preview:-1","","","https://www.sowerbysholidaycottages.co.uk/norfolk-holiday-cottages/eider-cottage-2-bedrooms/","","Indexable",""
"https://www.sowerbysholidaycottages.co.uk/norfolk-holiday-cottages/the-loft/","1","index, follow, max-image-preview:large, max-snippet:-1, max-video-preview:-1","","","https://www.sowerbysholidaycottages.co.uk/norfolk-holiday-cottages/the-loft/","","Indexable",""
"https://www.sowerbysholidaycottages.co.uk/norfolk-holiday-cottages/4-hare-cottage/","1","index, follow, max-image-preview:large, max-snippet:-1, max-video-preview:-1","","","https://www.sowerbysholidaycottages.co.uk/norfolk-holiday-cottages/4-hare-cottage/","","Indexable",""
"https://www.sowerbysholidaycottages.co.uk/norfolk-holiday-cottages/bridge-farm-barn/","1","index, follow, max-image-preview:large, max-snippet:-1, max-video-preview:-1","","","https://www.sowerbysholidaycottages.co.uk/norfolk-holiday-cottages/bridge-farm-barn/","","Indexable",""
"https://www.sowerbysholidaycottages.co.uk/norfolk-holiday-cottages/channel-view/","1","index, follow, max-image-preview:large, max-snippet:-1, max-video-preview:-1","","","https://www.sowerbysholidaycottages.co.uk/norfolk-holiday-cottages/channel-view/","","Indexable",""
"https://www.sowerbysholidaycottages.co.uk/norfolk-holiday-cottages/the-dairy-barn-3-bedrooms/","1","index, follow, max-image-preview:large, max-snippet:-1, max-video-preview:-1","","","https://www.sowerbysholidaycottages.co.uk/norfolk-holiday-cottages/the-dairy-barn-3-bedrooms/","","Indexable",""
"https://www.sowerbysholidaycottages.co.uk/norfolk-holiday-cottages/flagstaff-west/","1","index, follow, max-image-preview:large, max-snippet:-1, max-video-preview:-1","","","https://www.sowerbysholidaycottages.co.uk/norfolk-holiday-cottages/flagstaff-west/","","Indexable",""
"https://www.sowerbysholidaycottages.co.uk/norfolk-holiday-cottages/flagstaff-garden-house/","1","index, follow, max-image-preview:large, max-snippet:-1, max-video-preview:-1","","","https://www.sowerbysholidaycottages.co.uk/norfolk-holiday-cottages/flagstaff-garden-house/","","Indexable",""
"https://www.sowerbysholidaycottages.co.uk/norfolk-holiday-cottages/eton-house-2-bedrooms/","1","index, follow, max-image-preview:large, max-snippet:-1, max-video-preview:-1","","","https://www.sowerbysholidaycottages.co.uk/norfolk-holiday-cottages/eton-house-2-bedrooms/","","Indexable",""
"https://www.sowerbysholidaycottages.co.uk/popular-norfolk-holiday-villages/harpley/","1","index, follow, max-image-preview:large, max-snippet:-1, max-video-preview:-1","","","https://www.sowerbysholidaycottages.co.uk/popular-norfolk-holiday-villages/harpley/","","Indexable",""
"https://www.sowerbysholidaycottages.co.uk/norfolk-holiday-cottages/avocet-cottage/","1","index, follow, max-image-preview:large, max-snippet:-1, max-video-preview:-1","","","https://www.sowerbysholidaycottages.co.uk/norfolk-holiday-cottages/avocet-cottage/","","Indexable",""
"https://www.sowerbysholidaycottages.co.uk/popular-norfolk-holiday-villages/egmere/","1","index, follow, max-image-preview:large, max-snippet:-1, max-video-preview:-1","","","https://www.sowerbysholidaycottages.co.uk/popular-norfolk-holiday-villages/egmere/","","Indexable",""
"https://www.sowerbysholidaycottages.co.uk/popular-norfolk-holiday-villages/north-creake/","1","index, follow, max-image-preview:large, max-snippet:-1, max-video-preview:-1","","","https://www.sowerbysholidaycottages.co.uk/popular-norfolk-holiday-villages/north-creake/","","Indexable",""
"https://www.sowerbysholidaycottages.co.uk/popular-norfolk-holiday-villages/sedgeford/","1","index, follow, max-image-preview:large, max-snippet:-1, max-video-preview:-1","","","https://www.sowerbysholidaycottages.co.uk/popular-norfolk-holiday-villages/sedgeford/","","Indexable",""
"https://www.sowerbysholidaycottages.co.uk/popular-norfolk-holiday-villages/wighton/","1","index, follow, max-image-preview:large, max-snippet:-1, max-video-preview:-1","","","https://www.sowerbysholidaycottages.co.uk/popular-norfolk-holiday-villages/wighton/","","Indexable",""
"https://www.sowerbysholidaycottages.co.uk/popular-norfolk-holiday-villages/burnham-market/","1","index, follow, max-image-preview:large, max-snippet:-1, max-video-preview:-1","","","https://www.sowerbysholidaycottages.co.uk/popular-norfolk-holiday-villages/burnham-market/","","Indexable",""
"https://www.sowerbysholidaycottages.co.uk/popular-norfolk-holiday-villages/walsingham/","1","index, follow, max-image-preview:large, max-snippet:-1, max-video-preview:-1","","","https://www.sowerbysholidaycottages.co.uk/popular-norfolk-holiday-villages/walsingham/","","Indexable",""
"https://www.sowerbysholidaycottages.co.uk/popular-norfolk-holiday-villages/burnham-overy-town/","1","index, follow, max-image-preview:large, max-snippet:-1, max-video-preview:-1","","","https://www.sowerbysholidaycottages.co.uk/popular-norfolk-holiday-villages/burnham-overy-town/","","Indexable",""
"https://www.sowerbysholidaycottages.co.uk/popular-norfolk-holiday-villages/burnham-overy-staithe/","1","index, follow, max-image-preview:large, max-snippet:-1, max-video-preview:-1","","","https://www.sowerbysholidaycottages.co.uk/popular-norfolk-holiday-villages/burnham-overy-staithe/","","Indexable",""
"https://www.sowerbysholidaycottages.co.uk/popular-norfolk-holiday-villages/heacham/","1","index, follow, max-image-preview:large, max-snippet:-1, max-video-preview:-1","","","https://www.sowerbysholidaycottages.co.uk/popular-norfolk-holiday-villages/heacham/","","Indexable",""
"https://www.sowerbysholidaycottages.co.uk/popular-norfolk-holiday-villages/ringstead/","1","index, follow, max-image-preview:large, max-snippet:-1, max-video-preview:-1","","","https://www.sowerbysholidaycottages.co.uk/popular-norfolk-holiday-villages/ringstead/","","Indexable",""
"https://www.sowerbysholidaycottages.co.uk/popular-norfolk-holiday-villages/great-snoring/","1","index, follow, max-image-preview:large, max-snippet:-1, max-video-preview:-1","","","https://www.sowerbysholidaycottages.co.uk/popular-norfolk-holiday-villages/great-snoring/","","Indexable",""
"https://www.sowerbysholidaycottages.co.uk/popular-norfolk-holiday-villages/hunstanton/","1","index, follow, max-image-preview:large, max-snippet:-1, max-video-preview:-1","","","https://www.sowerbysholidaycottages.co.uk/popular-norfolk-holiday-villages/hunstanton/","","Indexable",""
"https://www.sowerbysholidaycottages.co.uk/popular-norfolk-holiday-villages/brancaster/","1","index, follow, max-image-preview:large, max-snippet:-1, max-video-preview:-1","","","https://www.sowerbysholidaycottages.co.uk/popular-norfolk-holiday-villages/brancaster/","","Indexable",""
"https://www.sowerbysholidaycottages.co.uk/popular-norfolk-holiday-villages/brancaster-staithe/","1","index, follow, max-image-preview:large, max-snippet:-1, max-video-preview:-1","","","https://www.sowerbysholidaycottages.co.uk/popular-norfolk-holiday-villages/brancaster-staithe/","","Indexable",""
"https://www.sowerbysholidaycottages.co.uk/popular-norfolk-holiday-villages/old-hunstanton/","1","index, follow, max-image-preview:large, max-snippet:-1, max-video-preview:-1","","","https://www.sowerbysholidaycottages.co.uk/popular-norfolk-holiday-villages/old-hunstanton/","","Indexable",""
"https://www.sowerbysholidaycottages.co.uk/popular-norfolk-holiday-villages/thornham/","1","index, follow, max-image-preview:large, max-snippet:-1, max-video-preview:-1","","","https://www.sowerbysholidaycottages.co.uk/popular-norfolk-holiday-villages/thornham/","","Indexable",""
"https://www.sowerbysholidaycottages.co.uk/popular-norfolk-holiday-villages/burnham-deepdale/","1","index, follow, max-image-preview:large, max-snippet:-1, max-video-preview:-1","","","https://www.sowerbysholidaycottages.co.uk/popular-norfolk-holiday-villages/burnham-deepdale/","","Indexable",""
"https://www.sowerbysholidaycottages.co.uk/popular-norfolk-holiday-villages/blakeney/","1","index, follow, max-image-preview:large, max-snippet:-1, max-video-preview:-1","","","https://www.sowerbysholidaycottages.co.uk/popular-norfolk-holiday-villages/blakeney/","","Indexable",""
"https://www.sowerbysholidaycottages.co.uk/popular-norfolk-holiday-villages/wells-next-the-sea/","1","index, follow, max-image-preview:large, max-snippet:-1, max-video-preview:-1","","","https://www.sowerbysholidaycottages.co.uk/popular-norfolk-holiday-villages/wells-next-the-sea/","","Indexable",""
"https://www.sowerbysholidaycottages.co.uk/popular-norfolk-holiday-villages/warham/","1","index, follow, max-image-preview:large, max-snippet:-1, max-video-preview:-1","","","https://www.sowerbysholidaycottages.co.uk/popular-norfolk-holiday-villages/warham/","","Indexable",""
"https://www.sowerbysholidaycottages.co.uk/popular-norfolk-holiday-villages/titchwell/","1","index, follow, max-image-preview:large, max-snippet:-1, max-video-preview:-1","","","https://www.sowerbysholidaycottages.co.uk/popular-norfolk-holiday-villages/titchwell/","","Indexable",""
"https://www.sowerbysholidaycottages.co.uk/popular-norfolk-holiday-villages/burnham-norton/","1","index, follow, max-image-preview:large, max-snippet:-1, max-video-preview:-1","","","https://www.sowerbysholidaycottages.co.uk/popular-norfolk-holiday-villages/burnham-norton/","","Indexable",""
"https://www.sowerbysholidaycottages.co.uk/popular-norfolk-holiday-villages/houghton-estate/","1","index, follow, max-image-preview:large, max-snippet:-1, max-video-preview:-1","","","https://www.sowerbysholidaycottages.co.uk/popular-norfolk-holiday-villages/houghton-estate/","","Indexable",""
"https://www.sowerbysholidaycottages.co.uk/popular-norfolk-holiday-villages/stanhoe/","1","index, follow, max-image-preview:large, max-snippet:-1, max-video-preview:-1","","","https://www.sowerbysholidaycottages.co.uk/popular-norfolk-holiday-villages/stanhoe/","","Indexable",""
"https://www.sowerbysholidaycottages.co.uk/popular-norfolk-holiday-villages/holme-next-the-sea/","1","index, follow, max-image-preview:large, max-snippet:-1, max-video-preview:-1","","","https://www.sowerbysholidaycottages.co.uk/popular-norfolk-holiday-villages/holme-next-the-sea/","","Indexable",""
"https://www.sowerbysholidaycottages.co.uk/popular-norfolk-holiday-villages/docking/","1","index, follow, max-image-preview:large, max-snippet:-1, max-video-preview:-1","","","https://www.sowerbysholidaycottages.co.uk/popular-norfolk-holiday-villages/docking/","","Indexable",""
"https://www.sowerbysholidaycottages.co.uk/popular-norfolk-holiday-villages/fring/","1","index, follow, max-image-preview:large, max-snippet:-1, max-video-preview:-1","","","https://www.sowerbysholidaycottages.co.uk/popular-norfolk-holiday-villages/fring/","","Indexable",""
"https://www.sowerbysholidaycottages.co.uk/popular-norfolk-holiday-villages/stiffkey/","1","index, follow, max-image-preview:large, max-snippet:-1, max-video-preview:-1","","","https://www.sowerbysholidaycottages.co.uk/popular-norfolk-holiday-villages/stiffkey/","","Indexable",""
"https://www.sowerbysholidaycottages.co.uk/popular-norfolk-holiday-villages/binham/","1","index, follow, max-image-preview:large, max-snippet:-1, max-video-preview:-1","","","https://www.sowerbysholidaycottages.co.uk/popular-norfolk-holiday-villages/binham/","","Indexable",""
"https://www.sowerbysholidaycottages.co.uk/popular-norfolk-holiday-villages/south-creake/","1","index, follow, max-image-preview:large, max-snippet:-1, max-video-preview:-1","","","https://www.sowerbysholidaycottages.co.uk/popular-norfolk-holiday-villages/south-creake/","","Indexable",""
"https://www.sowerbysholidaycottages.co.uk/norfolk-holiday-cottages/high-barn/","1","index, follow, max-image-preview:large, max-snippet:-1, max-video-preview:-1","","","https://www.sowerbysholidaycottages.co.uk/norfolk-holiday-cottages/high-barn/","","Indexable",""
"https://www.sowerbysholidaycottages.co.uk/norfolk-holiday-cottages/sanderling/","1","index, follow, max-image-preview:large, max-snippet:-1, max-video-preview:-1","","","https://www.sowerbysholidaycottages.co.uk/norfolk-holiday-cottages/sanderling/","","Indexable",""
"https://www.sowerbysholidaycottages.co.uk/norfolk-holiday-cottages/the-gables/","1","index, follow, max-image-preview:large, max-snippet:-1, max-video-preview:-1","","","https://www.sowerbysholidaycottages.co.uk/norfolk-holiday-cottages/the-gables/","","Indexable",""
"https://www.sowerbysholidaycottages.co.uk/norfolk-holiday-cottages/orchard-house-3-bedrooms/","1","index, follow, max-image-preview:large, max-snippet:-1, max-video-preview:-1","","","https://www.sowerbysholidaycottages.co.uk/norfolk-holiday-cottages/orchard-house-3-bedrooms/","","Indexable",""
"https://www.sowerbysholidaycottages.co.uk/norfolk-holiday-cottages/heron-cottage/","1","index, follow, max-image-preview:large, max-snippet:-1, max-video-preview:-1","","","https://www.sowerbysholidaycottages.co.uk/norfolk-holiday-cottages/heron-cottage/","","Indexable",""
"https://www.sowerbysholidaycottages.co.uk/norfolk-holiday-cottages/washington-beach-house/","1","index, follow, max-image-preview:large, max-snippet:-1, max-video-preview:-1","","","https://www.sowerbysholidaycottages.co.uk/norfolk-holiday-cottages/washington-beach-house/","","Indexable",""
"https://www.sowerbysholidaycottages.co.uk/norfolk-holiday-cottages/sea-lavender-house/","1","index, follow, max-image-preview:large, max-snippet:-1, max-video-preview:-1","","","https://www.sowerbysholidaycottages.co.uk/norfolk-holiday-cottages/sea-lavender-house/","","Indexable",""
"https://www.sowerbysholidaycottages.co.uk/norfolk-holiday-cottages/old-mill-cottage/","1","index, follow, max-image-preview:large, max-snippet:-1, max-video-preview:-1","","","https://www.sowerbysholidaycottages.co.uk/norfolk-holiday-cottages/old-mill-cottage/","","Indexable",""
"https://www.sowerbysholidaycottages.co.uk/norfolk-holiday-cottages/marshview-cottage/","1","index, follow, max-image-preview:large, max-snippet:-1, max-video-preview:-1","","","https://www.sowerbysholidaycottages.co.uk/norfolk-holiday-cottages/marshview-cottage/","","Indexable",""
"https://www.sowerbysholidaycottages.co.uk/norfolk-holiday-cottages/cherry-house/","1","index, follow, max-image-preview:large, max-snippet:-1, max-video-preview:-1","","","https://www.sowerbysholidaycottages.co.uk/norfolk-holiday-cottages/cherry-house/","","Indexable",""
"https://www.sowerbysholidaycottages.co.uk/norfolk-holiday-cottages/washington-beach-house-with-lodge/","1","index, follow, max-image-preview:large, max-snippet:-1, max-video-preview:-1","","","https://www.sowerbysholidaycottages.co.uk/norfolk-holiday-cottages/washington-beach-house-with-lodge/","","Indexable",""
"https://www.sowerbysholidaycottages.co.uk/norfolk-holiday-cottages/the-meadows/","1","index, follow, max-image-preview:large, max-snippet:-1, max-video-preview:-1","","","https://www.sowerbysholidaycottages.co.uk/norfolk-holiday-cottages/the-meadows/","","Indexable",""
"https://www.sowerbysholidaycottages.co.uk/norfolk-holiday-cottages/hillcrest-barn/","1","index, follow, max-image-preview:large, max-snippet:-1, max-video-preview:-1","","","https://www.sowerbysholidaycottages.co.uk/norfolk-holiday-cottages/hillcrest-barn/","","Indexable",""
"https://www.sowerbysholidaycottages.co.uk/norfolk-holiday-cottages/the-cartshed-6-marshland-barns/","1","index, follow, max-image-preview:large, max-snippet:-1, max-video-preview:-1","","","https://www.sowerbysholidaycottages.co.uk/norfolk-holiday-cottages/the-cartshed-6-marshland-barns/","","Indexable",""
"https://www.sowerbysholidaycottages.co.uk/norfolk-holiday-cottages/old-mill-and-cottage/","1","index, follow, max-image-preview:large, max-snippet:-1, max-video-preview:-1","","","https://www.sowerbysholidaycottages.co.uk/norfolk-holiday-cottages/old-mill-and-cottage/","","Indexable",""
"https://www.sowerbysholidaycottages.co.uk/norfolk-holiday-cottages/burnham-loft/","1","index, follow, max-image-preview:large, max-snippet:-1, max-video-preview:-1","","","https://www.sowerbysholidaycottages.co.uk/norfolk-holiday-cottages/burnham-loft/","","Indexable",""
"https://www.sowerbysholidaycottages.co.uk/norfolk-holiday-cottages/violets-cottage/","1","index, follow, max-image-preview:large, max-snippet:-1, max-video-preview:-1","","","https://www.sowerbysholidaycottages.co.uk/norfolk-holiday-cottages/violets-cottage/","","Indexable",""
"https://www.sowerbysholidaycottages.co.uk/norfolk-holiday-cottages/easterly/","1","index, follow, max-image-preview:large, max-snippet:-1, max-video-preview:-1","","","https://www.sowerbysholidaycottages.co.uk/norfolk-holiday-cottages/easterly/","","Indexable",""
"https://www.sowerbysholidaycottages.co.uk/norfolk-holiday-cottages/fayette/","1","index, follow, max-image-preview:large, max-snippet:-1, max-video-preview:-1","","","https://www.sowerbysholidaycottages.co.uk/norfolk-holiday-cottages/fayette/","","Indexable",""
"https://www.sowerbysholidaycottages.co.uk/norfolk-holiday-cottages/1-manor-farm-barns/","1","index, follow, max-image-preview:large, max-snippet:-1, max-video-preview:-1","","","https://www.sowerbysholidaycottages.co.uk/norfolk-holiday-cottages/1-manor-farm-barns/","","Indexable",""
"https://www.sowerbysholidaycottages.co.uk/norfolk-holiday-cottages/school-pastures-2-bedrooms/","1","index, follow, max-image-preview:large, max-snippet:-1, max-video-preview:-1","","","https://www.sowerbysholidaycottages.co.uk/norfolk-holiday-cottages/school-pastures-2-bedrooms/","","Indexable",""
"https://www.sowerbysholidaycottages.co.uk/norfolk-holiday-cottages/lark-house/","1","index, follow, max-image-preview:large, max-snippet:-1, max-video-preview:-1","","","https://www.sowerbysholidaycottages.co.uk/norfolk-holiday-cottages/lark-house/","","Indexable",""
"https://www.sowerbysholidaycottages.co.uk/norfolk-holiday-cottages/washmeres-2-bedrooms/","1","index, follow, max-image-preview:large, max-snippet:-1, max-video-preview:-1","","","https://www.sowerbysholidaycottages.co.uk/norfolk-holiday-cottages/washmeres-2-bedrooms/","","Indexable",""
"https://www.sowerbysholidaycottages.co.uk/norfolk-holiday-cottages/mallards/","1","index, follow, max-image-preview:large, max-snippet:-1, max-video-preview:-1","","","https://www.sowerbysholidaycottages.co.uk/norfolk-holiday-cottages/mallards/","","Indexable",""
"https://www.sowerbysholidaycottages.co.uk/norfolk-holiday-cottages/1-manor-farm-barns-3-bedrooms/","1","index, follow, max-image-preview:large, max-snippet:-1, max-video-preview:-1","","","https://www.sowerbysholidaycottages.co.uk/norfolk-holiday-cottages/1-manor-farm-barns-3-bedrooms/","","Indexable",""
"https://www.sowerbysholidaycottages.co.uk/norfolk-holiday-cottages/tarnside/","1","index, follow, max-image-preview:large, max-snippet:-1, max-video-preview:-1","","","https://www.sowerbysholidaycottages.co.uk/norfolk-holiday-cottages/tarnside/","","Indexable",""
"https://www.sowerbysholidaycottages.co.uk/norfolk-holiday-cottages/aspall-escape/","1","index, follow, max-image-preview:large, max-snippet:-1, max-video-preview:-1","","","https://www.sowerbysholidaycottages.co.uk/norfolk-holiday-cottages/aspall-escape/","","Indexable",""
"https://www.sowerbysholidaycottages.co.uk/norfolk-holiday-cottages/hope-cottage/","1","index, follow, max-image-preview:large, max-snippet:-1, max-video-preview:-1","","","https://www.sowerbysholidaycottages.co.uk/norfolk-holiday-cottages/hope-cottage/","","Indexable",""
"https://www.sowerbysholidaycottages.co.uk/norfolk-holiday-cottages/old-mill/","1","index, follow, max-image-preview:large, max-snippet:-1, max-video-preview:-1","","","https://www.sowerbysholidaycottages.co.uk/norfolk-holiday-cottages/old-mill/","","Indexable",""
"https://www.sowerbysholidaycottages.co.uk/norfolk-holiday-cottages/scotts-cottage-4-bedrooms/","1","index, follow, max-image-preview:large, max-snippet:-1, max-video-preview:-1","","","https://www.sowerbysholidaycottages.co.uk/norfolk-holiday-cottages/scotts-cottage-4-bedrooms/","","Indexable",""
"https://www.sowerbysholidaycottages.co.uk/norfolk-holiday-cottages/amber-cottage/","1","index, follow, max-image-preview:large, max-snippet:-1, max-video-preview:-1","","","https://www.sowerbysholidaycottages.co.uk/norfolk-holiday-cottages/amber-cottage/","","Indexable",""
"https://www.sowerbysholidaycottages.co.uk/norfolk-holiday-cottages/mallards-2-bedrooms/","1","index, follow, max-image-preview:large, max-snippet:-1, max-video-preview:-1","","","https://www.sowerbysholidaycottages.co.uk/norfolk-holiday-cottages/mallards-2-bedrooms/","","Indexable",""
"https://www.sowerbysholidaycottages.co.uk/norfolk-holiday-cottages/cockleshed-house/","1","index, follow, max-image-preview:large, max-snippet:-1, max-video-preview:-1","","","https://www.sowerbysholidaycottages.co.uk/norfolk-holiday-cottages/cockleshed-house/","","Indexable",""
"https://www.sowerbysholidaycottages.co.uk/norfolk-holiday-cottages/salt-marsh/","1","index, follow, max-image-preview:large, max-snippet:-1, max-video-preview:-1","","","https://www.sowerbysholidaycottages.co.uk/norfolk-holiday-cottages/salt-marsh/","","Indexable",""
"https://www.sowerbysholidaycottages.co.uk/norfolk-holiday-cottages/louisa-barn/","1","index, follow, max-image-preview:large, max-snippet:-1, max-video-preview:-1","","","https://www.sowerbysholidaycottages.co.uk/norfolk-holiday-cottages/louisa-barn/","","Indexable",""
"https://www.sowerbysholidaycottages.co.uk/norfolk-holiday-cottages/olives-cottage/","1","index, follow, max-image-preview:large, max-snippet:-1, max-video-preview:-1","","","https://www.sowerbysholidaycottages.co.uk/norfolk-holiday-cottages/olives-cottage/","","Indexable",""
"https://www.sowerbysholidaycottages.co.uk/norfolk-holiday-cottages/the-cartshed-6-marshland-barns-2-bedrooms/","1","index, follow, max-image-preview:large, max-snippet:-1, max-video-preview:-1","","","https://www.sowerbysholidaycottages.co.uk/norfolk-holiday-cottages/the-cartshed-6-marshland-barns-2-bedrooms/","","Indexable",""
"https://www.sowerbysholidaycottages.co.uk/norfolk-holiday-cottages/basils-barn/","1","index, follow, max-image-preview:large, max-snippet:-1, max-video-preview:-1","","","https://www.sowerbysholidaycottages.co.uk/norfolk-holiday-cottages/basils-barn/","","Indexable",""
"https://www.sowerbysholidaycottages.co.uk/norfolk-holiday-cottages/school-pastures-6-bedrooms/","1","index, follow, max-image-preview:large, max-snippet:-1, max-video-preview:-1","","","https://www.sowerbysholidaycottages.co.uk/norfolk-holiday-cottages/school-pastures-6-bedrooms/","","Indexable",""
"https://www.sowerbysholidaycottages.co.uk/norfolk-holiday-cottages/bell-view-cottage/","1","index, follow, max-image-preview:large, max-snippet:-1, max-video-preview:-1","","","https://www.sowerbysholidaycottages.co.uk/norfolk-holiday-cottages/bell-view-cottage/","","Indexable",""
"https://www.sowerbysholidaycottages.co.uk/norfolk-holiday-cottages/greystones/","1","index, follow, max-image-preview:large, max-snippet:-1, max-video-preview:-1","","","https://www.sowerbysholidaycottages.co.uk/norfolk-holiday-cottages/greystones/","","Indexable",""
"https://www.sowerbysholidaycottages.co.uk/norfolk-holiday-cottages/1-manor-farm-barns-2-bedrooms/","1","index, follow, max-image-preview:large, max-snippet:-1, max-video-preview:-1","","","https://www.sowerbysholidaycottages.co.uk/norfolk-holiday-cottages/1-manor-farm-barns-2-bedrooms/","","Indexable",""
"https://www.sowerbysholidaycottages.co.uk/norfolk-holiday-cottages/orchard-house-5-bedrooms/","1","index, follow, max-image-preview:large, max-snippet:-1, max-video-preview:-1","","","https://www.sowerbysholidaycottages.co.uk/norfolk-holiday-cottages/orchard-house-5-bedrooms/","","Indexable",""
"https://www.sowerbysholidaycottages.co.uk/norfolk-holiday-cottages/the-old-smithy/","1","index, follow, max-image-preview:large, max-snippet:-1, max-video-preview:-1","","","https://www.sowerbysholidaycottages.co.uk/norfolk-holiday-cottages/the-old-smithy/","","Indexable",""
"https://www.sowerbysholidaycottages.co.uk/norfolk-holiday-cottages/the-lamp-house/","1","index, follow, max-image-preview:large, max-snippet:-1, max-video-preview:-1","","","https://www.sowerbysholidaycottages.co.uk/norfolk-holiday-cottages/the-lamp-house/","","Indexable",""
"https://www.sowerbysholidaycottages.co.uk/norfolk-holiday-cottages/beacon-hill-barn/","1","index, follow, max-image-preview:large, max-snippet:-1, max-video-preview:-1","","","https://www.sowerbysholidaycottages.co.uk/norfolk-holiday-cottages/beacon-hill-barn/","","Indexable",""
"https://www.sowerbysholidaycottages.co.uk/norfolk-holiday-cottages/seaborne-penthouse/","1","index, follow, max-image-preview:large, max-snippet:-1, max-video-preview:-1","","","https://www.sowerbysholidaycottages.co.uk/norfolk-holiday-cottages/seaborne-penthouse/","","Indexable",""
"https://www.sowerbysholidaycottages.co.uk/norfolk-holiday-cottages/oystercatchers/","1","index, follow, max-image-preview:large, max-snippet:-1, max-video-preview:-1","","","https://www.sowerbysholidaycottages.co.uk/norfolk-holiday-cottages/oystercatchers/","","Indexable",""
"https://www.sowerbysholidaycottages.co.uk/norfolk-holiday-cottages/the-saltings/","1","index, follow, max-image-preview:large, max-snippet:-1, max-video-preview:-1","","","https://www.sowerbysholidaycottages.co.uk/norfolk-holiday-cottages/the-saltings/","","Indexable",""
"https://www.sowerbysholidaycottages.co.uk/norfolk-holiday-cottages/sail-away/","1","index, follow, max-image-preview:large, max-snippet:-1, max-video-preview:-1","","","https://www.sowerbysholidaycottages.co.uk/norfolk-holiday-cottages/sail-away/","","Indexable",""
"https://www.sowerbysholidaycottages.co.uk/norfolk-holiday-cottages/peewits-penthouse/","1","index, follow, max-image-preview:large, max-snippet:-1, max-video-preview:-1","","","https://www.sowerbysholidaycottages.co.uk/norfolk-holiday-cottages/peewits-penthouse/","","Indexable",""
"https://www.sowerbysholidaycottages.co.uk/norfolk-holiday-cottages/heronsway/","1","index, follow, max-image-preview:large, max-snippet:-1, max-video-preview:-1","","","https://www.sowerbysholidaycottages.co.uk/norfolk-holiday-cottages/heronsway/","","Indexable",""
"https://www.sowerbysholidaycottages.co.uk/norfolk-holiday-cottages/slumber-barn-3-bedrooms/","1","index, follow, max-image-preview:large, max-snippet:-1, max-video-preview:-1","","","https://www.sowerbysholidaycottages.co.uk/norfolk-holiday-cottages/slumber-barn-3-bedrooms/","","Indexable",""
"https://www.sowerbysholidaycottages.co.uk/norfolk-holiday-cottages/blackbird-barn/","1","index, follow, max-image-preview:large, max-snippet:-1, max-video-preview:-1","","","https://www.sowerbysholidaycottages.co.uk/norfolk-holiday-cottages/blackbird-barn/","","Indexable",""
"https://www.sowerbysholidaycottages.co.uk/norfolk-holiday-cottages/driftwood/","1","index, follow, max-image-preview:large, max-snippet:-1, max-video-preview:-1","","","https://www.sowerbysholidaycottages.co.uk/norfolk-holiday-cottages/driftwood/","","Indexable",""
"https://www.sowerbysholidaycottages.co.uk/norfolk-holiday-cottages/scotts-cottage-6-bedrooms/","1","index, follow, max-image-preview:large, max-snippet:-1, max-video-preview:-1","","","https://www.sowerbysholidaycottages.co.uk/norfolk-holiday-cottages/scotts-cottage-6-bedrooms/","","Indexable",""
"https://www.sowerbysholidaycottages.co.uk/norfolk-holiday-cottages/cobblestone-cottage/","1","index, follow, max-image-preview:large, max-snippet:-1, max-video-preview:-1","","","https://www.sowerbysholidaycottages.co.uk/norfolk-holiday-cottages/cobblestone-cottage/","","Indexable",""
"https://www.sowerbysholidaycottages.co.uk/norfolk-holiday-cottages/allerdale-house/","1","index, follow, max-image-preview:large, max-snippet:-1, max-video-preview:-1","","","https://www.sowerbysholidaycottages.co.uk/norfolk-holiday-cottages/allerdale-house/","","Indexable",""
"https://www.sowerbysholidaycottages.co.uk/norfolk-holiday-cottages/school-pastures-4-bedrooms/","1","index, follow, max-image-preview:large, max-snippet:-1, max-video-preview:-1","","","https://www.sowerbysholidaycottages.co.uk/norfolk-holiday-cottages/school-pastures-4-bedrooms/","","Indexable",""
"https://www.sowerbysholidaycottages.co.uk/norfolk-holiday-cottages/spring-cottage/","1","index, follow, max-image-preview:large, max-snippet:-1, max-video-preview:-1","","","https://www.sowerbysholidaycottages.co.uk/norfolk-holiday-cottages/spring-cottage/","","Indexable",""
"https://www.sowerbysholidaycottages.co.uk/norfolk-holiday-cottages/stearmans-cottage/","1","index, follow, max-image-preview:large, max-snippet:-1, max-video-preview:-1","","","https://www.sowerbysholidaycottages.co.uk/norfolk-holiday-cottages/stearmans-cottage/","","Indexable",""
"https://www.sowerbysholidaycottages.co.uk/norfolk-holiday-cottages/tides/","1","index, follow, max-image-preview:large, max-snippet:-1, max-video-preview:-1","","","https://www.sowerbysholidaycottages.co.uk/norfolk-holiday-cottages/tides/","","Indexable",""
"https://www.sowerbysholidaycottages.co.uk/norfolk-holiday-cottages/chase-cottage-2-bedrooms/","1","index, follow, max-image-preview:large, max-snippet:-1, max-video-preview:-1","","","https://www.sowerbysholidaycottages.co.uk/norfolk-holiday-cottages/chase-cottage-2-bedrooms/","","Indexable",""
"https://www.sowerbysholidaycottages.co.uk/norfolk-holiday-cottages/market-lane-house-3-bedrooms/","1","index, follow, max-image-preview:large, max-snippet:-1, max-video-preview:-1","","","https://www.sowerbysholidaycottages.co.uk/norfolk-holiday-cottages/market-lane-house-3-bedrooms/","","Indexable",""
"https://www.sowerbysholidaycottages.co.uk/norfolk-holiday-cottages/chapel-cottages-godwit/","1","index, follow, max-image-preview:large, max-snippet:-1, max-video-preview:-1","","","https://www.sowerbysholidaycottages.co.uk/norfolk-holiday-cottages/chapel-cottages-godwit/","","Indexable",""
"https://www.sowerbysholidaycottages.co.uk/norfolk-holiday-cottages/badgets-2-bedrooms/","1","index, follow, max-image-preview:large, max-snippet:-1, max-video-preview:-1","","","https://www.sowerbysholidaycottages.co.uk/norfolk-holiday-cottages/badgets-2-bedrooms/","","Indexable",""
"https://www.sowerbysholidaycottages.co.uk/norfolk-holiday-cottages/the-pilchard/","1","index, follow, max-image-preview:large, max-snippet:-1, max-video-preview:-1","","","https://www.sowerbysholidaycottages.co.uk/norfolk-holiday-cottages/the-pilchard/","","Indexable",""
"https://www.sowerbysholidaycottages.co.uk/norfolk-holiday-cottages/6-monteagle/","1","index, follow, max-image-preview:large, max-snippet:-1, max-video-preview:-1","","","https://www.sowerbysholidaycottages.co.uk/norfolk-holiday-cottages/6-monteagle/","","Indexable",""
"https://www.sowerbysholidaycottages.co.uk/norfolk-holiday-cottages/badgets-3-bedrooms/","1","index, follow, max-image-preview:large, max-snippet:-1, max-video-preview:-1","","","https://www.sowerbysholidaycottages.co.uk/norfolk-holiday-cottages/badgets-3-bedrooms/","","Indexable",""
"https://www.sowerbysholidaycottages.co.uk/norfolk-holiday-cottages/chapel-cottages-bittern/","1","index, follow, max-image-preview:large, max-snippet:-1, max-video-preview:-1","","","https://www.sowerbysholidaycottages.co.uk/norfolk-holiday-cottages/chapel-cottages-bittern/","","Indexable",""
"https://www.sowerbysholidaycottages.co.uk/norfolk-holiday-cottages/boathouse-bliss/","1","index, follow, max-image-preview:large, max-snippet:-1, max-video-preview:-1","","","https://www.sowerbysholidaycottages.co.uk/norfolk-holiday-cottages/boathouse-bliss/","","Indexable",""
"https://www.sowerbysholidaycottages.co.uk/norfolk-holiday-cottages/chapel-cottages-avocet/","1","index, follow, max-image-preview:large, max-snippet:-1, max-video-preview:-1","","","https://www.sowerbysholidaycottages.co.uk/norfolk-holiday-cottages/chapel-cottages-avocet/","","Indexable",""
"https://www.sowerbysholidaycottages.co.uk/norfolk-holiday-cottages/harts-house/","1","index, follow, max-image-preview:large, max-snippet:-1, max-video-preview:-1","","","https://www.sowerbysholidaycottages.co.uk/norfolk-holiday-cottages/harts-house/","","Indexable",""
"https://www.sowerbysholidaycottages.co.uk/norfolk-holiday-cottages/sea-wood/","1","index, follow, max-image-preview:large, max-snippet:-1, max-video-preview:-1","","","https://www.sowerbysholidaycottages.co.uk/norfolk-holiday-cottages/sea-wood/","","Indexable",""
"https://www.sowerbysholidaycottages.co.uk/norfolk-holiday-cottages/chase-cottage/","1","index, follow, max-image-preview:large, max-snippet:-1, max-video-preview:-1","","","https://www.sowerbysholidaycottages.co.uk/norfolk-holiday-cottages/chase-cottage/","","Indexable",""
"https://www.sowerbysholidaycottages.co.uk/norfolk-holiday-cottages/east-fleet/","1","index, follow, max-image-preview:large, max-snippet:-1, max-video-preview:-1","","","https://www.sowerbysholidaycottages.co.uk/norfolk-holiday-cottages/east-fleet/","","Indexable",""
"https://www.sowerbysholidaycottages.co.uk/norfolk-holiday-cottages/1-knights-cottages/","1","index, follow, max-image-preview:large, max-snippet:-1, max-video-preview:-1","","","https://www.sowerbysholidaycottages.co.uk/norfolk-holiday-cottages/1-knights-cottages/","","Indexable",""
"https://www.sowerbysholidaycottages.co.uk/norfolk-holiday-cottages/gillies/","1","index, follow, max-image-preview:large, max-snippet:-1, max-video-preview:-1","","","https://www.sowerbysholidaycottages.co.uk/norfolk-holiday-cottages/gillies/","","Indexable",""
"https://www.sowerbysholidaycottages.co.uk/norfolk-holiday-cottages/neptune/","1","index, follow, max-image-preview:large, max-snippet:-1, max-video-preview:-1","","","https://www.sowerbysholidaycottages.co.uk/norfolk-holiday-cottages/neptune/","","Indexable",""
"https://www.sowerbysholidaycottages.co.uk/norfolk-holiday-cottages/island-house/","1","index, follow, max-image-preview:large, max-snippet:-1, max-video-preview:-1","","","https://www.sowerbysholidaycottages.co.uk/norfolk-holiday-cottages/island-house/","","Indexable",""
"https://www.sowerbysholidaycottages.co.uk/norfolk-holiday-cottages/sea-wood-3-bedrooms/","1","index, follow, max-image-preview:large, max-snippet:-1, max-video-preview:-1","","","https://www.sowerbysholidaycottages.co.uk/norfolk-holiday-cottages/sea-wood-3-bedrooms/","","Indexable",""
"https://www.sowerbysholidaycottages.co.uk/norfolk-holiday-cottages/harbour-view/","1","index, follow, max-image-preview:large, max-snippet:-1, max-video-preview:-1","","","https://www.sowerbysholidaycottages.co.uk/norfolk-holiday-cottages/harbour-view/","","Indexable",""
"https://www.sowerbysholidaycottages.co.uk/norfolk-holiday-cottages/longview-cottage/","1","index, follow, max-image-preview:large, max-snippet:-1, max-video-preview:-1","","","https://www.sowerbysholidaycottages.co.uk/norfolk-holiday-cottages/longview-cottage/","","Indexable",""
"https://www.sowerbysholidaycottages.co.uk/norfolk-holiday-cottages/5-pauls-maltings/","1","index, follow, max-image-preview:large, max-snippet:-1, max-video-preview:-1","","","https://www.sowerbysholidaycottages.co.uk/norfolk-holiday-cottages/5-pauls-maltings/","","Indexable",""
"https://www.sowerbysholidaycottages.co.uk/norfolk-holiday-cottages/sunnydene/","1","index, follow, max-image-preview:large, max-snippet:-1, max-video-preview:-1","","","https://www.sowerbysholidaycottages.co.uk/norfolk-holiday-cottages/sunnydene/","","Indexable",""
"https://www.sowerbysholidaycottages.co.uk/norfolk-holiday-cottages/staithe-barn/","1","index, follow, max-image-preview:large, max-snippet:-1, max-video-preview:-1","","","https://www.sowerbysholidaycottages.co.uk/norfolk-holiday-cottages/staithe-barn/","","Indexable",""
"https://www.sowerbysholidaycottages.co.uk/norfolk-holiday-cottages/the-cottage-overy-staithe/","1","index, follow, max-image-preview:large, max-snippet:-1, max-video-preview:-1","","","https://www.sowerbysholidaycottages.co.uk/norfolk-holiday-cottages/the-cottage-overy-staithe/","","Indexable",""
"https://www.sowerbysholidaycottages.co.uk/norfolk-holiday-cottages/ongar-lodge/","1","index, follow, max-image-preview:large, max-snippet:-1, max-video-preview:-1","","","https://www.sowerbysholidaycottages.co.uk/norfolk-holiday-cottages/ongar-lodge/","","Indexable",""
"https://www.sowerbysholidaycottages.co.uk/norfolk-holiday-cottages/sea-breeze/","1","index, follow, max-image-preview:large, max-snippet:-1, max-video-preview:-1","","","https://www.sowerbysholidaycottages.co.uk/norfolk-holiday-cottages/sea-breeze/","","Indexable",""
"https://www.sowerbysholidaycottages.co.uk/norfolk-holiday-cottages/pear-tree-cottage/","1","index, follow, max-image-preview:large, max-snippet:-1, max-video-preview:-1","","","https://www.sowerbysholidaycottages.co.uk/norfolk-holiday-cottages/pear-tree-cottage/","","Indexable",""
"https://www.sowerbysholidaycottages.co.uk/norfolk-holiday-cottages/cobblestones/","1","index, follow, max-image-preview:large, max-snippet:-1, max-video-preview:-1","","","https://www.sowerbysholidaycottages.co.uk/norfolk-holiday-cottages/cobblestones/","","Indexable",""
"https://www.sowerbysholidaycottages.co.uk/norfolk-holiday-cottages/falgate/","1","index, follow, max-image-preview:large, max-snippet:-1, max-video-preview:-1","","","https://www.sowerbysholidaycottages.co.uk/norfolk-holiday-cottages/falgate/","","Indexable",""
"https://www.sowerbysholidaycottages.co.uk/norfolk-holiday-cottages/2-pauls-maltings/","1","index, follow, max-image-preview:large, max-snippet:-1, max-video-preview:-1","","","https://www.sowerbysholidaycottages.co.uk/norfolk-holiday-cottages/2-pauls-maltings/","","Indexable",""
"https://www.sowerbysholidaycottages.co.uk/norfolk-holiday-cottages/foam-crest/","1","index, follow, max-image-preview:large, max-snippet:-1, max-video-preview:-1","","","https://www.sowerbysholidaycottages.co.uk/norfolk-holiday-cottages/foam-crest/","","Indexable",""
"https://www.sowerbysholidaycottages.co.uk/norfolk-holiday-cottages/beachcomber/","1","index, follow, max-image-preview:large, max-snippet:-1, max-video-preview:-1","","","https://www.sowerbysholidaycottages.co.uk/norfolk-holiday-cottages/beachcomber/","","Indexable",""
"https://www.sowerbysholidaycottages.co.uk/norfolk-holiday-cottages/green-tiles/","1","index, follow, max-image-preview:large, max-snippet:-1, max-video-preview:-1","","","https://www.sowerbysholidaycottages.co.uk/norfolk-holiday-cottages/green-tiles/","","Indexable",""
"https://www.sowerbysholidaycottages.co.uk/norfolk-holiday-cottages/4-pauls-maltings/","1","index, follow, max-image-preview:large, max-snippet:-1, max-video-preview:-1","","","https://www.sowerbysholidaycottages.co.uk/norfolk-holiday-cottages/4-pauls-maltings/","","Indexable",""
"https://www.sowerbysholidaycottages.co.uk/norfolk-holiday-cottages/6-the-granary/","1","index, follow, max-image-preview:large, max-snippet:-1, max-video-preview:-1","","","https://www.sowerbysholidaycottages.co.uk/norfolk-holiday-cottages/6-the-granary/","","Indexable",""
"https://www.sowerbysholidaycottages.co.uk/norfolk-holiday-cottages/mow-creek-cottage/","1","index, follow, max-image-preview:large, max-snippet:-1, max-video-preview:-1","","","https://www.sowerbysholidaycottages.co.uk/norfolk-holiday-cottages/mow-creek-cottage/","","Indexable",""
"https://www.sowerbysholidaycottages.co.uk/norfolk-holiday-cottages/cockle-beach/","1","index, follow, max-image-preview:large, max-snippet:-1, max-video-preview:-1","","","https://www.sowerbysholidaycottages.co.uk/norfolk-holiday-cottages/cockle-beach/","","Indexable",""
"https://www.sowerbysholidaycottages.co.uk/norfolk-holiday-cottages/2-knights-cottages/","1","index, follow, max-image-preview:large, max-snippet:-1, max-video-preview:-1","","","https://www.sowerbysholidaycottages.co.uk/norfolk-holiday-cottages/2-knights-cottages/","","Indexable",""
"https://www.sowerbysholidaycottages.co.uk/norfolk-holiday-cottages/2-dormy-house/","1","index, follow, max-image-preview:large, max-snippet:-1, max-video-preview:-1","","","https://www.sowerbysholidaycottages.co.uk/norfolk-holiday-cottages/2-dormy-house/","","Indexable",""
"https://www.sowerbysholidaycottages.co.uk/norfolk-holiday-cottages/quayside/","1","index, follow, max-image-preview:large, max-snippet:-1, max-video-preview:-1","","","https://www.sowerbysholidaycottages.co.uk/norfolk-holiday-cottages/quayside/","","Indexable",""
"https://www.sowerbysholidaycottages.co.uk/norfolk-holiday-cottages/washington-lodge/","1","index, follow, max-image-preview:large, max-snippet:-1, max-video-preview:-1","","","https://www.sowerbysholidaycottages.co.uk/norfolk-holiday-cottages/washington-lodge/","","Indexable",""
"https://www.sowerbysholidaycottages.co.uk/norfolk-holiday-cottages/harrier-cottage/","1","index, follow, max-image-preview:large, max-snippet:-1, max-video-preview:-1","","","https://www.sowerbysholidaycottages.co.uk/norfolk-holiday-cottages/harrier-cottage/","","Indexable",""
"https://www.sowerbysholidaycottages.co.uk/norfolk-holiday-cottages/sea-view/","1","index, follow, max-image-preview:large, max-snippet:-1, max-video-preview:-1","","","https://www.sowerbysholidaycottages.co.uk/norfolk-holiday-cottages/sea-view/","","Indexable",""
"https://www.sowerbysholidaycottages.co.uk/norfolk-holiday-cottages/scotts-lodge/","1","index, follow, max-image-preview:large, max-snippet:-1, max-video-preview:-1","","","https://www.sowerbysholidaycottages.co.uk/norfolk-holiday-cottages/scotts-lodge/","","Indexable",""
"https://www.sowerbysholidaycottages.co.uk/norfolk-holiday-cottages/sandbanks/","1","index, follow, max-image-preview:large, max-snippet:-1, max-video-preview:-1","","","https://www.sowerbysholidaycottages.co.uk/norfolk-holiday-cottages/sandbanks/","","Indexable",""
"https://www.sowerbysholidaycottages.co.uk/norfolk-holiday-cottages/harbour-cottage/","1","index, follow, max-image-preview:large, max-snippet:-1, max-video-preview:-1","","","https://www.sowerbysholidaycottages.co.uk/norfolk-holiday-cottages/harbour-cottage/","","Indexable",""
"https://www.sowerbysholidaycottages.co.uk/norfolk-holiday-cottages/samphire-cottage/","1","index, follow, max-image-preview:large, max-snippet:-1, max-video-preview:-1","","","https://www.sowerbysholidaycottages.co.uk/norfolk-holiday-cottages/samphire-cottage/","","Indexable",""
"https://www.sowerbysholidaycottages.co.uk/norfolk-holiday-cottages/lime-cottage/","1","index, follow, max-image-preview:large, max-snippet:-1, max-video-preview:-1","","","https://www.sowerbysholidaycottages.co.uk/norfolk-holiday-cottages/lime-cottage/","","Indexable",""
"https://www.sowerbysholidaycottages.co.uk/norfolk-holiday-cottages/lilac-cottage/","1","index, follow, max-image-preview:large, max-snippet:-1, max-video-preview:-1","","","https://www.sowerbysholidaycottages.co.uk/norfolk-holiday-cottages/lilac-cottage/","","Indexable",""
"https://www.sowerbysholidaycottages.co.uk/norfolk-holiday-cottages/dolphin-cottage/","1","index, follow, max-image-preview:large, max-snippet:-1, max-video-preview:-1","","","https://www.sowerbysholidaycottages.co.uk/norfolk-holiday-cottages/dolphin-cottage/","","Indexable",""
"https://www.sowerbysholidaycottages.co.uk/norfolk-holiday-cottages/beamish/","1","index, follow, max-image-preview:large, max-snippet:-1, max-video-preview:-1","","","https://www.sowerbysholidaycottages.co.uk/norfolk-holiday-cottages/beamish/","","Indexable",""
"https://www.sowerbysholidaycottages.co.uk/norfolk-holiday-cottages/josh-cottage/","1","index, follow, max-image-preview:large, max-snippet:-1, max-video-preview:-1","","","https://www.sowerbysholidaycottages.co.uk/norfolk-holiday-cottages/josh-cottage/","","Indexable",""
"https://www.sowerbysholidaycottages.co.uk/norfolk-holiday-cottages/old-barn/","1","index, follow, max-image-preview:large, max-snippet:-1, max-video-preview:-1","","","https://www.sowerbysholidaycottages.co.uk/norfolk-holiday-cottages/old-barn/","","Indexable",""
"https://www.sowerbysholidaycottages.co.uk/norfolk-holiday-cottages/brent-burn/","1","index, follow, max-image-preview:large, max-snippet:-1, max-video-preview:-1","","","https://www.sowerbysholidaycottages.co.uk/norfolk-holiday-cottages/brent-burn/","","Indexable",""
"https://www.sowerbysholidaycottages.co.uk/norfolk-holiday-cottages/orchard-house-140/","1","index, follow, max-image-preview:large, max-snippet:-1, max-video-preview:-1","","","https://www.sowerbysholidaycottages.co.uk/norfolk-holiday-cottages/orchard-house-140/","","Indexable",""
"https://www.sowerbysholidaycottages.co.uk/norfolk-holiday-cottages/lapwing/","1","index, follow, max-image-preview:large, max-snippet:-1, max-video-preview:-1","","","https://www.sowerbysholidaycottages.co.uk/norfolk-holiday-cottages/lapwing/","","Indexable",""
"https://www.sowerbysholidaycottages.co.uk/norfolk-holiday-cottages/beck-cottage/","1","index, follow, max-image-preview:large, max-snippet:-1, max-video-preview:-1","","","https://www.sowerbysholidaycottages.co.uk/norfolk-holiday-cottages/beck-cottage/","","Indexable",""
"https://www.sowerbysholidaycottages.co.uk/norfolk-holiday-cottages/garden-cottage/","1","index, follow, max-image-preview:large, max-snippet:-1, max-video-preview:-1","","","https://www.sowerbysholidaycottages.co.uk/norfolk-holiday-cottages/garden-cottage/","","Indexable",""
"https://www.sowerbysholidaycottages.co.uk/norfolk-holiday-cottages/pinkleton/","1","index, follow, max-image-preview:large, max-snippet:-1, max-video-preview:-1","","","https://www.sowerbysholidaycottages.co.uk/norfolk-holiday-cottages/pinkleton/","","Indexable",""
"https://www.sowerbysholidaycottages.co.uk/norfolk-holiday-cottages/linksway-2-bedrooms/","1","index, follow, max-image-preview:large, max-snippet:-1, max-video-preview:-1","","","https://www.sowerbysholidaycottages.co.uk/norfolk-holiday-cottages/linksway-2-bedrooms/","","Indexable",""
"https://www.sowerbysholidaycottages.co.uk/norfolk-holiday-cottages/seal-cottage/","1","index, follow, max-image-preview:large, max-snippet:-1, max-video-preview:-1","","","https://www.sowerbysholidaycottages.co.uk/norfolk-holiday-cottages/seal-cottage/","","Indexable",""
"https://www.sowerbysholidaycottages.co.uk/norfolk-holiday-cottages/lantern-cottage/","1","index, follow, max-image-preview:large, max-snippet:-1, max-video-preview:-1","","","https://www.sowerbysholidaycottages.co.uk/norfolk-holiday-cottages/lantern-cottage/","","Indexable",""
"https://www.sowerbysholidaycottages.co.uk/norfolk-holiday-cottages/skylark/","1","index, follow, max-image-preview:large, max-snippet:-1, max-video-preview:-1","","","https://www.sowerbysholidaycottages.co.uk/norfolk-holiday-cottages/skylark/","","Indexable",""
"https://www.sowerbysholidaycottages.co.uk/norfolk-holiday-cottages/chadwicks/","1","index, follow, max-image-preview:large, max-snippet:-1, max-video-preview:-1","","","https://www.sowerbysholidaycottages.co.uk/norfolk-holiday-cottages/chadwicks/","","Indexable",""
"https://www.sowerbysholidaycottages.co.uk/norfolk-holiday-cottages/seawards/","1","index, follow, max-image-preview:large, max-snippet:-1, max-video-preview:-1","","","https://www.sowerbysholidaycottages.co.uk/norfolk-holiday-cottages/seawards/","","Indexable",""
"https://www.sowerbysholidaycottages.co.uk/norfolk-holiday-cottages/lavender-house/","1","index, follow, max-image-preview:large, max-snippet:-1, max-video-preview:-1","","","https://www.sowerbysholidaycottages.co.uk/norfolk-holiday-cottages/lavender-house/","","Indexable",""
"https://www.sowerbysholidaycottages.co.uk/norfolk-holiday-cottages/rose-cottage/","1","index, follow, max-image-preview:large, max-snippet:-1, max-video-preview:-1","","","https://www.sowerbysholidaycottages.co.uk/norfolk-holiday-cottages/rose-cottage/","","Indexable",""
"https://www.sowerbysholidaycottages.co.uk/norfolk-holiday-cottages/field-cottage-in-brancaster-staithe/","1","index, follow, max-image-preview:large, max-snippet:-1, max-video-preview:-1","","","https://www.sowerbysholidaycottages.co.uk/norfolk-holiday-cottages/field-cottage-in-brancaster-staithe/","","Indexable",""
"https://www.sowerbysholidaycottages.co.uk/norfolk-holiday-cottages/garden-house/","1","index, follow, max-image-preview:large, max-snippet:-1, max-video-preview:-1","","","https://www.sowerbysholidaycottages.co.uk/norfolk-holiday-cottages/garden-house/","","Indexable",""
"https://www.sowerbysholidaycottages.co.uk/norfolk-holiday-cottages/1-railway-cottages/","1","index, follow, max-image-preview:large, max-snippet:-1, max-video-preview:-1","","","https://www.sowerbysholidaycottages.co.uk/norfolk-holiday-cottages/1-railway-cottages/","","Indexable",""
"https://www.sowerbysholidaycottages.co.uk/norfolk-holiday-cottages/lavender-cottage/","1","index, follow, max-image-preview:large, max-snippet:-1, max-video-preview:-1","","","https://www.sowerbysholidaycottages.co.uk/norfolk-holiday-cottages/lavender-cottage/","","Indexable",""
"https://www.sowerbysholidaycottages.co.uk/norfolk-holiday-cottages/eastwood-house-2-bedrooms/","1","index, follow, max-image-preview:large, max-snippet:-1, max-video-preview:-1","","","https://www.sowerbysholidaycottages.co.uk/norfolk-holiday-cottages/eastwood-house-2-bedrooms/","","Indexable",""
"https://www.sowerbysholidaycottages.co.uk/norfolk-holiday-cottages/sea-lavender-cottage/","1","index, follow, max-image-preview:large, max-snippet:-1, max-video-preview:-1","","","https://www.sowerbysholidaycottages.co.uk/norfolk-holiday-cottages/sea-lavender-cottage/","","Indexable",""
"https://www.sowerbysholidaycottages.co.uk/norfolk-holiday-cottages/market-lane-house/","1","index, follow, max-image-preview:large, max-snippet:-1, max-video-preview:-1","","","https://www.sowerbysholidaycottages.co.uk/norfolk-holiday-cottages/market-lane-house/","","Indexable",""
"https://www.sowerbysholidaycottages.co.uk/norfolk-holiday-cottages/crows-nest-cottage/","1","index, follow, max-image-preview:large, max-snippet:-1, max-video-preview:-1","","","https://www.sowerbysholidaycottages.co.uk/norfolk-holiday-cottages/crows-nest-cottage/","","Indexable",""
"https://www.sowerbysholidaycottages.co.uk/norfolk-holiday-cottages/the-cottage-erpingham-court/","1","index, follow, max-image-preview:large, max-snippet:-1, max-video-preview:-1","","","https://www.sowerbysholidaycottages.co.uk/norfolk-holiday-cottages/the-cottage-erpingham-court/","","Indexable",""
"https://www.sowerbysholidaycottages.co.uk/norfolk-holiday-cottages/curlew-cottage-2-bedrooms/","1","index, follow, max-image-preview:large, max-snippet:-1, max-video-preview:-1","","","https://www.sowerbysholidaycottages.co.uk/norfolk-holiday-cottages/curlew-cottage-2-bedrooms/","","Indexable",""
"https://www.sowerbysholidaycottages.co.uk/norfolk-holiday-cottages/old-hunny-cottage/","1","index, follow, max-image-preview:large, max-snippet:-1, max-video-preview:-1","","","https://www.sowerbysholidaycottages.co.uk/norfolk-holiday-cottages/old-hunny-cottage/","","Indexable",""
"https://www.sowerbysholidaycottages.co.uk/norfolk-holiday-cottages/4-odd-fellows-court/","1","index, follow, max-image-preview:large, max-snippet:-1, max-video-preview:-1","","","https://www.sowerbysholidaycottages.co.uk/norfolk-holiday-cottages/4-odd-fellows-court/","","Indexable",""
"https://www.sowerbysholidaycottages.co.uk/norfolk-holiday-cottages/saltmarshes/","1","index, follow, max-image-preview:large, max-snippet:-1, max-video-preview:-1","","","https://www.sowerbysholidaycottages.co.uk/norfolk-holiday-cottages/saltmarshes/","","Indexable",""
"https://www.sowerbysholidaycottages.co.uk/norfolk-holiday-cottages/curlew-cottage/","1","index, follow, max-image-preview:large, max-snippet:-1, max-video-preview:-1","","","https://www.sowerbysholidaycottages.co.uk/norfolk-holiday-cottages/curlew-cottage/","","Indexable",""
"https://www.sowerbysholidaycottages.co.uk/norfolk-holiday-cottages/holly-cottage/","1","index, follow, max-image-preview:large, max-snippet:-1, max-video-preview:-1","","","https://www.sowerbysholidaycottages.co.uk/norfolk-holiday-cottages/holly-cottage/","","Indexable",""
"https://www.sowerbysholidaycottages.co.uk/norfolk-holiday-cottages/furnace-cottage/","1","index, follow, max-image-preview:large, max-snippet:-1, max-video-preview:-1","","","https://www.sowerbysholidaycottages.co.uk/norfolk-holiday-cottages/furnace-cottage/","","Indexable",""
"https://www.sowerbysholidaycottages.co.uk/norfolk-holiday-cottages/harpers/","1","index, follow, max-image-preview:large, max-snippet:-1, max-video-preview:-1","","","https://www.sowerbysholidaycottages.co.uk/norfolk-holiday-cottages/harpers/","","Indexable",""
"https://www.sowerbysholidaycottages.co.uk/norfolk-holiday-cottages/fleece-house/","1","index, follow, max-image-preview:large, max-snippet:-1, max-video-preview:-1","","","https://www.sowerbysholidaycottages.co.uk/norfolk-holiday-cottages/fleece-house/","","Indexable",""
"https://www.sowerbysholidaycottages.co.uk/norfolk-holiday-cottages/cherry-tree-cottage/","1","index, follow, max-image-preview:large, max-snippet:-1, max-video-preview:-1","","","https://www.sowerbysholidaycottages.co.uk/norfolk-holiday-cottages/cherry-tree-cottage/","","Indexable",""
"https://www.sowerbysholidaycottages.co.uk/norfolk-holiday-cottages/fortune-cottage/","1","index, follow, max-image-preview:large, max-snippet:-1, max-video-preview:-1","","","https://www.sowerbysholidaycottages.co.uk/norfolk-holiday-cottages/fortune-cottage/","","Indexable",""
"https://www.sowerbysholidaycottages.co.uk/norfolk-holiday-cottages/claremont-house/","1","index, follow, max-image-preview:large, max-snippet:-1, max-video-preview:-1","","","https://www.sowerbysholidaycottages.co.uk/norfolk-holiday-cottages/claremont-house/","","Indexable",""
"https://www.sowerbysholidaycottages.co.uk/norfolk-holiday-cottages/the-new-cottage/","1","index, follow, max-image-preview:large, max-snippet:-1, max-video-preview:-1","","","https://www.sowerbysholidaycottages.co.uk/norfolk-holiday-cottages/the-new-cottage/","","Indexable",""
"https://www.sowerbysholidaycottages.co.uk/norfolk-holiday-cottages/turnstone/","1","index, follow, max-image-preview:large, max-snippet:-1, max-video-preview:-1","","","https://www.sowerbysholidaycottages.co.uk/norfolk-holiday-cottages/turnstone/","","Indexable",""
"https://www.sowerbysholidaycottages.co.uk/norfolk-holiday-cottages/field-cottage-in-docking/","1","index, follow, max-image-preview:large, max-snippet:-1, max-video-preview:-1","","","https://www.sowerbysholidaycottages.co.uk/norfolk-holiday-cottages/field-cottage-in-docking/","","Indexable",""
"https://www.sowerbysholidaycottages.co.uk/norfolk-holiday-cottages/edinburgh-house-with-annex/","1","index, follow, max-image-preview:large, max-snippet:-1, max-video-preview:-1","","","https://www.sowerbysholidaycottages.co.uk/norfolk-holiday-cottages/edinburgh-house-with-annex/","","Indexable",""
"https://www.sowerbysholidaycottages.co.uk/norfolk-holiday-cottages/holly-house/","1","index, follow, max-image-preview:large, max-snippet:-1, max-video-preview:-1","","","https://www.sowerbysholidaycottages.co.uk/norfolk-holiday-cottages/holly-house/","","Indexable",""
"https://www.sowerbysholidaycottages.co.uk/norfolk-holiday-cottages/wren-cottage/","1","index, follow, max-image-preview:large, max-snippet:-1, max-video-preview:-1","","","https://www.sowerbysholidaycottages.co.uk/norfolk-holiday-cottages/wren-cottage/","","Indexable",""
"https://www.sowerbysholidaycottages.co.uk/norfolk-holiday-cottages/langham-house/","1","index, follow, max-image-preview:large, max-snippet:-1, max-video-preview:-1","","","https://www.sowerbysholidaycottages.co.uk/norfolk-holiday-cottages/langham-house/","","Indexable",""
"https://www.sowerbysholidaycottages.co.uk/norfolk-holiday-cottages/honeysuckle-cottage/","1","index, follow, max-image-preview:large, max-snippet:-1, max-video-preview:-1","","","https://www.sowerbysholidaycottages.co.uk/norfolk-holiday-cottages/honeysuckle-cottage/","","Indexable",""
"https://www.sowerbysholidaycottages.co.uk/norfolk-holiday-cottages/the-stables-manor-court/","1","index, follow, max-image-preview:large, max-snippet:-1, max-video-preview:-1","","","https://www.sowerbysholidaycottages.co.uk/norfolk-holiday-cottages/the-stables-manor-court/","","Indexable",""
"https://www.sowerbysholidaycottages.co.uk/norfolk-holiday-cottages/honeystone-mews/","1","index, follow, max-image-preview:large, max-snippet:-1, max-video-preview:-1","","","https://www.sowerbysholidaycottages.co.uk/norfolk-holiday-cottages/honeystone-mews/","","Indexable",""
"https://www.sowerbysholidaycottages.co.uk/norfolk-holiday-cottages/the-manse/","1","index, follow, max-image-preview:large, max-snippet:-1, max-video-preview:-1","","","https://www.sowerbysholidaycottages.co.uk/norfolk-holiday-cottages/the-manse/","","Indexable",""
"https://www.sowerbysholidaycottages.co.uk/norfolk-holiday-cottages/3-lavender-cottage/","1","index, follow, max-image-preview:large, max-snippet:-1, max-video-preview:-1","","","https://www.sowerbysholidaycottages.co.uk/norfolk-holiday-cottages/3-lavender-cottage/","","Indexable",""
"https://www.sowerbysholidaycottages.co.uk/norfolk-holiday-cottages/ivy-cottage/","1","index, follow, max-image-preview:large, max-snippet:-1, max-video-preview:-1","","","https://www.sowerbysholidaycottages.co.uk/norfolk-holiday-cottages/ivy-cottage/","","Indexable",""
"https://www.sowerbysholidaycottages.co.uk/norfolk-holiday-cottages/eastwood-house/","1","index, follow, max-image-preview:large, max-snippet:-1, max-video-preview:-1","","","https://www.sowerbysholidaycottages.co.uk/norfolk-holiday-cottages/eastwood-house/","","Indexable",""
"https://www.sowerbysholidaycottages.co.uk/norfolk-holiday-cottages/little-tern/","1","index, follow, max-image-preview:large, max-snippet:-1, max-video-preview:-1","","","https://www.sowerbysholidaycottages.co.uk/norfolk-holiday-cottages/little-tern/","","Indexable",""
"https://www.sowerbysholidaycottages.co.uk/norfolk-holiday-cottages/edinburgh-house/","1","index, follow, max-image-preview:large, max-snippet:-1, max-video-preview:-1","","","https://www.sowerbysholidaycottages.co.uk/norfolk-holiday-cottages/edinburgh-house/","","Indexable",""
"https://www.sowerbysholidaycottages.co.uk/norfolk-holiday-cottages/tucwel/","1","index, follow, max-image-preview:large, max-snippet:-1, max-video-preview:-1","","","https://www.sowerbysholidaycottages.co.uk/norfolk-holiday-cottages/tucwel/","","Indexable",""
"https://www.sowerbysholidaycottages.co.uk/norfolk-holiday-cottages/norton-cottage/","1","index, follow, max-image-preview:large, max-snippet:-1, max-video-preview:-1","","","https://www.sowerbysholidaycottages.co.uk/norfolk-holiday-cottages/norton-cottage/","","Indexable",""
"https://www.sowerbysholidaycottages.co.uk/norfolk-holiday-cottages/the-hideaway-6a/","1","index, follow, max-image-preview:large, max-snippet:-1, max-video-preview:-1","","","https://www.sowerbysholidaycottages.co.uk/norfolk-holiday-cottages/the-hideaway-6a/","","Indexable",""
"https://www.sowerbysholidaycottages.co.uk/norfolk-holiday-cottages/cornloft-cottage/","1","index, follow, max-image-preview:large, max-snippet:-1, max-video-preview:-1","","","https://www.sowerbysholidaycottages.co.uk/norfolk-holiday-cottages/cornloft-cottage/","","Indexable",""
"https://www.sowerbysholidaycottages.co.uk/norfolk-holiday-cottages/hilltop-nc/","1","index, follow, max-image-preview:large, max-snippet:-1, max-video-preview:-1","","","https://www.sowerbysholidaycottages.co.uk/norfolk-holiday-cottages/hilltop-nc/","","Indexable",""
"https://www.sowerbysholidaycottages.co.uk/norfolk-holiday-cottages/east-cottage/","1","index, follow, max-image-preview:large, max-snippet:-1, max-video-preview:-1","","","https://www.sowerbysholidaycottages.co.uk/norfolk-holiday-cottages/east-cottage/","","Indexable",""
"https://www.sowerbysholidaycottages.co.uk/norfolk-holiday-cottages/3-links-court/","1","index, follow, max-image-preview:large, max-snippet:-1, max-video-preview:-1","","","https://www.sowerbysholidaycottages.co.uk/norfolk-holiday-cottages/3-links-court/","","Indexable",""
"https://www.sowerbysholidaycottages.co.uk/norfolk-holiday-cottages/sandton-house/","1","index, follow, max-image-preview:large, max-snippet:-1, max-video-preview:-1","","","https://www.sowerbysholidaycottages.co.uk/norfolk-holiday-cottages/sandton-house/","","Indexable",""
"https://www.sowerbysholidaycottages.co.uk/norfolk-holiday-cottages/field-house/","1","index, follow, max-image-preview:large, max-snippet:-1, max-video-preview:-1","","","https://www.sowerbysholidaycottages.co.uk/norfolk-holiday-cottages/field-house/","","Indexable",""
"https://www.sowerbysholidaycottages.co.uk/norfolk-holiday-cottages/nelson-lodge/","1","index, follow, max-image-preview:large, max-snippet:-1, max-video-preview:-1","","","https://www.sowerbysholidaycottages.co.uk/norfolk-holiday-cottages/nelson-lodge/","","Indexable",""
"https://www.sowerbysholidaycottages.co.uk/norfolk-holiday-cottages/kitts-cottage/","1","index, follow, max-image-preview:large, max-snippet:-1, max-video-preview:-1","","","https://www.sowerbysholidaycottages.co.uk/norfolk-holiday-cottages/kitts-cottage/","","Indexable",""
"https://www.sowerbysholidaycottages.co.uk/norfolk-holiday-cottages/butts-corner-2-bedrooms/","1","index, follow, max-image-preview:large, max-snippet:-1, max-video-preview:-1","","","https://www.sowerbysholidaycottages.co.uk/norfolk-holiday-cottages/butts-corner-2-bedrooms/","","Indexable",""
"https://www.sowerbysholidaycottages.co.uk/norfolk-holiday-cottages/2-hunts-cottages/","1","index, follow, max-image-preview:large, max-snippet:-1, max-video-preview:-1","","","https://www.sowerbysholidaycottages.co.uk/norfolk-holiday-cottages/2-hunts-cottages/","","Indexable",""
"https://www.sowerbysholidaycottages.co.uk/norfolk-holiday-cottages/3-pond-end-row/","1","index, follow, max-image-preview:large, max-snippet:-1, max-video-preview:-1","","","https://www.sowerbysholidaycottages.co.uk/norfolk-holiday-cottages/3-pond-end-row/","","Indexable",""
"https://www.sowerbysholidaycottages.co.uk/norfolk-holiday-cottages/butts-corner/","1","index, follow, max-image-preview:large, max-snippet:-1, max-video-preview:-1","","","https://www.sowerbysholidaycottages.co.uk/norfolk-holiday-cottages/butts-corner/","","Indexable",""
"https://www.sowerbysholidaycottages.co.uk/norfolk-holiday-cottages/hare-cottage/","1","index, follow, max-image-preview:large, max-snippet:-1, max-video-preview:-1","","","https://www.sowerbysholidaycottages.co.uk/norfolk-holiday-cottages/hare-cottage/","","Indexable",""
"https://www.sowerbysholidaycottages.co.uk/norfolk-holiday-cottages/pangurs-piece/","1","index, follow, max-image-preview:large, max-snippet:-1, max-video-preview:-1","","","https://www.sowerbysholidaycottages.co.uk/norfolk-holiday-cottages/pangurs-piece/","","Indexable",""
"https://www.sowerbysholidaycottages.co.uk/norfolk-holiday-cottages/linksway/","1","index, follow, max-image-preview:large, max-snippet:-1, max-video-preview:-1","","","https://www.sowerbysholidaycottages.co.uk/norfolk-holiday-cottages/linksway/","","Indexable",""
"https://www.sowerbysholidaycottages.co.uk/norfolk-holiday-cottages/pickles-cottage/","1","index, follow, max-image-preview:large, max-snippet:-1, max-video-preview:-1","","","https://www.sowerbysholidaycottages.co.uk/norfolk-holiday-cottages/pickles-cottage/","","Indexable",""
"https://www.sowerbysholidaycottages.co.uk/norfolk-holiday-cottages/holly-house-2-bedrooms/","1","index, follow, max-image-preview:large, max-snippet:-1, max-video-preview:-1","","","https://www.sowerbysholidaycottages.co.uk/norfolk-holiday-cottages/holly-house-2-bedrooms/","","Indexable",""
"https://www.sowerbysholidaycottages.co.uk/norfolk-holiday-cottages/la-mouette/","1","index, follow, max-image-preview:large, max-snippet:-1, max-video-preview:-1","","","https://www.sowerbysholidaycottages.co.uk/norfolk-holiday-cottages/la-mouette/","","Indexable",""
"https://www.sowerbysholidaycottages.co.uk/norfolk-holiday-cottages/badgets/","1","index, follow, max-image-preview:large, max-snippet:-1, max-video-preview:-1","","","https://www.sowerbysholidaycottages.co.uk/norfolk-holiday-cottages/badgets/","","Indexable",""
"https://www.sowerbysholidaycottages.co.uk/norfolk-holiday-cottages/saffron-cottage/","1","index, follow, max-image-preview:large, max-snippet:-1, max-video-preview:-1","","","https://www.sowerbysholidaycottages.co.uk/norfolk-holiday-cottages/saffron-cottage/","","Indexable",""
"https://www.sowerbysholidaycottages.co.uk/norfolk-holiday-cottages/garden-folly/","1","index, follow, max-image-preview:large, max-snippet:-1, max-video-preview:-1","","","https://www.sowerbysholidaycottages.co.uk/norfolk-holiday-cottages/garden-folly/","","Indexable",""
"https://www.sowerbysholidaycottages.co.uk/norfolk-holiday-cottages/5-monteagle/","1","index, follow, max-image-preview:large, max-snippet:-1, max-video-preview:-1","","","https://www.sowerbysholidaycottages.co.uk/norfolk-holiday-cottages/5-monteagle/","","Indexable",""
"https://www.sowerbysholidaycottages.co.uk/norfolk-holiday-cottages/jeeves-retreat/","1","index, follow, max-image-preview:large, max-snippet:-1, max-video-preview:-1","","","https://www.sowerbysholidaycottages.co.uk/norfolk-holiday-cottages/jeeves-retreat/","","Indexable",""
"https://www.sowerbysholidaycottages.co.uk/norfolk-holiday-cottages/allpoints-cottage/","1","index, follow, max-image-preview:large, max-snippet:-1, max-video-preview:-1","","","https://www.sowerbysholidaycottages.co.uk/norfolk-holiday-cottages/allpoints-cottage/","","Indexable",""
"https://www.sowerbysholidaycottages.co.uk/norfolk-holiday-cottages/wellington-cottage/","1","index, follow, max-image-preview:large, max-snippet:-1, max-video-preview:-1","","","https://www.sowerbysholidaycottages.co.uk/norfolk-holiday-cottages/wellington-cottage/","","Indexable",""
"https://www.sowerbysholidaycottages.co.uk/norfolk-holiday-cottages/honeystone/","1","index, follow, max-image-preview:large, max-snippet:-1, max-video-preview:-1","","","https://www.sowerbysholidaycottages.co.uk/norfolk-holiday-cottages/honeystone/","","Indexable",""
"https://www.sowerbysholidaycottages.co.uk/norfolk-holiday-cottages/old-school-house/","1","index, follow, max-image-preview:large, max-snippet:-1, max-video-preview:-1","","","https://www.sowerbysholidaycottages.co.uk/norfolk-holiday-cottages/old-school-house/","","Indexable",""
"https://www.sowerbysholidaycottages.co.uk/norfolk-holiday-cottages/beech-cottage/","1","index, follow, max-image-preview:large, max-snippet:-1, max-video-preview:-1","","","https://www.sowerbysholidaycottages.co.uk/norfolk-holiday-cottages/beech-cottage/","","Indexable",""
"https://www.sowerbysholidaycottages.co.uk/norfolk-holiday-cottages/windjammer/","1","index, follow, max-image-preview:large, max-snippet:-1, max-video-preview:-1","","","https://www.sowerbysholidaycottages.co.uk/norfolk-holiday-cottages/windjammer/","","Indexable",""
"https://www.sowerbysholidaycottages.co.uk/norfolk-holiday-cottages/tern-cottage/","1","index, follow, max-image-preview:large, max-snippet:-1, max-video-preview:-1","","","https://www.sowerbysholidaycottages.co.uk/norfolk-holiday-cottages/tern-cottage/","","Indexable",""
"https://www.sowerbysholidaycottages.co.uk/norfolk-holiday-cottages/oak-cottage/","1","index, follow, max-image-preview:large, max-snippet:-1, max-video-preview:-1","","","https://www.sowerbysholidaycottages.co.uk/norfolk-holiday-cottages/oak-cottage/","","Indexable",""
"https://www.sowerbysholidaycottages.co.uk/norfolk-holiday-cottages/the-foundry/","1","index, follow, max-image-preview:large, max-snippet:-1, max-video-preview:-1","","","https://www.sowerbysholidaycottages.co.uk/norfolk-holiday-cottages/the-foundry/","","Indexable",""
"https://www.sowerbysholidaycottages.co.uk/norfolk-holiday-cottages/3-smugglers-cove/","1","index, follow, max-image-preview:large, max-snippet:-1, max-video-preview:-1","","","https://www.sowerbysholidaycottages.co.uk/norfolk-holiday-cottages/3-smugglers-cove/","","Indexable",""
"https://www.sowerbysholidaycottages.co.uk/norfolk-holiday-cottages/bliss-cottage/","1","index, follow, max-image-preview:large, max-snippet:-1, max-video-preview:-1","","","https://www.sowerbysholidaycottages.co.uk/norfolk-holiday-cottages/bliss-cottage/","","Indexable",""
"https://www.sowerbysholidaycottages.co.uk/norfolk-holiday-cottages/sutton-cottage/","1","index, follow, max-image-preview:large, max-snippet:-1, max-video-preview:-1","","","https://www.sowerbysholidaycottages.co.uk/norfolk-holiday-cottages/sutton-cottage/","","Indexable",""
"https://www.sowerbysholidaycottages.co.uk/norfolk-holiday-cottages/samphire-barn/","1","index, follow, max-image-preview:large, max-snippet:-1, max-video-preview:-1","","","https://www.sowerbysholidaycottages.co.uk/norfolk-holiday-cottages/samphire-barn/","","Indexable",""
"https://www.sowerbysholidaycottages.co.uk/norfolk-holiday-cottages/2-school-row/","1","index, follow, max-image-preview:large, max-snippet:-1, max-video-preview:-1","","","https://www.sowerbysholidaycottages.co.uk/norfolk-holiday-cottages/2-school-row/","","Indexable",""
"https://www.sowerbysholidaycottages.co.uk/norfolk-holiday-cottages/wellfleet-cottage/","1","index, follow, max-image-preview:large, max-snippet:-1, max-video-preview:-1","","","https://www.sowerbysholidaycottages.co.uk/norfolk-holiday-cottages/wellfleet-cottage/","","Indexable",""
"https://www.sowerbysholidaycottages.co.uk/norfolk-holiday-cottages/bluebell-cottage/","1","index, follow, max-image-preview:large, max-snippet:-1, max-video-preview:-1","","","https://www.sowerbysholidaycottages.co.uk/norfolk-holiday-cottages/bluebell-cottage/","","Indexable",""
"https://www.sowerbysholidaycottages.co.uk/norfolk-holiday-cottages/truncheons-reach/","1","index, follow, max-image-preview:large, max-snippet:-1, max-video-preview:-1","","","https://www.sowerbysholidaycottages.co.uk/norfolk-holiday-cottages/truncheons-reach/","","Indexable",""
"https://www.sowerbysholidaycottages.co.uk/norfolk-holiday-cottages/seasalt-cottage/","1","index, follow, max-image-preview:large, max-snippet:-1, max-video-preview:-1","","","https://www.sowerbysholidaycottages.co.uk/norfolk-holiday-cottages/seasalt-cottage/","","Indexable",""
"https://www.sowerbysholidaycottages.co.uk/norfolk-holiday-cottages/star-cottage/","1","index, follow, max-image-preview:large, max-snippet:-1, max-video-preview:-1","","","https://www.sowerbysholidaycottages.co.uk/norfolk-holiday-cottages/star-cottage/","","Indexable",""
"https://www.sowerbysholidaycottages.co.uk/norfolk-holiday-cottages/grasshopper-cottage/","1","index, follow, max-image-preview:large, max-snippet:-1, max-video-preview:-1","","","https://www.sowerbysholidaycottages.co.uk/norfolk-holiday-cottages/grasshopper-cottage/","","Indexable",""
"https://www.sowerbysholidaycottages.co.uk/norfolk-holiday-cottages/mill-view-burnham-norton/","1","index, follow, max-image-preview:large, max-snippet:-1, max-video-preview:-1","","","https://www.sowerbysholidaycottages.co.uk/norfolk-holiday-cottages/mill-view-burnham-norton/","","Indexable",""
"https://www.sowerbysholidaycottages.co.uk/norfolk-holiday-cottages/jeeves-hideaway/","1","index, follow, max-image-preview:large, max-snippet:-1, max-video-preview:-1","","","https://www.sowerbysholidaycottages.co.uk/norfolk-holiday-cottages/jeeves-hideaway/","","Indexable",""
"https://www.sowerbysholidaycottages.co.uk/norfolk-holiday-cottages/bailey-wick-cottage/","1","index, follow, max-image-preview:large, max-snippet:-1, max-video-preview:-1","","","https://www.sowerbysholidaycottages.co.uk/norfolk-holiday-cottages/bailey-wick-cottage/","","Indexable",""
"https://www.sowerbysholidaycottages.co.uk/norfolk-holiday-cottages/ellas-cottage/","1","index, follow, max-image-preview:large, max-snippet:-1, max-video-preview:-1","","","https://www.sowerbysholidaycottages.co.uk/norfolk-holiday-cottages/ellas-cottage/","","Indexable",""
"https://www.sowerbysholidaycottages.co.uk/wishlist/","1","index, follow, max-image-preview:large, max-snippet:-1, max-video-preview:-1","","","https://www.sowerbysholidaycottages.co.uk/wishlist/","","Indexable",""
"https://www.sowerbysholidaycottages.co.uk/norfolk-holiday-cottages/fox-cottage/","1","index, follow, max-image-preview:large, max-snippet:-1, max-video-preview:-1","","","https://www.sowerbysholidaycottages.co.uk/norfolk-holiday-cottages/fox-cottage/","","Indexable",""
"https://www.sowerbysholidaycottages.co.uk/norfolk-holiday-cottages/sunset-view/","1","index, follow, max-image-preview:large, max-snippet:-1, max-video-preview:-1","","","https://www.sowerbysholidaycottages.co.uk/norfolk-holiday-cottages/sunset-view/","","Indexable",""
"https://www.sowerbysholidaycottages.co.uk/popular-norfolk-holiday-areas/old-hunstanton-area/","1","index, follow, max-image-preview:large, max-snippet:-1, max-video-preview:-1","","","https://www.sowerbysholidaycottages.co.uk/popular-norfolk-holiday-areas/old-hunstanton-area/","","Indexable",""
"https://www.sowerbysholidaycottages.co.uk/popular-norfolk-holiday-areas/brancaster-area/","1","index, follow, max-image-preview:large, max-snippet:-1, max-video-preview:-1","","","https://www.sowerbysholidaycottages.co.uk/popular-norfolk-holiday-areas/brancaster-area/","","Indexable",""
"https://www.sowerbysholidaycottages.co.uk/popular-norfolk-holiday-areas/the-burnhams-area/","1","index, follow, max-image-preview:large, max-snippet:-1, max-video-preview:-1","","","https://www.sowerbysholidaycottages.co.uk/popular-norfolk-holiday-areas/the-burnhams-area/","","Indexable",""
"https://www.sowerbysholidaycottages.co.uk/popular-norfolk-holiday-areas/wells-next-the-sea-area/","1","index, follow, max-image-preview:large, max-snippet:-1, max-video-preview:-1","","","https://www.sowerbysholidaycottages.co.uk/popular-norfolk-holiday-areas/wells-next-the-sea-area/","","Indexable",""
"https://www.sowerbysholidaycottages.co.uk/norfolk-holiday-cottages/boatmans-cottage/","1","index, follow, max-image-preview:large, max-snippet:-1, max-video-preview:-1","","","https://www.sowerbysholidaycottages.co.uk/norfolk-holiday-cottages/boatmans-cottage/","","Indexable",""
"https://www.sowerbysholidaycottages.co.uk/norfolk-holiday-cottages/pebble-cottage/","1","index, follow, max-image-preview:large, max-snippet:-1, max-video-preview:-1","","","https://www.sowerbysholidaycottages.co.uk/norfolk-holiday-cottages/pebble-cottage/","","Indexable",""
"https://www.sowerbysholidaycottages.co.uk/norfolk-holiday-cottages/orchard-house-docking/","1","index, follow, max-image-preview:large, max-snippet:-1, max-video-preview:-1","","","https://www.sowerbysholidaycottages.co.uk/norfolk-holiday-cottages/orchard-house-docking/","","Indexable",""
"https://www.sowerbysholidaycottages.co.uk/norfolk-holiday-cottages/little-twitchers/","1","index, follow, max-image-preview:large, max-snippet:-1, max-video-preview:-1","","","https://www.sowerbysholidaycottages.co.uk/norfolk-holiday-cottages/little-twitchers/","","Indexable",""
"https://www.sowerbysholidaycottages.co.uk/norfolk-holiday-cottages/virginia-cottage/","1","index, follow, max-image-preview:large, max-snippet:-1, max-video-preview:-1","","","https://www.sowerbysholidaycottages.co.uk/norfolk-holiday-cottages/virginia-cottage/","","Indexable",""
"https://www.sowerbysholidaycottages.co.uk/norfolk-holiday-cottages/duckling-cottage/","1","index, follow, max-image-preview:large, max-snippet:-1, max-video-preview:-1","","","https://www.sowerbysholidaycottages.co.uk/norfolk-holiday-cottages/duckling-cottage/","","Indexable",""
"https://www.sowerbysholidaycottages.co.uk/norfolk-holiday-cottages/bonnierigg/","1","index, follow, max-image-preview:large, max-snippet:-1, max-video-preview:-1","","","https://www.sowerbysholidaycottages.co.uk/norfolk-holiday-cottages/bonnierigg/","","Indexable",""
"https://www.sowerbysholidaycottages.co.uk/norfolk-holiday-cottages/windswept-cottage/","1","index, follow, max-image-preview:large, max-snippet:-1, max-video-preview:-1","","","https://www.sowerbysholidaycottages.co.uk/norfolk-holiday-cottages/windswept-cottage/","","Indexable",""
"https://www.sowerbysholidaycottages.co.uk/norfolk-holiday-cottages/cherryhill/","1","index, follow, max-image-preview:large, max-snippet:-1, max-video-preview:-1","","","https://www.sowerbysholidaycottages.co.uk/norfolk-holiday-cottages/cherryhill/","","Indexable",""
"https://www.sowerbysholidaycottages.co.uk/norfolk-holiday-cottages/2-waterhall-cottages/","1","index, follow, max-image-preview:large, max-snippet:-1, max-video-preview:-1","","","https://www.sowerbysholidaycottages.co.uk/norfolk-holiday-cottages/2-waterhall-cottages/","","Indexable",""
"https://www.sowerbysholidaycottages.co.uk/norfolk-holiday-cottages/field-cottage-in-fring/","1","index, follow, max-image-preview:large, max-snippet:-1, max-video-preview:-1","","","https://www.sowerbysholidaycottages.co.uk/norfolk-holiday-cottages/field-cottage-in-fring/","","Indexable",""
"https://www.sowerbysholidaycottages.co.uk/norfolk-holiday-cottages/hares-end/","1","index, follow, max-image-preview:large, max-snippet:-1, max-video-preview:-1","","","https://www.sowerbysholidaycottages.co.uk/norfolk-holiday-cottages/hares-end/","","Indexable",""
