"Address","Title 1","Occurrences","HTML hreflang 1","HTML hreflang 1 URL","HTTP hreflang 1","HTTP hreflang 1 URL","Sitemap hreflang 1","Sitemap hreflang 1 URL","Indexability","Indexability Status"
"https://www.sowerbysholidaycottages.co.uk/","Self catering holiday cottages in North Norfolk - Sowerbys Holiday Cottages","0","","","","","","","Indexable",""
"https://www.sowerbysholidaycottages.co.uk/inspiration/","Norfolk holiday inspiration - Sowerbys Holiday Cottages","0","","","","","","","Indexable",""
"https://www.sowerbysholidaycottages.co.uk/inspiration/norfolk-holiday-cottage-special-offers/","Norfolk Holiday Cottages special offers | Sowerbys Holiday Cottages","0","","","","","","","Indexable",""
"https://www.sowerbysholidaycottages.co.uk/norfolk-holiday-locations/alphabetical-list-of-villages/","Alphabetical List of Villages - Sowerbys Holiday Cottages","0","","","","","","","Indexable",""
"https://www.sowerbysholidaycottages.co.uk/popular-norfolk-holiday-features/luxury-collection/","Norfolk Luxury Collection holiday cottages - Sowerbys Holiday Cottages","0","","","","","","","Indexable",""
"https://www.sowerbysholidaycottages.co.uk/holiday-cottage-owner-information/owner-testimonials/","Owner testimonials - Sowerbys Holiday Cottages","0","","","","","","","Indexable",""
"https://www.sowerbysholidaycottages.co.uk/about-sowerbys-holiday-cottages/faqs/","FAQs - Sowerbys Holiday Cottages","0","","","","","","","Indexable",""
"https://www.sowerbysholidaycottages.co.uk/norfolk-holiday-cottage-search/?start_date=&duration=&sleeps=&dogs=&village=&bedrooms=&bathrooms=&property=&special_offer=yes","Search Sowerby’s database of Norfolk Holiday Cottages","0","","","","","","","Non-Indexable","Canonicalised"
"https://www.sowerbysholidaycottages.co.uk/norfolk-holiday-cottage-search/?start_date=&duration=&sleeps=&dogs=&property=&bedrooms=&bathrooms=&village=&new=yes","Search Sowerby’s database of Norfolk Holiday Cottages","0","","","","","","","Non-Indexable","Canonicalised"
"https://www.sowerbysholidaycottages.co.uk/popular-norfolk-holiday-features/sea-views/","Norfolk Sea views holiday cottages - Sowerbys Holiday Cottages","0","","","","","","","Indexable",""
"https://www.sowerbysholidaycottages.co.uk/norfolk-holiday-cottage-search/?start_date=&duration=&sleeps=&dogs=&property=&action=quicksearch&bedrooms=&bathrooms=&village=&has_sea_view=yes","Search Sowerby’s database of Norfolk Holiday Cottages","0","","","","","","","Non-Indexable","Canonicalised"
"https://www.sowerbysholidaycottages.co.uk/bespoke-management-service/","Bespoke management service - Sowerbys Holiday Cottages","0","","","","","","","Indexable",""
"https://www.sowerbysholidaycottages.co.uk/norfolk-holiday-cottages/washmeres/","Norfolk Holiday Cottage to rent in Houghton Estate - Washmeres","0","","","","","","","Indexable",""
"https://www.sowerbysholidaycottages.co.uk/popular-norfolk-holiday-features/electric-charging/","Norfolk Electric Charging holiday cottages - Sowerbys Holiday Cottages","0","","","","","","","Indexable",""
"https://www.sowerbysholidaycottages.co.uk/norfolk-holiday-locations/","Popular Norfolk holiday cottage villages and locations | Sowerbys Holiday Cottages","0","","","","","","","Indexable",""
"https://www.sowerbysholidaycottages.co.uk/about-sowerbys-holiday-cottages/meet-the-team/","Meet the team - Sowerbys Holiday Cottages","0","","","","","","","Indexable",""
"https://www.sowerbysholidaycottages.co.uk/popular-norfolk-holiday-features/romantic-break/","Norfolk Romantic break holiday cottages - Sowerbys Holiday Cottages","0","","","","","","","Indexable",""
"https://www.sowerbysholidaycottages.co.uk/contact-sowerbys-holiday-cottages/","Sowerbys Holiday Cottages | Contact Us","0","","","","","","","Indexable",""
"https://www.sowerbysholidaycottages.co.uk/norfolk-holiday-cottages/little-barwick/","Norfolk Holiday Cottage to rent in Stanhoe - Little Barwick","0","","","","","","","Indexable",""
"https://www.sowerbysholidaycottages.co.uk/norfolk-holiday-cottage-search/?start_date=&duration=&sleeps=&dogs=&villageorproperty=&bedrooms=&bathrooms=&dogs_by_arrangement=yes&dogs_accepted=yes","Search Sowerby’s database of Norfolk Holiday Cottages","0","","","","","","","Non-Indexable","Canonicalised"
"https://www.sowerbysholidaycottages.co.uk/norfolk-holiday-cottages/violet/","Norfolk Holiday Cottage to rent in Heacham - Violet","0","","","","","","","Indexable",""
"https://www.sowerbysholidaycottages.co.uk/inspiration/blog/","Blog - Sowerbys Holiday Cottages","0","","","","","","","Indexable",""
"https://www.sowerbysholidaycottages.co.uk/inspiration/things-to-do-in-norfolk/","Things to do in Norfolk - Sowerbys Holiday Cottages","0","","","","","","","Indexable",""
"https://www.sowerbysholidaycottages.co.uk/terms-and-conditions/","Terms and Conditions - Sowerbys Holiday Cottages","0","","","","","","","Indexable",""
"https://www.sowerbysholidaycottages.co.uk/request-your-free-homeowners-guide/","Request your free Homeowner's Guide - Sowerbys Holiday Cottages","0","","","","","","","Indexable",""
"https://www.sowerbysholidaycottages.co.uk/about-sowerbys-holiday-cottages/","About Sowerbys Holiday Cottages","0","","","","","","","Indexable",""
"https://www.sowerbysholidaycottages.co.uk/norfolk-holiday-cottages/beachside/","Norfolk Holiday Cottage to rent in Heacham - Beachside","0","","","","","","","Indexable",""
"https://www.sowerbysholidaycottages.co.uk/about-sowerbys-holiday-cottages/our-norfolk-estate-agents/","Our Norfolk Estate Agents - Sowerbys Holiday Cottages","0","","","","","","","Indexable",""
"https://www.sowerbysholidaycottages.co.uk/inspiration/norfolk-events/","Sowerbys Holiday Cottages | Norfolk events","0","","","","","","","Indexable",""
"https://www.sowerbysholidaycottages.co.uk/seasonal-guide-request/","Seasonal Guide Request - Sowerbys Holiday Cottages","0","","","","","","","Indexable",""
"https://www.sowerbysholidaycottages.co.uk/norfolk-holiday-cottage-search/alphabetical-list/","Alphabetical list - Sowerbys Holiday Cottages","0","","","","","","","Indexable",""
"https://www.sowerbysholidaycottages.co.uk/inspiration/seasonal-guides/","Seasonal Guides - Sowerbys Holiday Cottages","0","","","","","","","Indexable",""
"https://www.sowerbysholidaycottages.co.uk/norfolk-holiday-cottage-search/?start_date=&duration=&sleeps=10&dogs=&property=&bedrooms=&bathrooms=&village=","Search Sowerby’s database of Norfolk Holiday Cottages","0","","","","","","","Non-Indexable","Canonicalised"
"https://www.sowerbysholidaycottages.co.uk/holiday-cottage-owner-information/","Sowerbys Holiday Cottages | Norfolk holiday cottage owner information","0","","","","","","","Indexable",""
"https://www.sowerbysholidaycottages.co.uk/popular-norfolk-holiday-features/dogs-accepted/","Norfolk Dog friendly holiday cottages - Sowerbys Holiday Cottages","0","","","","","","","Indexable",""
"https://www.sowerbysholidaycottages.co.uk/norfolk-holiday-cottages/aster-house/","Norfolk Holiday Cottage to rent in Burnham Overy Staithe - Aster House","0","","","","","","","Indexable",""
"https://www.sowerbysholidaycottages.co.uk/norfolk-holiday-cottages/3-the-old-school/","Norfolk Holiday Cottage to rent in Burnham Market - 3 The Old School","0","","","","","","","Indexable",""
"https://www.sowerbysholidaycottages.co.uk/norfolk-holiday-cottages/channel-view-and-cottage/","Norfolk Holiday Cottage to rent in Wells-next-the-sea - Channel View and Cottage","0","","","","","","","Indexable",""
"https://www.sowerbysholidaycottages.co.uk/norfolk-holiday-cottages/3-marshland-barns/","Norfolk Holiday Cottage to rent in Titchwell - 3 Marshland Barns","0","","","","","","","Indexable",""
"https://www.sowerbysholidaycottages.co.uk/norfolk-holiday-cottage-search/","Search Sowerby’s database of Norfolk Holiday Cottages","0","","","","","","","Indexable",""
"https://www.sowerbysholidaycottages.co.uk/norfolk-holiday-cottages/the-dairy-barn-2-bedrooms/","Norfolk Holiday Cottage to rent in Burnham Overy Staithe - The Dairy Barn 2 bedrooms","0","","","","","","","Indexable",""
"https://www.sowerbysholidaycottages.co.uk/norfolk-holiday-cottages/pantiles/","Norfolk Holiday Cottage to rent in Burnham Market - Pantiles","0","","","","","","","Indexable",""
"https://www.sowerbysholidaycottages.co.uk/norfolk-holiday-cottages/crowberry-barn/","Norfolk Holiday Cottage to rent in Burnham Market - Crowberry Barn","0","","","","","","","Indexable",""
"https://www.sowerbysholidaycottages.co.uk/norfolk-holiday-cottages/close-cottage/","Norfolk Holiday Cottage to rent in Brancaster Staithe - Close Cottage","0","","","","","","","Indexable",""
"https://www.sowerbysholidaycottages.co.uk/norfolk-holiday-cottages/sunnyvale/","Norfolk Holiday Cottage to rent in Docking - Sunnyvale","0","","","","","","","Indexable",""
"https://www.sowerbysholidaycottages.co.uk/norfolk-holiday-cottages/nelson-cottage/","Norfolk Holiday Cottage to rent in Burnham Market - Nelson Cottage","0","","","","","","","Indexable",""
"https://www.sowerbysholidaycottages.co.uk/norfolk-holiday-cottages/sybil-cottage/","Norfolk Holiday Cottage to rent in Holme-next-the-Sea - Sybil Cottage","0","","","","","","","Indexable",""
"https://www.sowerbysholidaycottages.co.uk/norfolk-holiday-cottages/the-old-forge/","Norfolk Holiday Cottage to rent in Burnham Market - The Old Forge","0","","","","","","","Indexable",""
"https://www.sowerbysholidaycottages.co.uk/norfolk-holiday-cottages/slumber-barn-5-bedrooms/","Norfolk Holiday Cottage to rent in Great Snoring - Slumber Barn 5 bedrooms","0","","","","","","","Indexable",""
"https://www.sowerbysholidaycottages.co.uk/norfolk-holiday-cottages/flagstaff-cottage/","Norfolk Holiday Cottage to rent in Burnham Overy Staithe - Flagstaff Cottage","0","","","","","","","Indexable",""
"https://www.sowerbysholidaycottages.co.uk/norfolk-holiday-cottages/the-old-post-office/","Norfolk Holiday Cottage to rent in Sedgeford - The Old Post Office","0","","","","","","","Indexable",""
"https://www.sowerbysholidaycottages.co.uk/norfolk-holiday-cottages/the-dairy-barn/","Norfolk Holiday Cottage to rent in Burnham Overy Staithe - The Dairy Barn","0","","","","","","","Indexable",""
"https://www.sowerbysholidaycottages.co.uk/norfolk-holiday-cottages/oak-tree-cottage/","Norfolk Holiday Cottage to rent in North Creake - Oak Tree Cottage","0","","","","","","","Indexable",""
"https://www.sowerbysholidaycottages.co.uk/norfolk-holiday-cottages/1-king-william-cottage/","Norfolk Holiday Cottage to rent in Docking - 1 King William Cottage","0","","","","","","","Indexable",""
"https://www.sowerbysholidaycottages.co.uk/norfolk-holiday-cottages/flagstaff-boathouse/","Norfolk Holiday Cottage to rent in Burnham Overy Staithe - Flagstaff Boathouse","0","","","","","","","Indexable",""
"https://www.sowerbysholidaycottages.co.uk/norfolk-holiday-cottages/1-crarves/","Norfolk Holiday Cottage to rent in Docking - 1 Crarves","0","","","","","","","Indexable",""
"https://www.sowerbysholidaycottages.co.uk/map-search/?start_date=&duration=&sleeps=&dogs=&village=&bedrooms=&bathrooms=&property=&special_offer=yes","Map Search - Sowerbys Holiday Cottages","0","","","","","","","Non-Indexable","noindex"
"https://www.sowerbysholidaycottages.co.uk/norfolk-holiday-cottages/the-paddock/","Norfolk Holiday Cottage to rent in Stanhoe - The Paddock","0","","","","","","","Indexable",""
"https://www.sowerbysholidaycottages.co.uk/norfolk-holiday-cottages/beehive-cottage/","Norfolk Holiday Cottage to rent in Burnham Market - Beehive Cottage","0","","","","","","","Indexable",""
"https://www.sowerbysholidaycottages.co.uk/norfolk-holiday-cottages/eider-cottage/","Norfolk Holiday Cottage to rent in Stanhoe - Eider Cottage","0","","","","","","","Indexable",""
"https://www.sowerbysholidaycottages.co.uk/norfolk-holiday-cottages/mandalay/","Norfolk Holiday Cottage to rent in Old Hunstanton - Mandalay","0","","","","","","","Indexable",""
"https://www.sowerbysholidaycottages.co.uk/norfolk-holiday-cottages/eton-house/","Norfolk Holiday Cottage to rent in Docking - Eton House","0","","","","","","","Indexable",""
"https://www.sowerbysholidaycottages.co.uk/norfolk-holiday-cottages/michaelmas/","Norfolk Holiday Cottage to rent in Stanhoe - Michaelmas","0","","","","","","","Indexable",""
"https://www.sowerbysholidaycottages.co.uk/norfolk-holiday-cottages/flagstaff-east/","Norfolk Holiday Cottage to rent in Burnham Overy Staithe - Flagstaff East","0","","","","","","","Indexable",""
"https://www.sowerbysholidaycottages.co.uk/norfolk-holiday-cottages/mill-view/","Norfolk Holiday Cottage to rent in Harpley - Mill View","0","","","","","","","Indexable",""
"https://www.sowerbysholidaycottages.co.uk/norfolk-holiday-cottages/3-marshland-barns-2-bedrooms/","Norfolk Holiday Cottage to rent in Titchwell - 3 Marshland Barns 2 bedrooms","0","","","","","","","Indexable",""
"https://www.sowerbysholidaycottages.co.uk/norfolk-holiday-cottages/2-railway-cottages/","Norfolk Holiday Cottage to rent in Burnham Market - 2 Railway Cottages","0","","","","","","","Indexable",""
"https://www.sowerbysholidaycottages.co.uk/norfolk-holiday-cottages/channel-cottage/","Norfolk Holiday Cottage to rent in Wells-next-the-sea - Channel Cottage","0","","","","","","","Indexable",""
"https://www.sowerbysholidaycottages.co.uk/norfolk-holiday-cottages/western-cottage/","Norfolk Holiday Cottage to rent in South Creake - Western Cottage","0","","","","","","","Indexable",""
"https://www.sowerbysholidaycottages.co.uk/norfolk-holiday-cottages/hill-top-docking/","Norfolk Holiday Cottage to rent in Docking - Hill Top Docking","0","","","","","","","Indexable",""
"https://www.sowerbysholidaycottages.co.uk/norfolk-holiday-cottages/eider-cottage-2-bedrooms/","Norfolk Holiday Cottage to rent in Stanhoe - Eider Cottage 2 bedrooms","0","","","","","","","Indexable",""
"https://www.sowerbysholidaycottages.co.uk/norfolk-holiday-cottages/the-loft/","Norfolk Holiday Cottage to rent in Hunstanton - The Loft","0","","","","","","","Indexable",""
"https://www.sowerbysholidaycottages.co.uk/norfolk-holiday-cottages/4-hare-cottage/","Norfolk Holiday Cottage to rent in South Creake - 4 Hare Cottage","0","","","","","","","Indexable",""
"https://www.sowerbysholidaycottages.co.uk/norfolk-holiday-cottages/bridge-farm-barn/","Norfolk Holiday Cottage to rent in Warham - Bridge Farm Barn","0","","","","","","","Indexable",""
"https://www.sowerbysholidaycottages.co.uk/norfolk-holiday-cottages/channel-view/","Norfolk Holiday Cottage to rent in Wells-next-the-sea - Channel View","0","","","","","","","Indexable",""
"https://www.sowerbysholidaycottages.co.uk/norfolk-holiday-cottages/the-dairy-barn-3-bedrooms/","Norfolk Holiday Cottage to rent in Burnham Overy Staithe - The Dairy Barn 3 bedrooms","0","","","","","","","Indexable",""
"https://www.sowerbysholidaycottages.co.uk/norfolk-holiday-cottages/flagstaff-west/","Norfolk Holiday Cottage to rent in Burnham Overy Staithe - Flagstaff West","0","","","","","","","Indexable",""
"https://www.sowerbysholidaycottages.co.uk/norfolk-holiday-cottages/flagstaff-garden-house/","Norfolk Holiday Cottage to rent in Burnham Overy Staithe - Flagstaff Garden House","0","","","","","","","Indexable",""
"https://www.sowerbysholidaycottages.co.uk/norfolk-holiday-cottages/eton-house-2-bedrooms/","Norfolk Holiday Cottage to rent in Docking - Eton House 2 bedrooms","0","","","","","","","Indexable",""
"https://www.sowerbysholidaycottages.co.uk/popular-norfolk-holiday-villages/harpley/","Holiday cottages to rent in Harpley, Norfolk - Sowerbys Holiday Cottages","0","","","","","","","Indexable",""
"https://www.sowerbysholidaycottages.co.uk/norfolk-holiday-cottages/avocet-cottage/","Norfolk Holiday Cottage to rent in Brancaster Staithe - Avocet Cottage","0","","","","","","","Indexable",""
"https://www.sowerbysholidaycottages.co.uk/popular-norfolk-holiday-villages/egmere/","Holiday cottages to rent in Egmere, Norfolk - Sowerbys Holiday Cottages","0","","","","","","","Indexable",""
"https://www.sowerbysholidaycottages.co.uk/popular-norfolk-holiday-villages/north-creake/","Holiday cottages to rent in North Creake, Norfolk - Sowerbys Holiday Cottages","0","","","","","","","Indexable",""
"https://www.sowerbysholidaycottages.co.uk/popular-norfolk-holiday-villages/sedgeford/","Holiday cottages to rent in Sedgeford, Norfolk - Sowerbys Holiday Cottages","0","","","","","","","Indexable",""
"https://www.sowerbysholidaycottages.co.uk/popular-norfolk-holiday-villages/wighton/","Holiday cottages to rent in Wighton, Norfolk - Sowerbys Holiday Cottages","0","","","","","","","Indexable",""
"https://www.sowerbysholidaycottages.co.uk/popular-norfolk-holiday-villages/burnham-market/","Holiday cottages to rent in Burnham Market, Norfolk - Sowerbys Holiday Cottages","0","","","","","","","Indexable",""
"https://www.sowerbysholidaycottages.co.uk/popular-norfolk-holiday-villages/walsingham/","Holiday cottages to rent in Walsingham, Norfolk - Sowerbys Holiday Cottages","0","","","","","","","Indexable",""
"https://www.sowerbysholidaycottages.co.uk/popular-norfolk-holiday-villages/burnham-overy-town/","Holiday cottages to rent in Burnham Overy Town, Norfolk - Sowerbys Holiday Cottages","0","","","","","","","Indexable",""
"https://www.sowerbysholidaycottages.co.uk/popular-norfolk-holiday-villages/burnham-overy-staithe/","Holiday cottages to rent in Burnham Overy Staithe, Norfolk - Sowerbys Holiday Cottages","0","","","","","","","Indexable",""
"https://www.sowerbysholidaycottages.co.uk/popular-norfolk-holiday-villages/heacham/","Holiday cottages to rent in Heacham, Norfolk - Sowerbys Holiday Cottages","0","","","","","","","Indexable",""
"https://www.sowerbysholidaycottages.co.uk/popular-norfolk-holiday-villages/ringstead/","Holiday cottages to rent in Ringstead, Norfolk - Sowerbys Holiday Cottages","0","","","","","","","Indexable",""
"https://www.sowerbysholidaycottages.co.uk/popular-norfolk-holiday-villages/great-snoring/","Holiday cottages to rent in Great Snoring, Norfolk - Sowerbys Holiday Cottages","0","","","","","","","Indexable",""
"https://www.sowerbysholidaycottages.co.uk/popular-norfolk-holiday-villages/hunstanton/","Holiday cottages to rent in Hunstanton, Norfolk - Sowerbys Holiday Cottages","0","","","","","","","Indexable",""
"https://www.sowerbysholidaycottages.co.uk/popular-norfolk-holiday-villages/brancaster/","Holiday cottages to rent in Brancaster, Norfolk - Sowerbys Holiday Cottages","0","","","","","","","Indexable",""
"https://www.sowerbysholidaycottages.co.uk/popular-norfolk-holiday-villages/brancaster-staithe/","Holiday cottages to rent in Brancaster Staithe, Norfolk - Sowerbys Holiday Cottages","0","","","","","","","Indexable",""
"https://www.sowerbysholidaycottages.co.uk/popular-norfolk-holiday-villages/old-hunstanton/","Holiday cottages to rent in Old Hunstanton, Norfolk - Sowerbys Holiday Cottages","0","","","","","","","Indexable",""
"https://www.sowerbysholidaycottages.co.uk/popular-norfolk-holiday-villages/thornham/","Holiday cottages to rent in Thornham, Norfolk - Sowerbys Holiday Cottages","0","","","","","","","Indexable",""
"https://www.sowerbysholidaycottages.co.uk/popular-norfolk-holiday-villages/burnham-deepdale/","Holiday cottages to rent in Burnham Deepdale, Norfolk - Sowerbys Holiday Cottages","0","","","","","","","Indexable",""
"https://www.sowerbysholidaycottages.co.uk/popular-norfolk-holiday-villages/blakeney/","Holiday cottages to rent in Blakeney, Norfolk - Sowerbys Holiday Cottages","0","","","","","","","Indexable",""
"https://www.sowerbysholidaycottages.co.uk/popular-norfolk-holiday-villages/wells-next-the-sea/","Holiday cottages to rent in Wells-next-the-sea, Norfolk - Sowerbys Holiday Cottages","0","","","","","","","Indexable",""
"https://www.sowerbysholidaycottages.co.uk/popular-norfolk-holiday-villages/warham/","Holiday cottages to rent in Warham, Norfolk - Sowerbys Holiday Cottages","0","","","","","","","Indexable",""
"https://www.sowerbysholidaycottages.co.uk/popular-norfolk-holiday-villages/titchwell/","Holiday cottages to rent in Titchwell, Norfolk - Sowerbys Holiday Cottages","0","","","","","","","Indexable",""
"https://www.sowerbysholidaycottages.co.uk/popular-norfolk-holiday-villages/burnham-norton/","Holiday cottages to rent in Burnham Norton, Norfolk - Sowerbys Holiday Cottages","0","","","","","","","Indexable",""
"https://www.sowerbysholidaycottages.co.uk/popular-norfolk-holiday-villages/houghton-estate/","Holiday cottages to rent in Houghton Estate, Norfolk - Sowerbys Holiday Cottages","0","","","","","","","Indexable",""
"https://www.sowerbysholidaycottages.co.uk/popular-norfolk-holiday-villages/stanhoe/","Holiday cottages to rent in Stanhoe, Norfolk - Sowerbys Holiday Cottages","0","","","","","","","Indexable",""
"https://www.sowerbysholidaycottages.co.uk/popular-norfolk-holiday-villages/holme-next-the-sea/","Holiday cottages to rent in Holme-next-the-Sea, Norfolk - Sowerbys Holiday Cottages","0","","","","","","","Indexable",""
"https://www.sowerbysholidaycottages.co.uk/popular-norfolk-holiday-villages/docking/","Holiday cottages to rent in Docking, Norfolk - Sowerbys Holiday Cottages","0","","","","","","","Indexable",""
"https://www.sowerbysholidaycottages.co.uk/popular-norfolk-holiday-villages/fring/","Holiday cottages to rent in Fring, Norfolk - Sowerbys Holiday Cottages","0","","","","","","","Indexable",""
"https://www.sowerbysholidaycottages.co.uk/popular-norfolk-holiday-villages/stiffkey/","Holiday cottages to rent in Stiffkey, Norfolk - Sowerbys Holiday Cottages","0","","","","","","","Indexable",""
"https://www.sowerbysholidaycottages.co.uk/popular-norfolk-holiday-villages/binham/","Holiday cottages to rent in Binham, Norfolk - Sowerbys Holiday Cottages","0","","","","","","","Indexable",""
"https://www.sowerbysholidaycottages.co.uk/popular-norfolk-holiday-villages/south-creake/","Holiday cottages to rent in South Creake, Norfolk - Sowerbys Holiday Cottages","0","","","","","","","Indexable",""
"https://www.sowerbysholidaycottages.co.uk/norfolk-holiday-cottages/high-barn/","Norfolk Holiday Cottage to rent in Binham - High Barn","0","","","","","","","Indexable",""
"https://www.sowerbysholidaycottages.co.uk/norfolk-holiday-cottages/sanderling/","Norfolk Holiday Cottage to rent in Burnham Market - Sanderling","0","","","","","","","Indexable",""
"https://www.sowerbysholidaycottages.co.uk/norfolk-holiday-cottages/the-gables/","Norfolk Holiday Cottage to rent in Thornham - The Gables","0","","","","","","","Indexable",""
"https://www.sowerbysholidaycottages.co.uk/norfolk-holiday-cottages/orchard-house-3-bedrooms/","Norfolk Holiday Cottage to rent in Burnham Market - Orchard House 3 bedrooms","0","","","","","","","Indexable",""
"https://www.sowerbysholidaycottages.co.uk/norfolk-holiday-cottages/heron-cottage/","Norfolk Holiday Cottage to rent in Thornham - Heron Cottage","0","","","","","","","Indexable",""
"https://www.sowerbysholidaycottages.co.uk/norfolk-holiday-cottages/washington-beach-house/","Norfolk Holiday Cottage to rent in Heacham - Washington Beach House","0","","","","","","","Indexable",""
"https://www.sowerbysholidaycottages.co.uk/norfolk-holiday-cottages/sea-lavender-house/","Norfolk Holiday Cottage to rent in Brancaster - Sea Lavender House","0","","","","","","","Indexable",""
"https://www.sowerbysholidaycottages.co.uk/norfolk-holiday-cottages/old-mill-cottage/","Norfolk Holiday Cottage to rent in Binham - Old Mill Cottage","0","","","","","","","Indexable",""
"https://www.sowerbysholidaycottages.co.uk/norfolk-holiday-cottages/marshview-cottage/","Norfolk Holiday Cottage to rent in Brancaster Staithe - Marshview Cottage","0","","","","","","","Indexable",""
"https://www.sowerbysholidaycottages.co.uk/norfolk-holiday-cottages/cherry-house/","Norfolk Holiday Cottage to rent in Thornham - Cherry House","0","","","","","","","Indexable",""
"https://www.sowerbysholidaycottages.co.uk/norfolk-holiday-cottages/washington-beach-house-with-lodge/","Norfolk Holiday Cottage to rent in Heacham - Washington Beach House with Lodge","0","","","","","","","Indexable",""
"https://www.sowerbysholidaycottages.co.uk/norfolk-holiday-cottages/the-meadows/","Norfolk Holiday Cottage to rent in Holme-next-the-Sea - The Meadows","0","","","","","","","Indexable",""
"https://www.sowerbysholidaycottages.co.uk/norfolk-holiday-cottages/hillcrest-barn/","Norfolk Holiday Cottage to rent in Burnham Market - Hillcrest Barn","0","","","","","","","Indexable",""
"https://www.sowerbysholidaycottages.co.uk/norfolk-holiday-cottages/the-cartshed-6-marshland-barns/","Norfolk Holiday Cottage to rent in Titchwell - The Cartshed 6 Marshland Barns","0","","","","","","","Indexable",""
"https://www.sowerbysholidaycottages.co.uk/norfolk-holiday-cottages/old-mill-and-cottage/","Norfolk Holiday Cottage to rent in Binham - Old Mill and Cottage","0","","","","","","","Indexable",""
"https://www.sowerbysholidaycottages.co.uk/norfolk-holiday-cottages/burnham-loft/","Norfolk Holiday Cottage to rent in Burnham Market - Burnham Loft","0","","","","","","","Indexable",""
"https://www.sowerbysholidaycottages.co.uk/norfolk-holiday-cottages/violets-cottage/","Norfolk Holiday Cottage to rent in Binham - Violet's Cottage","0","","","","","","","Indexable",""
"https://www.sowerbysholidaycottages.co.uk/norfolk-holiday-cottages/easterly/","Norfolk Holiday Cottage to rent in Burnham Market - Easterly","0","","","","","","","Indexable",""
"https://www.sowerbysholidaycottages.co.uk/norfolk-holiday-cottages/fayette/","Norfolk Holiday Cottage to rent in North Creake - Fayette","0","","","","","","","Indexable",""
"https://www.sowerbysholidaycottages.co.uk/norfolk-holiday-cottages/1-manor-farm-barns/","Norfolk Holiday Cottage to rent in Brancaster - 1 Manor Farm Barns","0","","","","","","","Indexable",""
"https://www.sowerbysholidaycottages.co.uk/norfolk-holiday-cottages/school-pastures-2-bedrooms/","Norfolk Holiday Cottage to rent in Burnham Deepdale - School Pastures 2 bedrooms","0","","","","","","","Indexable",""
"https://www.sowerbysholidaycottages.co.uk/norfolk-holiday-cottages/lark-house/","Norfolk Holiday Cottage to rent in Burnham Market - Lark House","0","","","","","","","Indexable",""
"https://www.sowerbysholidaycottages.co.uk/norfolk-holiday-cottages/washmeres-2-bedrooms/","Norfolk Holiday Cottage to rent in Houghton Estate - Washmeres 2 bedrooms","0","","","","","","","Indexable",""
"https://www.sowerbysholidaycottages.co.uk/norfolk-holiday-cottages/mallards/","Norfolk Holiday Cottage to rent in Burnham Market - Mallards","0","","","","","","","Indexable",""
"https://www.sowerbysholidaycottages.co.uk/norfolk-holiday-cottages/1-manor-farm-barns-3-bedrooms/","Norfolk Holiday Cottage to rent in Brancaster - 1 Manor Farm Barns 3 bedrooms","0","","","","","","","Indexable",""
"https://www.sowerbysholidaycottages.co.uk/norfolk-holiday-cottages/tarnside/","Norfolk Holiday Cottage to rent in Docking - Tarnside","0","","","","","","","Indexable",""
"https://www.sowerbysholidaycottages.co.uk/norfolk-holiday-cottages/aspall-escape/","Norfolk Holiday Cottage to rent in Burnham Market - Aspall Escape","0","","","","","","","Indexable",""
"https://www.sowerbysholidaycottages.co.uk/norfolk-holiday-cottages/hope-cottage/","Norfolk Holiday Cottage to rent in Holme-next-the-Sea - Hope Cottage","0","","","","","","","Indexable",""
"https://www.sowerbysholidaycottages.co.uk/norfolk-holiday-cottages/old-mill/","Norfolk Holiday Cottage to rent in Binham - Old Mill","0","","","","","","","Indexable",""
"https://www.sowerbysholidaycottages.co.uk/norfolk-holiday-cottages/scotts-cottage-4-bedrooms/","Norfolk Holiday Cottage to rent in Burnham Overy Staithe - Scott's Cottage 4 bedrooms","0","","","","","","","Indexable",""
"https://www.sowerbysholidaycottages.co.uk/norfolk-holiday-cottages/amber-cottage/","Norfolk Holiday Cottage to rent in Burnham Market - Amber Cottage","0","","","","","","","Indexable",""
"https://www.sowerbysholidaycottages.co.uk/norfolk-holiday-cottages/mallards-2-bedrooms/","Norfolk Holiday Cottage to rent in Burnham Market - Mallards 2 bedrooms","0","","","","","","","Indexable",""
"https://www.sowerbysholidaycottages.co.uk/norfolk-holiday-cottages/cockleshed-house/","Norfolk Holiday Cottage to rent in Brancaster Staithe - Cockleshed House","0","","","","","","","Indexable",""
"https://www.sowerbysholidaycottages.co.uk/norfolk-holiday-cottages/salt-marsh/","Norfolk Holiday Cottage to rent in Thornham - Salt Marsh","0","","","","","","","Indexable",""
"https://www.sowerbysholidaycottages.co.uk/norfolk-holiday-cottages/louisa-barn/","Norfolk Holiday Cottage to rent in Burnham Market - Louisa Barn","0","","","","","","","Indexable",""
"https://www.sowerbysholidaycottages.co.uk/norfolk-holiday-cottages/olives-cottage/","Norfolk Holiday Cottage to rent in Burnham Market - Olive's Cottage","0","","","","","","","Indexable",""
"https://www.sowerbysholidaycottages.co.uk/norfolk-holiday-cottages/the-cartshed-6-marshland-barns-2-bedrooms/","Norfolk Holiday Cottage to rent in Titchwell - The Cartshed 6 Marshland Barns 2 bedrooms","0","","","","","","","Indexable",""
"https://www.sowerbysholidaycottages.co.uk/norfolk-holiday-cottages/basils-barn/","Norfolk Holiday Cottage to rent in Burnham Market - Basil's Barn","0","","","","","","","Indexable",""
"https://www.sowerbysholidaycottages.co.uk/norfolk-holiday-cottages/school-pastures-6-bedrooms/","Norfolk Holiday Cottage to rent in Burnham Deepdale - School Pastures 6 bedrooms","0","","","","","","","Indexable",""
"https://www.sowerbysholidaycottages.co.uk/norfolk-holiday-cottages/bell-view-cottage/","Norfolk Holiday Cottage to rent in Burnham Market - Bell View Cottage","0","","","","","","","Indexable",""
"https://www.sowerbysholidaycottages.co.uk/norfolk-holiday-cottages/greystones/","Norfolk Holiday Cottage to rent in Holme-next-the-Sea - Greystones","0","","","","","","","Indexable",""
"https://www.sowerbysholidaycottages.co.uk/norfolk-holiday-cottages/1-manor-farm-barns-2-bedrooms/","Norfolk Holiday Cottage to rent in Brancaster - 1 Manor Farm Barns 2 bedrooms","0","","","","","","","Indexable",""
"https://www.sowerbysholidaycottages.co.uk/norfolk-holiday-cottages/orchard-house-5-bedrooms/","Norfolk Holiday Cottage to rent in Burnham Market - Orchard House 5 bedrooms","0","","","","","","","Indexable",""
"https://www.sowerbysholidaycottages.co.uk/norfolk-holiday-cottages/the-old-smithy/","Norfolk Holiday Cottage to rent in Holme-next-the-Sea - The Old Smithy","0","","","","","","","Indexable",""
"https://www.sowerbysholidaycottages.co.uk/norfolk-holiday-cottages/the-lamp-house/","Norfolk Holiday Cottage to rent in Burnham Market - The Lamp House","0","","","","","","","Indexable",""
"https://www.sowerbysholidaycottages.co.uk/norfolk-holiday-cottages/beacon-hill-barn/","Norfolk Holiday Cottage to rent in Burnham Market - Beacon Hill Barn","0","","","","","","","Indexable",""
"https://www.sowerbysholidaycottages.co.uk/norfolk-holiday-cottages/seaborne-penthouse/","Norfolk Holiday Cottage to rent in Wells-next-the-Sea - Seaborne Penthouse","0","","","","","","","Indexable",""
"https://www.sowerbysholidaycottages.co.uk/norfolk-holiday-cottages/oystercatchers/","Norfolk Holiday Cottage to rent in Burnham Market - Oystercatchers","0","","","","","","","Indexable",""
"https://www.sowerbysholidaycottages.co.uk/norfolk-holiday-cottages/the-saltings/","Norfolk Holiday Cottage to rent in Thornham - The Saltings","0","","","","","","","Indexable",""
"https://www.sowerbysholidaycottages.co.uk/norfolk-holiday-cottages/sail-away/","Norfolk Holiday Cottage to rent in Brancaster Staithe - Sail Away","0","","","","","","","Indexable",""
"https://www.sowerbysholidaycottages.co.uk/norfolk-holiday-cottages/peewits-penthouse/","Norfolk Holiday Cottage to rent in Wells-next-the-Sea - Peewits Penthouse","0","","","","","","","Indexable",""
"https://www.sowerbysholidaycottages.co.uk/norfolk-holiday-cottages/heronsway/","Norfolk Holiday Cottage to rent in Holme-next-the-Sea - Heronsway","0","","","","","","","Indexable",""
"https://www.sowerbysholidaycottages.co.uk/norfolk-holiday-cottages/slumber-barn-3-bedrooms/","Norfolk Holiday Cottage to rent in Great Snoring - Slumber Barn 3 bedrooms","0","","","","","","","Indexable",""
"https://www.sowerbysholidaycottages.co.uk/norfolk-holiday-cottages/blackbird-barn/","Norfolk Holiday Cottage to rent in Wells-next-the-Sea - Blackbird Barn","0","","","","","","","Indexable",""
"https://www.sowerbysholidaycottages.co.uk/norfolk-holiday-cottages/driftwood/","Norfolk Holiday Cottage to rent in Ringstead - Driftwood","0","","","","","","","Indexable",""
"https://www.sowerbysholidaycottages.co.uk/norfolk-holiday-cottages/scotts-cottage-6-bedrooms/","Norfolk Holiday Cottage to rent in Burnham Overy Staithe - Scott's Cottage 6 bedrooms","0","","","","","","","Indexable",""
"https://www.sowerbysholidaycottages.co.uk/norfolk-holiday-cottages/cobblestone-cottage/","Norfolk Holiday Cottage to rent in Docking - Cobblestone Cottage","0","","","","","","","Indexable",""
"https://www.sowerbysholidaycottages.co.uk/norfolk-holiday-cottages/allerdale-house/","Norfolk Holiday Cottage to rent in Brancaster Staithe - Allerdale House","0","","","","","","","Indexable",""
"https://www.sowerbysholidaycottages.co.uk/norfolk-holiday-cottages/school-pastures-4-bedrooms/","Norfolk Holiday Cottage to rent in Burnham Deepdale - School Pastures 4 bedrooms","0","","","","","","","Indexable",""
"https://www.sowerbysholidaycottages.co.uk/norfolk-holiday-cottages/spring-cottage/","Norfolk Holiday Cottage to rent in Burnham Market - Spring Cottage","0","","","","","","","Indexable",""
"https://www.sowerbysholidaycottages.co.uk/norfolk-holiday-cottages/stearmans-cottage/","Norfolk Holiday Cottage to rent in Wells-next-the-sea - Stearmans Cottage","0","","","","","","","Indexable",""
"https://www.sowerbysholidaycottages.co.uk/norfolk-holiday-cottages/tides/","Norfolk Holiday Cottage to rent in Wells-next-the-Sea - Tides","0","","","","","","","Indexable",""
"https://www.sowerbysholidaycottages.co.uk/norfolk-holiday-cottages/chase-cottage-2-bedrooms/","Norfolk Holiday Cottage to rent in Docking - Chase Cottage 2 bedrooms","0","","","","","","","Indexable",""
"https://www.sowerbysholidaycottages.co.uk/norfolk-holiday-cottages/market-lane-house-3-bedrooms/","Norfolk Holiday Cottage to rent in Brancaster - Market Lane House 3 bedrooms","0","","","","","","","Indexable",""
"https://www.sowerbysholidaycottages.co.uk/norfolk-holiday-cottages/chapel-cottages-godwit/","Norfolk Holiday Cottage to rent in Holme-next-the-Sea - Chapel Cottages - Godwit","0","","","","","","","Indexable",""
"https://www.sowerbysholidaycottages.co.uk/norfolk-holiday-cottages/badgets-2-bedrooms/","Norfolk Holiday Cottage to rent in Docking - Badgets 2 bedrooms","0","","","","","","","Indexable",""
"https://www.sowerbysholidaycottages.co.uk/norfolk-holiday-cottages/the-pilchard/","Norfolk Holiday Cottage to rent in Wells-next-the-Sea - The Pilchard","0","","","","","","","Indexable",""
"https://www.sowerbysholidaycottages.co.uk/map-search/?start_date=&duration=&sleeps=&dogs=&property=&bedrooms=&bathrooms=&village=&new=yes","Map Search - Sowerbys Holiday Cottages","0","","","","","","","Non-Indexable","noindex"
"https://www.sowerbysholidaycottages.co.uk/norfolk-holiday-cottages/6-monteagle/","Norfolk Holiday Cottage to rent in Wells-next-the-Sea - 6 Monteagle","0","","","","","","","Indexable",""
"https://www.sowerbysholidaycottages.co.uk/norfolk-holiday-cottages/badgets-3-bedrooms/","Norfolk Holiday Cottage to rent in Docking - Badgets 3 Bedrooms","0","","","","","","","Indexable",""
"https://www.sowerbysholidaycottages.co.uk/norfolk-holiday-cottages/chapel-cottages-bittern/","Norfolk Holiday Cottage to rent in Holme-next-the-Sea - Chapel Cottages - Bittern","0","","","","","","","Indexable",""
"https://www.sowerbysholidaycottages.co.uk/norfolk-holiday-cottages/boathouse-bliss/","Norfolk Holiday Cottage to rent in Heacham - Boathouse Bliss","0","","","","","","","Indexable",""
"https://www.sowerbysholidaycottages.co.uk/norfolk-holiday-cottages/chapel-cottages-avocet/","Norfolk Holiday Cottage to rent in Holme-next-the-Sea - Chapel Cottages - Avocet","0","","","","","","","Indexable",""
"https://www.sowerbysholidaycottages.co.uk/norfolk-holiday-cottages/harts-house/","Norfolk Holiday Cottage to rent in Burnham Overy Staithe - Hart's House","0","","","","","","","Indexable",""
"https://www.sowerbysholidaycottages.co.uk/norfolk-holiday-cottages/sea-wood/","Norfolk Holiday Cottage to rent in Brancaster Staithe - Sea Wood","0","","","","","","","Indexable",""
"https://www.sowerbysholidaycottages.co.uk/norfolk-holiday-cottages/chase-cottage/","Norfolk Holiday Cottage to rent in Docking - Chase Cottage","0","","","","","","","Indexable",""
"https://www.sowerbysholidaycottages.co.uk/norfolk-holiday-cottages/east-fleet/","Norfolk Holiday Cottage to rent in Wells-next-the-Sea - East Fleet","0","","","","","","","Indexable",""
"https://www.sowerbysholidaycottages.co.uk/norfolk-holiday-cottages/1-knights-cottages/","Norfolk Holiday Cottage to rent in Thornham - 1 Knights Cottages","0","","","","","","","Indexable",""
"https://www.sowerbysholidaycottages.co.uk/norfolk-holiday-cottages/gillies/","Norfolk Holiday Cottage to rent in Burnham Overy Staithe - Gillies","0","","","","","","","Indexable",""
"https://www.sowerbysholidaycottages.co.uk/norfolk-holiday-cottages/neptune/","Norfolk Holiday Cottage to rent in Heacham - Neptune","0","","","","","","","Indexable",""
"https://www.sowerbysholidaycottages.co.uk/norfolk-holiday-cottages/island-house/","Norfolk Holiday Cottage to rent in Brancaster Staithe - Island House","0","","","","","","","Indexable",""
"https://www.sowerbysholidaycottages.co.uk/norfolk-holiday-cottages/sea-wood-3-bedrooms/","Norfolk Holiday Cottage to rent in Brancaster Staithe - Sea Wood 3 bedrooms","0","","","","","","","Indexable",""
"https://www.sowerbysholidaycottages.co.uk/norfolk-holiday-cottages/harbour-view/","Norfolk Holiday Cottage to rent in Wells-next-the-Sea - Harbour View","0","","","","","","","Indexable",""
"https://www.sowerbysholidaycottages.co.uk/norfolk-holiday-cottages/longview-cottage/","Norfolk Holiday Cottage to rent in Wells-next-the-Sea - Longview Cottage","0","","","","","","","Indexable",""
"https://www.sowerbysholidaycottages.co.uk/norfolk-holiday-cottages/5-pauls-maltings/","Norfolk Holiday Cottage to rent in Wells-next-the-Sea - 5 Pauls Maltings","0","","","","","","","Indexable",""
"https://www.sowerbysholidaycottages.co.uk/norfolk-holiday-cottages/sunnydene/","Norfolk Holiday Cottage to rent in Brancaster Staithe - Sunnydene","0","","","","","","","Indexable",""
"https://www.sowerbysholidaycottages.co.uk/norfolk-holiday-cottages/staithe-barn/","Norfolk Holiday Cottage to rent in Burnham Overy Staithe - Staithe Barn","0","","","","","","","Indexable",""
"https://www.sowerbysholidaycottages.co.uk/norfolk-holiday-cottages/the-cottage-overy-staithe/","Norfolk Holiday Cottage to rent in Burnham Overy Staithe - The Cottage Overy Staithe","0","","","","","","","Indexable",""
"https://www.sowerbysholidaycottages.co.uk/norfolk-holiday-cottages/ongar-lodge/","Norfolk Holiday Cottage to rent in Old Hunstanton - Ongar Lodge","0","","","","","","","Indexable",""
"https://www.sowerbysholidaycottages.co.uk/norfolk-holiday-cottages/sea-breeze/","Norfolk Holiday Cottage to rent in Hunstanton - Sea Breeze","0","","","","","","","Indexable",""
"https://www.sowerbysholidaycottages.co.uk/norfolk-holiday-cottages/pear-tree-cottage/","Norfolk Holiday Cottage to rent in Holme-next-the-Sea - Pear Tree Cottage","0","","","","","","","Indexable",""
"https://www.sowerbysholidaycottages.co.uk/norfolk-holiday-cottages/cobblestones/","Norfolk Holiday Cottage to rent in Brancaster Staithe - Cobblestones","0","","","","","","","Indexable",""
"https://www.sowerbysholidaycottages.co.uk/norfolk-holiday-cottages/falgate/","Norfolk Holiday Cottage to rent in Burnham Overy Staithe - Falgate","0","","","","","","","Indexable",""
"https://www.sowerbysholidaycottages.co.uk/norfolk-holiday-cottages/2-pauls-maltings/","Norfolk Holiday Cottage to rent in Wells-next-the-Sea - 2 Pauls Maltings","0","","","","","","","Indexable",""
"https://www.sowerbysholidaycottages.co.uk/norfolk-holiday-cottages/foam-crest/","Norfolk Holiday Cottage to rent in Heacham - Foam Crest","0","","","","","","","Indexable",""
"https://www.sowerbysholidaycottages.co.uk/norfolk-holiday-cottages/beachcomber/","Norfolk Holiday Cottage to rent in Heacham - Beachcomber","0","","","","","","","Indexable",""
"https://www.sowerbysholidaycottages.co.uk/norfolk-holiday-cottages/green-tiles/","Norfolk Holiday Cottage to rent in Old Hunstanton - Green Tiles","0","","","","","","","Indexable",""
"https://www.sowerbysholidaycottages.co.uk/norfolk-holiday-cottages/4-pauls-maltings/","Norfolk Holiday Cottage to rent in Wells-next-the-Sea - 4 Pauls Maltings","0","","","","","","","Indexable",""
"https://www.sowerbysholidaycottages.co.uk/norfolk-holiday-cottages/6-the-granary/","Norfolk Holiday Cottage to rent in Wells-next-the-Sea - 6 The Granary","0","","","","","","","Indexable",""
"https://www.sowerbysholidaycottages.co.uk/norfolk-holiday-cottages/mow-creek-cottage/","Norfolk Holiday Cottage to rent in Brancaster Staithe - Mow Creek Cottage","0","","","","","","","Indexable",""
"https://www.sowerbysholidaycottages.co.uk/norfolk-holiday-cottages/cockle-beach/","Norfolk Holiday Cottage to rent in Heacham - Cockle Beach","0","","","","","","","Indexable",""
"https://www.sowerbysholidaycottages.co.uk/norfolk-holiday-cottages/2-knights-cottages/","Norfolk Holiday Cottage to rent in Thornham - 2 Knights Cottages","0","","","","","","","Indexable",""
"https://www.sowerbysholidaycottages.co.uk/norfolk-holiday-cottages/2-dormy-house/","Norfolk Holiday Cottage to rent in Brancaster - 2 Dormy House","0","","","","","","","Indexable",""
"https://www.sowerbysholidaycottages.co.uk/norfolk-holiday-cottages/quayside/","Norfolk Holiday Cottage to rent in Wells-next-the-Sea - Quayside","0","","","","","","","Indexable",""
"https://www.sowerbysholidaycottages.co.uk/norfolk-holiday-cottages/washington-lodge/","Norfolk Holiday Cottage to rent in Heacham - Washington Lodge","0","","","","","","","Indexable",""
"https://www.sowerbysholidaycottages.co.uk/norfolk-holiday-cottages/harrier-cottage/","Norfolk Holiday Cottage to rent in Thornham - Harrier Cottage","0","","","","","","","Indexable",""
"https://www.sowerbysholidaycottages.co.uk/norfolk-holiday-cottages/sea-view/","Norfolk Holiday Cottage to rent in Heacham - Sea View","0","","","","","","","Indexable",""
"https://www.sowerbysholidaycottages.co.uk/norfolk-holiday-cottages/scotts-lodge/","Norfolk Holiday Cottage to rent in Burnham Overy Staithe - Scott's Lodge","0","","","","","","","Indexable",""
"https://www.sowerbysholidaycottages.co.uk/norfolk-holiday-cottages/sandbanks/","Norfolk Holiday Cottage to rent in Wells-next-the-Sea - Sandbanks","0","","","","","","","Indexable",""
"https://www.sowerbysholidaycottages.co.uk/map-search/?start_date=&duration=&sleeps=&dogs=&property=&action=quicksearch&bedrooms=&bathrooms=&village=&has_sea_view=yes","Map Search - Sowerbys Holiday Cottages","0","","","","","","","Non-Indexable","noindex"
"https://www.sowerbysholidaycottages.co.uk/norfolk-holiday-cottages/harbour-cottage/","Norfolk Holiday Cottage to rent in Wells-next-the-Sea - Harbour Cottage","0","","","","","","","Indexable",""
"https://www.sowerbysholidaycottages.co.uk/property-details-print/?propertyID=3401","Sowerbys Holiday Cottages | Property details for Violet","0","","","","","","","Non-Indexable","noindex"
"https://www.sowerbysholidaycottages.co.uk/norfolk-holiday-cottages/samphire-cottage/","Norfolk Holiday Cottage to rent in Brancaster Staithe - Samphire Cottage","0","","","","","","","Indexable",""
"https://www.sowerbysholidaycottages.co.uk/norfolk-holiday-cottages/lime-cottage/","Norfolk Holiday Cottage to rent in Ringstead - Lime Cottage","0","","","","","","","Indexable",""
"https://www.sowerbysholidaycottages.co.uk/norfolk-holiday-cottages/lilac-cottage/","Norfolk Holiday Cottage to rent in Burnham Overy Town - Lilac Cottage","0","","","","","","","Indexable",""
"https://www.sowerbysholidaycottages.co.uk/norfolk-holiday-cottages/dolphin-cottage/","Norfolk Holiday Cottage to rent in Old Hunstanton - Dolphin Cottage","0","","","","","","","Indexable",""
"https://www.sowerbysholidaycottages.co.uk/norfolk-holiday-cottages/beamish/","Norfolk Holiday Cottage to rent in Holme-next-the-Sea - Beamish","0","","","","","","","Indexable",""
"https://www.sowerbysholidaycottages.co.uk/norfolk-holiday-cottages/josh-cottage/","Norfolk Holiday Cottage to rent in South Creake - Josh Cottage","0","","","","","","","Indexable",""
"https://www.sowerbysholidaycottages.co.uk/norfolk-holiday-cottages/old-barn/","Norfolk Holiday Cottage to rent in Holme-next-the-Sea - Old Barn","0","","","","","","","Indexable",""
"https://www.sowerbysholidaycottages.co.uk/norfolk-holiday-cottages/brent-burn/","Norfolk Holiday Cottage to rent in Burnham Market - Brent Burn","0","","","","","","","Indexable",""
"https://www.sowerbysholidaycottages.co.uk/norfolk-holiday-cottages/orchard-house-140/","Norfolk Holiday Cottage to rent in Blakeney - Orchard House 140","0","","","","","","","Indexable",""
"https://www.sowerbysholidaycottages.co.uk/norfolk-holiday-cottages/lapwing/","Norfolk Holiday Cottage to rent in Brancaster - Lapwing","0","","","","","","","Indexable",""
"https://www.sowerbysholidaycottages.co.uk/norfolk-holiday-cottages/beck-cottage/","Norfolk Holiday Cottage to rent in South Creake - Beck Cottage","0","","","","","","","Indexable",""
"https://www.sowerbysholidaycottages.co.uk/norfolk-holiday-cottages/garden-cottage/","Norfolk Holiday Cottage to rent in Ringstead - Garden Cottage","0","","","","","","","Indexable",""
"https://www.sowerbysholidaycottages.co.uk/norfolk-holiday-cottages/pinkleton/","Norfolk Holiday Cottage to rent in Egmere - Pinkleton","0","","","","","","","Indexable",""
"https://www.sowerbysholidaycottages.co.uk/norfolk-holiday-cottages/linksway-2-bedrooms/","Norfolk Holiday Cottage to rent in Brancaster - Linksway 2 bedrooms","0","","","","","","","Indexable",""
"https://www.sowerbysholidaycottages.co.uk/norfolk-holiday-cottages/seal-cottage/","Norfolk Holiday Cottage to rent in Wells-next-the-Sea - Seal Cottage","0","","","","","","","Indexable",""
"https://www.sowerbysholidaycottages.co.uk/norfolk-holiday-cottages/lantern-cottage/","Norfolk Holiday Cottage to rent in Burnham Overy Staithe - Lantern Cottage","0","","","","","","","Indexable",""
"https://www.sowerbysholidaycottages.co.uk/norfolk-holiday-cottages/skylark/","Norfolk Holiday Cottage to rent in Burnham Overy Staithe - Skylark","0","","","","","","","Indexable",""
"https://www.sowerbysholidaycottages.co.uk/norfolk-holiday-cottages/chadwicks/","Norfolk Holiday Cottage to rent in Brancaster - Chadwicks","0","","","","","","","Indexable",""
"https://www.sowerbysholidaycottages.co.uk/norfolk-holiday-cottages/seawards/","Norfolk Holiday Cottage to rent in Old Hunstanton - Seawards","0","","","","","","","Indexable",""
"https://www.sowerbysholidaycottages.co.uk/norfolk-holiday-cottages/lavender-house/","Norfolk Holiday Cottage to rent in Burnham Overy Town - Lavender House","0","","","","","","","Indexable",""
"https://www.sowerbysholidaycottages.co.uk/norfolk-holiday-cottages/rose-cottage/","Norfolk Holiday Cottage to rent in Burnham Market - Rose Cottage","0","","","","","","","Indexable",""
"https://www.sowerbysholidaycottages.co.uk/norfolk-holiday-cottages/field-cottage-in-brancaster-staithe/","Norfolk Holiday Cottage to rent in Brancaster Staithe - Field Cottage in Brancaster Staithe","0","","","","","","","Indexable",""
"https://www.sowerbysholidaycottages.co.uk/norfolk-holiday-cottages/garden-house/","Norfolk Holiday Cottage to rent in Burnham Market - Garden House","0","","","","","","","Indexable",""
"https://www.sowerbysholidaycottages.co.uk/norfolk-holiday-cottages/1-railway-cottages/","Norfolk Holiday Cottage to rent in Burnham Market - 1 Railway Cottages","0","","","","","","","Indexable",""
"https://www.sowerbysholidaycottages.co.uk/norfolk-holiday-cottages/lavender-cottage/","Norfolk Holiday Cottage to rent in Burnham Market - Lavender Cottage","0","","","","","","","Indexable",""
"https://www.sowerbysholidaycottages.co.uk/norfolk-holiday-cottages/eastwood-house-2-bedrooms/","Norfolk Holiday Cottage to rent in Brancaster - Eastwood House 2 bedrooms","0","","","","","","","Indexable",""
"https://www.sowerbysholidaycottages.co.uk/norfolk-holiday-cottages/sea-lavender-cottage/","Norfolk Holiday Cottage to rent in Burnham Market - Sea Lavender Cottage","0","","","","","","","Indexable",""
"https://www.sowerbysholidaycottages.co.uk/norfolk-holiday-cottages/market-lane-house/","Norfolk Holiday Cottage to rent in Brancaster - Market Lane House","0","","","","","","","Indexable",""
"https://www.sowerbysholidaycottages.co.uk/norfolk-holiday-cottages/crows-nest-cottage/","Norfolk Holiday Cottage to rent in Burnham Overy Staithe - Crows Nest Cottage","0","","","","","","","Indexable",""
"https://www.sowerbysholidaycottages.co.uk/norfolk-holiday-cottages/the-cottage-erpingham-court/","Norfolk Holiday Cottage to rent in Old Hunstanton - The Cottage Erpingham Court","0","","","","","","","Indexable",""
"https://www.sowerbysholidaycottages.co.uk/norfolk-holiday-cottages/curlew-cottage-2-bedrooms/","Norfolk Holiday Cottage to rent in Brancaster - Curlew Cottage 2 bedrooms","0","","","","","","","Indexable",""
"https://www.sowerbysholidaycottages.co.uk/norfolk-holiday-cottages/old-hunny-cottage/","Norfolk Holiday Cottage to rent in Old Hunstanton - Old Hunny Cottage","0","","","","","","","Indexable",""
"https://www.sowerbysholidaycottages.co.uk/norfolk-holiday-cottages/4-odd-fellows-court/","Norfolk Holiday Cottage to rent in Wells-next-the-sea - 4 Odd Fellows Court","0","","","","","","","Indexable",""
"https://www.sowerbysholidaycottages.co.uk/norfolk-holiday-cottages/saltmarshes/","Norfolk Holiday Cottage to rent in Holme-next-the-Sea - Saltmarshes","0","","","","","","","Indexable",""
"https://www.sowerbysholidaycottages.co.uk/norfolk-holiday-cottages/curlew-cottage/","Norfolk Holiday Cottage to rent in Brancaster - Curlew Cottage","0","","","","","","","Indexable",""
"https://www.sowerbysholidaycottages.co.uk/norfolk-holiday-cottages/holly-cottage/","Norfolk Holiday Cottage to rent in Docking - Holly Cottage","0","","","","","","","Indexable",""
"https://www.sowerbysholidaycottages.co.uk/norfolk-holiday-cottages/furnace-cottage/","Norfolk Holiday Cottage to rent in Walsingham - Furnace Cottage","0","","","","","","","Indexable",""
"https://www.sowerbysholidaycottages.co.uk/norfolk-holiday-cottages/harpers/","Norfolk Holiday Cottage to rent in Burnham Market - Harpers","0","","","","","","","Indexable",""
"https://www.sowerbysholidaycottages.co.uk/norfolk-holiday-cottages/fleece-house/","Norfolk Holiday Cottage to rent in South Creake - Fleece House","0","","","","","","","Indexable",""
"https://www.sowerbysholidaycottages.co.uk/norfolk-holiday-cottages/cherry-tree-cottage/","Norfolk Holiday Cottage to rent in Stanhoe - Cherry Tree Cottage","0","","","","","","","Indexable",""
"https://www.sowerbysholidaycottages.co.uk/norfolk-holiday-cottages/fortune-cottage/","Norfolk Holiday Cottage to rent in Burnham Market - Fortune Cottage","0","","","","","","","Indexable",""
"https://www.sowerbysholidaycottages.co.uk/norfolk-holiday-cottages/claremont-house/","Norfolk Holiday Cottage to rent in Burnham Market - Claremont House","0","","","","","","","Indexable",""
"https://www.sowerbysholidaycottages.co.uk/norfolk-holiday-cottages/the-new-cottage/","Norfolk Holiday Cottage to rent in Stanhoe - The New Cottage","0","","","","","","","Indexable",""
"https://www.sowerbysholidaycottages.co.uk/norfolk-holiday-cottages/turnstone/","Norfolk Holiday Cottage to rent in Brancaster - Turnstone","0","","","","","","","Indexable",""
"https://www.sowerbysholidaycottages.co.uk/norfolk-holiday-cottages/field-cottage-in-docking/","Norfolk Holiday Cottage to rent in Docking - Field Cottage in Docking","0","","","","","","","Indexable",""
"https://www.sowerbysholidaycottages.co.uk/norfolk-holiday-cottages/edinburgh-house-with-annex/","Norfolk Holiday Cottage to rent in Burnham Market - Edinburgh House with Annex","0","","","","","","","Indexable",""
"https://www.sowerbysholidaycottages.co.uk/norfolk-holiday-cottages/holly-house/","Norfolk Holiday Cottage to rent in South Creake - Holly House","0","","","","","","","Indexable",""
"https://www.sowerbysholidaycottages.co.uk/norfolk-holiday-cottages/wren-cottage/","Norfolk Holiday Cottage to rent in Thornham - Wren Cottage","0","","","","","","","Indexable",""
"https://www.sowerbysholidaycottages.co.uk/norfolk-holiday-cottages/langham-house/","Norfolk Holiday Cottage to rent in Holme-next-the-Sea - Langham House","0","","","","","","","Indexable",""
"https://www.sowerbysholidaycottages.co.uk/norfolk-holiday-cottages/honeysuckle-cottage/","Norfolk Holiday Cottage to rent in Old Hunstanton - Honeysuckle Cottage","0","","","","","","","Indexable",""
"https://www.sowerbysholidaycottages.co.uk/norfolk-holiday-cottages/the-stables-manor-court/","Norfolk Holiday Cottage to rent in Titchwell - The Stables Manor Court","0","","","","","","","Indexable",""
"https://www.sowerbysholidaycottages.co.uk/norfolk-holiday-cottages/honeystone-mews/","Norfolk Holiday Cottage to rent in Old Hunstanton - Honeystone Mews","0","","","","","","","Indexable",""
"https://www.sowerbysholidaycottages.co.uk/norfolk-holiday-cottages/the-manse/","Norfolk Holiday Cottage to rent in South Creake - The Manse","0","","","","","","","Indexable",""
"https://www.sowerbysholidaycottages.co.uk/norfolk-holiday-cottages/3-lavender-cottage/","Norfolk Holiday Cottage to rent in Burnham Market - 3 Lavender Cottage","0","","","","","","","Indexable",""
"https://www.sowerbysholidaycottages.co.uk/norfolk-holiday-cottages/ivy-cottage/","Norfolk Holiday Cottage to rent in Thornham - Ivy Cottage","0","","","","","","","Indexable",""
"https://www.sowerbysholidaycottages.co.uk/norfolk-holiday-cottages/eastwood-house/","Norfolk Holiday Cottage to rent in Brancaster - Eastwood House","0","","","","","","","Indexable",""
"https://www.sowerbysholidaycottages.co.uk/norfolk-holiday-cottages/little-tern/","Norfolk Holiday Cottage to rent in Burnham Overy Staithe - Little Tern","0","","","","","","","Indexable",""
"https://www.sowerbysholidaycottages.co.uk/norfolk-holiday-cottages/edinburgh-house/","Norfolk Holiday Cottage to rent in Burnham Market - Edinburgh House","0","","","","","","","Indexable",""
"https://www.sowerbysholidaycottages.co.uk/norfolk-holiday-cottages/tucwel/","Norfolk Holiday Cottage to rent in Warham - Tucwel","0","","","","","","","Indexable",""
"https://www.sowerbysholidaycottages.co.uk/norfolk-holiday-cottages/norton-cottage/","Norfolk Holiday Cottage to rent in Burnham Norton - Norton Cottage","0","","","","","","","Indexable",""
"https://www.sowerbysholidaycottages.co.uk/norfolk-holiday-cottages/the-hideaway-6a/","Norfolk Holiday Cottage to rent in Docking - The Hideaway 6A","0","","","","","","","Indexable",""
"https://www.sowerbysholidaycottages.co.uk/norfolk-holiday-cottages/cornloft-cottage/","Norfolk Holiday Cottage to rent in South Creake - Cornloft Cottage","0","","","","","","","Indexable",""
"https://www.sowerbysholidaycottages.co.uk/norfolk-holiday-cottages/hilltop-nc/","Norfolk Holiday Cottage to rent in North Creake - Hilltop NC","0","","","","","","","Indexable",""
"https://www.sowerbysholidaycottages.co.uk/norfolk-holiday-cottages/east-cottage/","Norfolk Holiday Cottage to rent in Burnham Deepdale - East Cottage","0","","","","","","","Indexable",""
"https://www.sowerbysholidaycottages.co.uk/norfolk-holiday-cottages/3-links-court/","Norfolk Holiday Cottage to rent in Brancaster - 3 Links Court","0","","","","","","","Indexable",""
"https://www.sowerbysholidaycottages.co.uk/norfolk-holiday-cottages/sandton-house/","Norfolk Holiday Cottage to rent in Wells-next-the-Sea - Sandton House","0","","","","","","","Indexable",""
"https://www.sowerbysholidaycottages.co.uk/norfolk-holiday-cottages/field-house/","Norfolk Holiday Cottage to rent in Stanhoe - Field House","0","","","","","","","Indexable",""
"https://www.sowerbysholidaycottages.co.uk/norfolk-holiday-cottages/nelson-lodge/","Norfolk Holiday Cottage to rent in Burnham Market - Nelson Lodge","0","","","","","","","Indexable",""
"https://www.sowerbysholidaycottages.co.uk/norfolk-holiday-cottages/kitts-cottage/","Norfolk Holiday Cottage to rent in Burnham Market - Kitts Cottage","0","","","","","","","Indexable",""
"https://www.sowerbysholidaycottages.co.uk/norfolk-holiday-cottages/butts-corner-2-bedrooms/","Norfolk Holiday Cottage to rent in Wells-next-the-Sea - Butts Corner 2 bedrooms","0","","","","","","","Indexable",""
"https://www.sowerbysholidaycottages.co.uk/norfolk-holiday-cottages/2-hunts-cottages/","Norfolk Holiday Cottage to rent in Thornham - 2 Hunts Cottages","0","","","","","","","Indexable",""
"https://www.sowerbysholidaycottages.co.uk/norfolk-holiday-cottages/3-pond-end-row/","Norfolk Holiday Cottage to rent in Docking - 3 Pond End Row","0","","","","","","","Indexable",""
"https://www.sowerbysholidaycottages.co.uk/norfolk-holiday-cottages/butts-corner/","Norfolk Holiday Cottage to rent in Wells-next-the-Sea - Butts Corner","0","","","","","","","Indexable",""
"https://www.sowerbysholidaycottages.co.uk/norfolk-holiday-cottages/hare-cottage/","Norfolk Holiday Cottage to rent in Docking - Hare Cottage","0","","","","","","","Indexable",""
"https://www.sowerbysholidaycottages.co.uk/norfolk-holiday-cottages/pangurs-piece/","Norfolk Holiday Cottage to rent in Burnham Overy Staithe - Pangur's Piece","0","","","","","","","Indexable",""
"https://www.sowerbysholidaycottages.co.uk/norfolk-holiday-cottages/linksway/","Norfolk Holiday Cottage to rent in Brancaster - Linksway","0","","","","","","","Indexable",""
"https://www.sowerbysholidaycottages.co.uk/map-search/?start_date=&duration=&sleeps=&dogs=&villageorproperty=&bedrooms=&bathrooms=&dogs_by_arrangement=yes&dogs_accepted=yes","Map Search - Sowerbys Holiday Cottages","0","","","","","","","Non-Indexable","noindex"
"https://www.sowerbysholidaycottages.co.uk/norfolk-holiday-cottages/pickles-cottage/","Norfolk Holiday Cottage to rent in Holme-next-the-Sea - Pickles Cottage","0","","","","","","","Indexable",""
"https://www.sowerbysholidaycottages.co.uk/property-details-print/?propertyID=3282","Sowerbys Holiday Cottages | Property details for Little Barwick","0","","","","","","","Non-Indexable","noindex"
"https://www.sowerbysholidaycottages.co.uk/norfolk-holiday-cottages/holly-house-2-bedrooms/","Norfolk Holiday Cottage to rent in South Creake - Holly House 2 bedrooms","0","","","","","","","Indexable",""
"https://www.sowerbysholidaycottages.co.uk/norfolk-holiday-cottages/la-mouette/","Norfolk Holiday Cottage to rent in Burnham Market - La Mouette","0","","","","","","","Indexable",""
"https://www.sowerbysholidaycottages.co.uk/norfolk-holiday-cottages/badgets/","Norfolk Holiday Cottage to rent in Docking - Badgets","0","","","","","","","Indexable",""
"https://www.sowerbysholidaycottages.co.uk/norfolk-holiday-cottages/saffron-cottage/","Norfolk Holiday Cottage to rent in Burnham Market - Saffron Cottage","0","","","","","","","Indexable",""
"https://www.sowerbysholidaycottages.co.uk/norfolk-holiday-cottages/garden-folly/","Norfolk Holiday Cottage to rent in Burnham Market - Garden Folly","0","","","","","","","Indexable",""
"https://www.sowerbysholidaycottages.co.uk/norfolk-holiday-cottages/5-monteagle/","Norfolk Holiday Cottage to rent in Wells-next-the-Sea - 5 Monteagle","0","","","","","","","Indexable",""
"https://www.sowerbysholidaycottages.co.uk/norfolk-holiday-cottages/jeeves-retreat/","Norfolk Holiday Cottage to rent in Old Hunstanton - Jeeves Retreat","0","","","","","","","Indexable",""
"https://www.sowerbysholidaycottages.co.uk/norfolk-holiday-cottages/allpoints-cottage/","Norfolk Holiday Cottage to rent in Burnham Market - Allpoints Cottage","0","","","","","","","Indexable",""
"https://www.sowerbysholidaycottages.co.uk/norfolk-holiday-cottages/wellington-cottage/","Norfolk Holiday Cottage to rent in Wells-next-the-Sea - Wellington Cottage","0","","","","","","","Indexable",""
"https://www.sowerbysholidaycottages.co.uk/norfolk-holiday-cottages/honeystone/","Norfolk Holiday Cottage to rent in Old Hunstanton - Honeystone","0","","","","","","","Indexable",""
"https://www.sowerbysholidaycottages.co.uk/norfolk-holiday-cottages/old-school-house/","Norfolk Holiday Cottage to rent in Burnham Market - Old School House","0","","","","","","","Indexable",""
"https://www.sowerbysholidaycottages.co.uk/norfolk-holiday-cottages/beech-cottage/","Norfolk Holiday Cottage to rent in Burnham Norton - Beech Cottage","0","","","","","","","Indexable",""
"https://www.sowerbysholidaycottages.co.uk/norfolk-holiday-cottages/windjammer/","Norfolk Holiday Cottage to rent in Holme-next-the-Sea - Windjammer","0","","","","","","","Indexable",""
"https://www.sowerbysholidaycottages.co.uk/norfolk-holiday-cottages/tern-cottage/","Norfolk Holiday Cottage to rent in Holme-next-the-Sea - Tern Cottage","0","","","","","","","Indexable",""
"https://www.sowerbysholidaycottages.co.uk/norfolk-holiday-cottages/oak-cottage/","Norfolk Holiday Cottage to rent in Brancaster Staithe - Oak Cottage","0","","","","","","","Indexable",""
"https://www.sowerbysholidaycottages.co.uk/norfolk-holiday-cottages/the-foundry/","Norfolk Holiday Cottage to rent in Burnham Market - The Foundry","0","","","","","","","Indexable",""
"https://www.sowerbysholidaycottages.co.uk/norfolk-holiday-cottages/3-smugglers-cove/","Norfolk Holiday Cottage to rent in Wells-next-the-Sea - 3 Smugglers Cove","0","","","","","","","Indexable",""
"https://www.sowerbysholidaycottages.co.uk/norfolk-holiday-cottages/bliss-cottage/","Norfolk Holiday Cottage to rent in Wells-next-the-Sea - Bliss Cottage","0","","","","","","","Indexable",""
"https://www.sowerbysholidaycottages.co.uk/norfolk-holiday-cottages/sutton-cottage/","Norfolk Holiday Cottage to rent in Burnham Market - Sutton Cottage","0","","","","","","","Indexable",""
"https://www.sowerbysholidaycottages.co.uk/norfolk-holiday-cottages/samphire-barn/","Norfolk Holiday Cottage to rent in Binham - Samphire Barn","0","","","","","","","Indexable",""
"https://www.sowerbysholidaycottages.co.uk/norfolk-holiday-cottages/2-school-row/","Norfolk Holiday Cottage to rent in Thornham - 2 School Row","0","","","","","","","Indexable",""
"https://www.sowerbysholidaycottages.co.uk/norfolk-holiday-cottages/wellfleet-cottage/","Norfolk Holiday Cottage to rent in Wells-next-the-sea - Wellfleet Cottage","0","","","","","","","Indexable",""
"https://www.sowerbysholidaycottages.co.uk/norfolk-holiday-cottages/bluebell-cottage/","Norfolk Holiday Cottage to rent in Burnham Market - Bluebell Cottage","0","","","","","","","Indexable",""
"https://www.sowerbysholidaycottages.co.uk/norfolk-holiday-cottages/truncheons-reach/","Norfolk Holiday Cottage to rent in Wells-next-the-Sea - Truncheon's Reach","0","","","","","","","Indexable",""
"https://www.sowerbysholidaycottages.co.uk/norfolk-holiday-cottages/seasalt-cottage/","Norfolk Holiday Cottage to rent in Old Hunstanton - Seasalt Cottage","0","","","","","","","Indexable",""
"https://www.sowerbysholidaycottages.co.uk/norfolk-holiday-cottages/star-cottage/","Norfolk Holiday Cottage to rent in Docking - Star Cottage","0","","","","","","","Indexable",""
"https://www.sowerbysholidaycottages.co.uk/norfolk-holiday-cottages/grasshopper-cottage/","Norfolk Holiday Cottage to rent in Stanhoe - Grasshopper Cottage","0","","","","","","","Indexable",""
"https://www.sowerbysholidaycottages.co.uk/norfolk-holiday-cottages/mill-view-burnham-norton/","Norfolk Holiday Cottage to rent in Burnham Norton - Mill View Burnham Norton","0","","","","","","","Indexable",""
"https://www.sowerbysholidaycottages.co.uk/norfolk-holiday-cottages/jeeves-hideaway/","Norfolk Holiday Cottage to rent in Old Hunstanton - Jeeves Hideaway","0","","","","","","","Indexable",""
"https://www.sowerbysholidaycottages.co.uk/norfolk-holiday-cottages/bailey-wick-cottage/","Norfolk Holiday Cottage to rent in Wells-next-the-Sea - Bailey Wick Cottage","0","","","","","","","Indexable",""
"https://www.sowerbysholidaycottages.co.uk/norfolk-holiday-cottages/ellas-cottage/","Norfolk Holiday Cottage to rent in Wells-next-the-Sea - Ella's Cottage","0","","","","","","","Indexable",""
"https://www.sowerbysholidaycottages.co.uk/wishlist/","Wishlist - Sowerbys Holiday Cottages","0","","","","","","","Indexable",""
"https://www.sowerbysholidaycottages.co.uk/norfolk-holiday-cottages/fox-cottage/","Norfolk Holiday Cottage to rent in Stiffkey - Fox Cottage","0","","","","","","","Indexable",""
"https://www.sowerbysholidaycottages.co.uk/norfolk-holiday-cottages/sunset-view/","Norfolk Holiday Cottage to rent in Thornham - Sunset View","0","","","","","","","Indexable",""
"https://www.sowerbysholidaycottages.co.uk/popular-norfolk-holiday-areas/old-hunstanton-area/","Holiday cottages in Old Hunstanton area, Norfolk - Sowerbys Holiday Cottages","0","","","","","","","Indexable",""
"https://www.sowerbysholidaycottages.co.uk/popular-norfolk-holiday-areas/brancaster-area/","Holiday cottages in Brancaster area, Norfolk - Sowerbys Holiday Cottages","0","","","","","","","Indexable",""
"https://www.sowerbysholidaycottages.co.uk/popular-norfolk-holiday-areas/the-burnhams-area/","Holiday cottages in The Burnhams area, Norfolk - Sowerbys Holiday Cottages","0","","","","","","","Indexable",""
"https://www.sowerbysholidaycottages.co.uk/popular-norfolk-holiday-areas/wells-next-the-sea-area/","Holiday cottages in Wells-next-the-Sea area, Norfolk - Sowerbys Holiday Cottages","0","","","","","","","Indexable",""
"https://www.sowerbysholidaycottages.co.uk/norfolk-holiday-cottages/boatmans-cottage/","Norfolk Holiday Cottage to rent in Wells-next-the-Sea - Boatman's Cottage","0","","","","","","","Indexable",""
"https://www.sowerbysholidaycottages.co.uk/norfolk-holiday-cottages/pebble-cottage/","Norfolk Holiday Cottage to rent in Burnham Market - Pebble Cottage","0","","","","","","","Indexable",""
"https://www.sowerbysholidaycottages.co.uk/norfolk-holiday-cottages/orchard-house-docking/","Norfolk Holiday Cottage to rent in Docking - Orchard House Docking","0","","","","","","","Indexable",""
"https://www.sowerbysholidaycottages.co.uk/norfolk-holiday-cottages/little-twitchers/","Norfolk Holiday Cottage to rent in Brancaster - Little Twitchers","0","","","","","","","Indexable",""
"https://www.sowerbysholidaycottages.co.uk/norfolk-holiday-cottages/virginia-cottage/","Norfolk Holiday Cottage to rent in Docking - Virginia Cottage","0","","","","","","","Indexable",""
"https://www.sowerbysholidaycottages.co.uk/norfolk-holiday-cottages/duckling-cottage/","Norfolk Holiday Cottage to rent in Burnham Market - Duckling Cottage","0","","","","","","","Indexable",""
"https://www.sowerbysholidaycottages.co.uk/norfolk-holiday-cottages/bonnierigg/","Norfolk Holiday Cottage to rent in Brancaster Staithe - Bonnierigg","0","","","","","","","Indexable",""
"https://www.sowerbysholidaycottages.co.uk/norfolk-holiday-cottages/windswept-cottage/","Norfolk Holiday Cottage to rent in Brancaster - Windswept Cottage","0","","","","","","","Indexable",""
"https://www.sowerbysholidaycottages.co.uk/norfolk-holiday-cottages/cherryhill/","Norfolk Holiday Cottage to rent in North Creake - Cherryhill","0","","","","","","","Indexable",""
"https://www.sowerbysholidaycottages.co.uk/norfolk-holiday-cottages/2-waterhall-cottages/","Norfolk Holiday Cottage to rent in Wighton - 2 Waterhall Cottages","0","","","","","","","Indexable",""
"https://www.sowerbysholidaycottages.co.uk/property-details-print/?propertyID=5140","Sowerbys Holiday Cottages | Property details for Washmeres","0","","","","","","","Non-Indexable","noindex"
"https://www.sowerbysholidaycottages.co.uk/norfolk-holiday-cottages/field-cottage-in-fring/","Norfolk Holiday Cottage to rent in Fring - Field Cottage in Fring","0","","","","","","","Indexable",""
"https://www.sowerbysholidaycottages.co.uk/norfolk-holiday-cottages/hares-end/","Norfolk Holiday Cottage to rent in Burnham Market - Hares End","0","","","","","","","Indexable",""
