"Address","Occurrences","Meta Keywords 1","Meta Keywords 1 Length","Indexability","Indexability Status"
"https://www.sowerbysholidaycottages.co.uk/","0","","0","Indexable",""
"https://www.sowerbysholidaycottages.co.uk/inspiration/","0","","0","Indexable",""
"https://www.sowerbysholidaycottages.co.uk/inspiration/norfolk-holiday-cottage-special-offers/","0","","0","Indexable",""
"https://www.sowerbysholidaycottages.co.uk/norfolk-holiday-locations/alphabetical-list-of-villages/","0","","0","Indexable",""
"https://www.sowerbysholidaycottages.co.uk/popular-norfolk-holiday-features/luxury-collection/","0","","0","Indexable",""
"https://www.sowerbysholidaycottages.co.uk/holiday-cottage-owner-information/owner-testimonials/","0","","0","Indexable",""
"https://www.sowerbysholidaycottages.co.uk/about-sowerbys-holiday-cottages/faqs/","0","","0","Indexable",""
"https://www.sowerbysholidaycottages.co.uk/norfolk-holiday-cottage-search/?start_date=&duration=&sleeps=&dogs=&village=&bedrooms=&bathrooms=&property=&special_offer=yes","0","","0","Non-Indexable","Canonicalised"
"https://www.sowerbysholidaycottages.co.uk/norfolk-holiday-cottage-search/?start_date=&duration=&sleeps=&dogs=&property=&bedrooms=&bathrooms=&village=&new=yes","0","","0","Non-Indexable","Canonicalised"
"https://www.sowerbysholidaycottages.co.uk/popular-norfolk-holiday-features/sea-views/","0","","0","Indexable",""
"https://www.sowerbysholidaycottages.co.uk/norfolk-holiday-cottage-search/?start_date=&duration=&sleeps=&dogs=&property=&action=quicksearch&bedrooms=&bathrooms=&village=&has_sea_view=yes","0","","0","Non-Indexable","Canonicalised"
"https://www.sowerbysholidaycottages.co.uk/bespoke-management-service/","0","","0","Indexable",""
"https://www.sowerbysholidaycottages.co.uk/norfolk-holiday-cottages/washmeres/","0","","0","Indexable",""
"https://www.sowerbysholidaycottages.co.uk/popular-norfolk-holiday-features/electric-charging/","0","","0","Indexable",""
"https://www.sowerbysholidaycottages.co.uk/norfolk-holiday-locations/","0","","0","Indexable",""
"https://www.sowerbysholidaycottages.co.uk/about-sowerbys-holiday-cottages/meet-the-team/","0","","0","Indexable",""
"https://www.sowerbysholidaycottages.co.uk/popular-norfolk-holiday-features/romantic-break/","0","","0","Indexable",""
"https://www.sowerbysholidaycottages.co.uk/contact-sowerbys-holiday-cottages/","0","","0","Indexable",""
"https://www.sowerbysholidaycottages.co.uk/norfolk-holiday-cottages/little-barwick/","0","","0","Indexable",""
"https://www.sowerbysholidaycottages.co.uk/norfolk-holiday-cottage-search/?start_date=&duration=&sleeps=&dogs=&villageorproperty=&bedrooms=&bathrooms=&dogs_by_arrangement=yes&dogs_accepted=yes","0","","0","Non-Indexable","Canonicalised"
"https://www.sowerbysholidaycottages.co.uk/norfolk-holiday-cottages/violet/","0","","0","Indexable",""
"https://www.sowerbysholidaycottages.co.uk/inspiration/blog/","0","","0","Indexable",""
"https://www.sowerbysholidaycottages.co.uk/inspiration/things-to-do-in-norfolk/","0","","0","Indexable",""
"https://www.sowerbysholidaycottages.co.uk/terms-and-conditions/","0","","0","Indexable",""
"https://www.sowerbysholidaycottages.co.uk/request-your-free-homeowners-guide/","0","","0","Indexable",""
"https://www.sowerbysholidaycottages.co.uk/about-sowerbys-holiday-cottages/","0","","0","Indexable",""
"https://www.sowerbysholidaycottages.co.uk/norfolk-holiday-cottages/beachside/","0","","0","Indexable",""
"https://www.sowerbysholidaycottages.co.uk/about-sowerbys-holiday-cottages/our-norfolk-estate-agents/","0","","0","Indexable",""
"https://www.sowerbysholidaycottages.co.uk/inspiration/norfolk-events/","0","","0","Indexable",""
"https://www.sowerbysholidaycottages.co.uk/seasonal-guide-request/","0","","0","Indexable",""
"https://www.sowerbysholidaycottages.co.uk/norfolk-holiday-cottage-search/alphabetical-list/","0","","0","Indexable",""
"https://www.sowerbysholidaycottages.co.uk/inspiration/seasonal-guides/","0","","0","Indexable",""
"https://www.sowerbysholidaycottages.co.uk/norfolk-holiday-cottage-search/?start_date=&duration=&sleeps=10&dogs=&property=&bedrooms=&bathrooms=&village=","0","","0","Non-Indexable","Canonicalised"
"https://www.sowerbysholidaycottages.co.uk/holiday-cottage-owner-information/","0","","0","Indexable",""
"https://www.sowerbysholidaycottages.co.uk/popular-norfolk-holiday-features/dogs-accepted/","0","","0","Indexable",""
"https://www.sowerbysholidaycottages.co.uk/norfolk-holiday-cottages/aster-house/","0","","0","Indexable",""
"https://www.sowerbysholidaycottages.co.uk/norfolk-holiday-cottages/3-the-old-school/","0","","0","Indexable",""
"https://www.sowerbysholidaycottages.co.uk/norfolk-holiday-cottages/channel-view-and-cottage/","0","","0","Indexable",""
"https://www.sowerbysholidaycottages.co.uk/norfolk-holiday-cottages/3-marshland-barns/","0","","0","Indexable",""
"https://www.sowerbysholidaycottages.co.uk/norfolk-holiday-cottage-search/","0","","0","Indexable",""
"https://www.sowerbysholidaycottages.co.uk/norfolk-holiday-cottages/the-dairy-barn-2-bedrooms/","0","","0","Indexable",""
"https://www.sowerbysholidaycottages.co.uk/norfolk-holiday-cottages/pantiles/","0","","0","Indexable",""
"https://www.sowerbysholidaycottages.co.uk/norfolk-holiday-cottages/crowberry-barn/","0","","0","Indexable",""
"https://www.sowerbysholidaycottages.co.uk/norfolk-holiday-cottages/close-cottage/","0","","0","Indexable",""
"https://www.sowerbysholidaycottages.co.uk/norfolk-holiday-cottages/sunnyvale/","0","","0","Indexable",""
"https://www.sowerbysholidaycottages.co.uk/norfolk-holiday-cottages/nelson-cottage/","0","","0","Indexable",""
"https://www.sowerbysholidaycottages.co.uk/norfolk-holiday-cottages/sybil-cottage/","0","","0","Indexable",""
"https://www.sowerbysholidaycottages.co.uk/norfolk-holiday-cottages/the-old-forge/","0","","0","Indexable",""
"https://www.sowerbysholidaycottages.co.uk/norfolk-holiday-cottages/slumber-barn-5-bedrooms/","0","","0","Indexable",""
"https://www.sowerbysholidaycottages.co.uk/norfolk-holiday-cottages/flagstaff-cottage/","0","","0","Indexable",""
"https://www.sowerbysholidaycottages.co.uk/norfolk-holiday-cottages/the-old-post-office/","0","","0","Indexable",""
"https://www.sowerbysholidaycottages.co.uk/norfolk-holiday-cottages/the-dairy-barn/","0","","0","Indexable",""
"https://www.sowerbysholidaycottages.co.uk/norfolk-holiday-cottages/oak-tree-cottage/","0","","0","Indexable",""
"https://www.sowerbysholidaycottages.co.uk/norfolk-holiday-cottages/1-king-william-cottage/","0","","0","Indexable",""
"https://www.sowerbysholidaycottages.co.uk/norfolk-holiday-cottages/flagstaff-boathouse/","0","","0","Indexable",""
"https://www.sowerbysholidaycottages.co.uk/norfolk-holiday-cottages/1-crarves/","0","","0","Indexable",""
"https://www.sowerbysholidaycottages.co.uk/map-search/?start_date=&duration=&sleeps=&dogs=&village=&bedrooms=&bathrooms=&property=&special_offer=yes","0","","0","Non-Indexable","noindex"
"https://www.sowerbysholidaycottages.co.uk/norfolk-holiday-cottages/the-paddock/","0","","0","Indexable",""
"https://www.sowerbysholidaycottages.co.uk/norfolk-holiday-cottages/beehive-cottage/","0","","0","Indexable",""
"https://www.sowerbysholidaycottages.co.uk/norfolk-holiday-cottages/eider-cottage/","0","","0","Indexable",""
"https://www.sowerbysholidaycottages.co.uk/norfolk-holiday-cottages/mandalay/","0","","0","Indexable",""
"https://www.sowerbysholidaycottages.co.uk/norfolk-holiday-cottages/eton-house/","0","","0","Indexable",""
"https://www.sowerbysholidaycottages.co.uk/norfolk-holiday-cottages/michaelmas/","0","","0","Indexable",""
"https://www.sowerbysholidaycottages.co.uk/norfolk-holiday-cottages/flagstaff-east/","0","","0","Indexable",""
"https://www.sowerbysholidaycottages.co.uk/norfolk-holiday-cottages/mill-view/","0","","0","Indexable",""
"https://www.sowerbysholidaycottages.co.uk/norfolk-holiday-cottages/3-marshland-barns-2-bedrooms/","0","","0","Indexable",""
"https://www.sowerbysholidaycottages.co.uk/norfolk-holiday-cottages/2-railway-cottages/","0","","0","Indexable",""
"https://www.sowerbysholidaycottages.co.uk/norfolk-holiday-cottages/channel-cottage/","0","","0","Indexable",""
"https://www.sowerbysholidaycottages.co.uk/norfolk-holiday-cottages/western-cottage/","0","","0","Indexable",""
"https://www.sowerbysholidaycottages.co.uk/norfolk-holiday-cottages/hill-top-docking/","0","","0","Indexable",""
"https://www.sowerbysholidaycottages.co.uk/norfolk-holiday-cottages/eider-cottage-2-bedrooms/","0","","0","Indexable",""
"https://www.sowerbysholidaycottages.co.uk/norfolk-holiday-cottages/the-loft/","0","","0","Indexable",""
"https://www.sowerbysholidaycottages.co.uk/norfolk-holiday-cottages/4-hare-cottage/","0","","0","Indexable",""
"https://www.sowerbysholidaycottages.co.uk/norfolk-holiday-cottages/bridge-farm-barn/","0","","0","Indexable",""
"https://www.sowerbysholidaycottages.co.uk/norfolk-holiday-cottages/channel-view/","0","","0","Indexable",""
"https://www.sowerbysholidaycottages.co.uk/norfolk-holiday-cottages/the-dairy-barn-3-bedrooms/","0","","0","Indexable",""
"https://www.sowerbysholidaycottages.co.uk/norfolk-holiday-cottages/flagstaff-west/","0","","0","Indexable",""
"https://www.sowerbysholidaycottages.co.uk/norfolk-holiday-cottages/flagstaff-garden-house/","0","","0","Indexable",""
"https://www.sowerbysholidaycottages.co.uk/norfolk-holiday-cottages/eton-house-2-bedrooms/","0","","0","Indexable",""
"https://www.sowerbysholidaycottages.co.uk/popular-norfolk-holiday-villages/harpley/","0","","0","Indexable",""
"https://www.sowerbysholidaycottages.co.uk/norfolk-holiday-cottages/avocet-cottage/","0","","0","Indexable",""
"https://www.sowerbysholidaycottages.co.uk/popular-norfolk-holiday-villages/egmere/","0","","0","Indexable",""
"https://www.sowerbysholidaycottages.co.uk/popular-norfolk-holiday-villages/north-creake/","0","","0","Indexable",""
"https://www.sowerbysholidaycottages.co.uk/popular-norfolk-holiday-villages/sedgeford/","0","","0","Indexable",""
"https://www.sowerbysholidaycottages.co.uk/popular-norfolk-holiday-villages/wighton/","0","","0","Indexable",""
"https://www.sowerbysholidaycottages.co.uk/popular-norfolk-holiday-villages/burnham-market/","0","","0","Indexable",""
"https://www.sowerbysholidaycottages.co.uk/popular-norfolk-holiday-villages/walsingham/","0","","0","Indexable",""
"https://www.sowerbysholidaycottages.co.uk/popular-norfolk-holiday-villages/burnham-overy-town/","0","","0","Indexable",""
"https://www.sowerbysholidaycottages.co.uk/popular-norfolk-holiday-villages/burnham-overy-staithe/","0","","0","Indexable",""
"https://www.sowerbysholidaycottages.co.uk/popular-norfolk-holiday-villages/heacham/","0","","0","Indexable",""
"https://www.sowerbysholidaycottages.co.uk/popular-norfolk-holiday-villages/ringstead/","0","","0","Indexable",""
"https://www.sowerbysholidaycottages.co.uk/popular-norfolk-holiday-villages/great-snoring/","0","","0","Indexable",""
"https://www.sowerbysholidaycottages.co.uk/popular-norfolk-holiday-villages/hunstanton/","0","","0","Indexable",""
"https://www.sowerbysholidaycottages.co.uk/popular-norfolk-holiday-villages/brancaster/","0","","0","Indexable",""
"https://www.sowerbysholidaycottages.co.uk/popular-norfolk-holiday-villages/brancaster-staithe/","0","","0","Indexable",""
"https://www.sowerbysholidaycottages.co.uk/popular-norfolk-holiday-villages/old-hunstanton/","0","","0","Indexable",""
"https://www.sowerbysholidaycottages.co.uk/popular-norfolk-holiday-villages/thornham/","0","","0","Indexable",""
"https://www.sowerbysholidaycottages.co.uk/popular-norfolk-holiday-villages/burnham-deepdale/","0","","0","Indexable",""
"https://www.sowerbysholidaycottages.co.uk/popular-norfolk-holiday-villages/blakeney/","0","","0","Indexable",""
"https://www.sowerbysholidaycottages.co.uk/popular-norfolk-holiday-villages/wells-next-the-sea/","0","","0","Indexable",""
"https://www.sowerbysholidaycottages.co.uk/popular-norfolk-holiday-villages/warham/","0","","0","Indexable",""
"https://www.sowerbysholidaycottages.co.uk/popular-norfolk-holiday-villages/titchwell/","0","","0","Indexable",""
"https://www.sowerbysholidaycottages.co.uk/popular-norfolk-holiday-villages/burnham-norton/","0","","0","Indexable",""
"https://www.sowerbysholidaycottages.co.uk/popular-norfolk-holiday-villages/houghton-estate/","0","","0","Indexable",""
"https://www.sowerbysholidaycottages.co.uk/popular-norfolk-holiday-villages/stanhoe/","0","","0","Indexable",""
"https://www.sowerbysholidaycottages.co.uk/popular-norfolk-holiday-villages/holme-next-the-sea/","0","","0","Indexable",""
"https://www.sowerbysholidaycottages.co.uk/popular-norfolk-holiday-villages/docking/","0","","0","Indexable",""
"https://www.sowerbysholidaycottages.co.uk/popular-norfolk-holiday-villages/fring/","0","","0","Indexable",""
"https://www.sowerbysholidaycottages.co.uk/popular-norfolk-holiday-villages/stiffkey/","0","","0","Indexable",""
"https://www.sowerbysholidaycottages.co.uk/popular-norfolk-holiday-villages/binham/","0","","0","Indexable",""
"https://www.sowerbysholidaycottages.co.uk/popular-norfolk-holiday-villages/south-creake/","0","","0","Indexable",""
"https://www.sowerbysholidaycottages.co.uk/norfolk-holiday-cottages/high-barn/","0","","0","Indexable",""
"https://www.sowerbysholidaycottages.co.uk/norfolk-holiday-cottages/sanderling/","0","","0","Indexable",""
"https://www.sowerbysholidaycottages.co.uk/norfolk-holiday-cottages/the-gables/","0","","0","Indexable",""
"https://www.sowerbysholidaycottages.co.uk/norfolk-holiday-cottages/orchard-house-3-bedrooms/","0","","0","Indexable",""
"https://www.sowerbysholidaycottages.co.uk/norfolk-holiday-cottages/heron-cottage/","0","","0","Indexable",""
"https://www.sowerbysholidaycottages.co.uk/norfolk-holiday-cottages/washington-beach-house/","0","","0","Indexable",""
"https://www.sowerbysholidaycottages.co.uk/norfolk-holiday-cottages/sea-lavender-house/","0","","0","Indexable",""
"https://www.sowerbysholidaycottages.co.uk/norfolk-holiday-cottages/old-mill-cottage/","0","","0","Indexable",""
"https://www.sowerbysholidaycottages.co.uk/norfolk-holiday-cottages/marshview-cottage/","0","","0","Indexable",""
"https://www.sowerbysholidaycottages.co.uk/norfolk-holiday-cottages/cherry-house/","0","","0","Indexable",""
"https://www.sowerbysholidaycottages.co.uk/norfolk-holiday-cottages/washington-beach-house-with-lodge/","0","","0","Indexable",""
"https://www.sowerbysholidaycottages.co.uk/norfolk-holiday-cottages/the-meadows/","0","","0","Indexable",""
"https://www.sowerbysholidaycottages.co.uk/norfolk-holiday-cottages/hillcrest-barn/","0","","0","Indexable",""
"https://www.sowerbysholidaycottages.co.uk/norfolk-holiday-cottages/the-cartshed-6-marshland-barns/","0","","0","Indexable",""
"https://www.sowerbysholidaycottages.co.uk/norfolk-holiday-cottages/old-mill-and-cottage/","0","","0","Indexable",""
"https://www.sowerbysholidaycottages.co.uk/norfolk-holiday-cottages/burnham-loft/","0","","0","Indexable",""
"https://www.sowerbysholidaycottages.co.uk/norfolk-holiday-cottages/violets-cottage/","0","","0","Indexable",""
"https://www.sowerbysholidaycottages.co.uk/norfolk-holiday-cottages/easterly/","0","","0","Indexable",""
"https://www.sowerbysholidaycottages.co.uk/norfolk-holiday-cottages/fayette/","0","","0","Indexable",""
"https://www.sowerbysholidaycottages.co.uk/norfolk-holiday-cottages/1-manor-farm-barns/","0","","0","Indexable",""
"https://www.sowerbysholidaycottages.co.uk/norfolk-holiday-cottages/school-pastures-2-bedrooms/","0","","0","Indexable",""
"https://www.sowerbysholidaycottages.co.uk/norfolk-holiday-cottages/lark-house/","0","","0","Indexable",""
"https://www.sowerbysholidaycottages.co.uk/norfolk-holiday-cottages/washmeres-2-bedrooms/","0","","0","Indexable",""
"https://www.sowerbysholidaycottages.co.uk/norfolk-holiday-cottages/mallards/","0","","0","Indexable",""
"https://www.sowerbysholidaycottages.co.uk/norfolk-holiday-cottages/1-manor-farm-barns-3-bedrooms/","0","","0","Indexable",""
"https://www.sowerbysholidaycottages.co.uk/norfolk-holiday-cottages/tarnside/","0","","0","Indexable",""
"https://www.sowerbysholidaycottages.co.uk/norfolk-holiday-cottages/aspall-escape/","0","","0","Indexable",""
"https://www.sowerbysholidaycottages.co.uk/norfolk-holiday-cottages/hope-cottage/","0","","0","Indexable",""
"https://www.sowerbysholidaycottages.co.uk/norfolk-holiday-cottages/old-mill/","0","","0","Indexable",""
"https://www.sowerbysholidaycottages.co.uk/norfolk-holiday-cottages/scotts-cottage-4-bedrooms/","0","","0","Indexable",""
"https://www.sowerbysholidaycottages.co.uk/norfolk-holiday-cottages/amber-cottage/","0","","0","Indexable",""
"https://www.sowerbysholidaycottages.co.uk/norfolk-holiday-cottages/mallards-2-bedrooms/","0","","0","Indexable",""
"https://www.sowerbysholidaycottages.co.uk/norfolk-holiday-cottages/cockleshed-house/","0","","0","Indexable",""
"https://www.sowerbysholidaycottages.co.uk/norfolk-holiday-cottages/salt-marsh/","0","","0","Indexable",""
"https://www.sowerbysholidaycottages.co.uk/norfolk-holiday-cottages/louisa-barn/","0","","0","Indexable",""
"https://www.sowerbysholidaycottages.co.uk/norfolk-holiday-cottages/olives-cottage/","0","","0","Indexable",""
"https://www.sowerbysholidaycottages.co.uk/norfolk-holiday-cottages/the-cartshed-6-marshland-barns-2-bedrooms/","0","","0","Indexable",""
"https://www.sowerbysholidaycottages.co.uk/norfolk-holiday-cottages/basils-barn/","0","","0","Indexable",""
"https://www.sowerbysholidaycottages.co.uk/norfolk-holiday-cottages/school-pastures-6-bedrooms/","0","","0","Indexable",""
"https://www.sowerbysholidaycottages.co.uk/norfolk-holiday-cottages/bell-view-cottage/","0","","0","Indexable",""
"https://www.sowerbysholidaycottages.co.uk/norfolk-holiday-cottages/greystones/","0","","0","Indexable",""
"https://www.sowerbysholidaycottages.co.uk/norfolk-holiday-cottages/1-manor-farm-barns-2-bedrooms/","0","","0","Indexable",""
"https://www.sowerbysholidaycottages.co.uk/norfolk-holiday-cottages/orchard-house-5-bedrooms/","0","","0","Indexable",""
"https://www.sowerbysholidaycottages.co.uk/norfolk-holiday-cottages/the-old-smithy/","0","","0","Indexable",""
"https://www.sowerbysholidaycottages.co.uk/norfolk-holiday-cottages/the-lamp-house/","0","","0","Indexable",""
"https://www.sowerbysholidaycottages.co.uk/norfolk-holiday-cottages/beacon-hill-barn/","0","","0","Indexable",""
"https://www.sowerbysholidaycottages.co.uk/norfolk-holiday-cottages/seaborne-penthouse/","0","","0","Indexable",""
"https://www.sowerbysholidaycottages.co.uk/norfolk-holiday-cottages/oystercatchers/","0","","0","Indexable",""
"https://www.sowerbysholidaycottages.co.uk/norfolk-holiday-cottages/the-saltings/","0","","0","Indexable",""
"https://www.sowerbysholidaycottages.co.uk/norfolk-holiday-cottages/sail-away/","0","","0","Indexable",""
"https://www.sowerbysholidaycottages.co.uk/norfolk-holiday-cottages/peewits-penthouse/","0","","0","Indexable",""
"https://www.sowerbysholidaycottages.co.uk/norfolk-holiday-cottages/heronsway/","0","","0","Indexable",""
"https://www.sowerbysholidaycottages.co.uk/norfolk-holiday-cottages/slumber-barn-3-bedrooms/","0","","0","Indexable",""
"https://www.sowerbysholidaycottages.co.uk/norfolk-holiday-cottages/blackbird-barn/","0","","0","Indexable",""
"https://www.sowerbysholidaycottages.co.uk/norfolk-holiday-cottages/driftwood/","0","","0","Indexable",""
"https://www.sowerbysholidaycottages.co.uk/norfolk-holiday-cottages/scotts-cottage-6-bedrooms/","0","","0","Indexable",""
"https://www.sowerbysholidaycottages.co.uk/norfolk-holiday-cottages/cobblestone-cottage/","0","","0","Indexable",""
"https://www.sowerbysholidaycottages.co.uk/norfolk-holiday-cottages/allerdale-house/","0","","0","Indexable",""
"https://www.sowerbysholidaycottages.co.uk/norfolk-holiday-cottages/school-pastures-4-bedrooms/","0","","0","Indexable",""
"https://www.sowerbysholidaycottages.co.uk/norfolk-holiday-cottages/spring-cottage/","0","","0","Indexable",""
"https://www.sowerbysholidaycottages.co.uk/norfolk-holiday-cottages/stearmans-cottage/","0","","0","Indexable",""
"https://www.sowerbysholidaycottages.co.uk/norfolk-holiday-cottages/tides/","0","","0","Indexable",""
"https://www.sowerbysholidaycottages.co.uk/norfolk-holiday-cottages/chase-cottage-2-bedrooms/","0","","0","Indexable",""
"https://www.sowerbysholidaycottages.co.uk/norfolk-holiday-cottages/market-lane-house-3-bedrooms/","0","","0","Indexable",""
"https://www.sowerbysholidaycottages.co.uk/norfolk-holiday-cottages/chapel-cottages-godwit/","0","","0","Indexable",""
"https://www.sowerbysholidaycottages.co.uk/norfolk-holiday-cottages/badgets-2-bedrooms/","0","","0","Indexable",""
"https://www.sowerbysholidaycottages.co.uk/norfolk-holiday-cottages/the-pilchard/","0","","0","Indexable",""
"https://www.sowerbysholidaycottages.co.uk/map-search/?start_date=&duration=&sleeps=&dogs=&property=&bedrooms=&bathrooms=&village=&new=yes","0","","0","Non-Indexable","noindex"
"https://www.sowerbysholidaycottages.co.uk/norfolk-holiday-cottages/6-monteagle/","0","","0","Indexable",""
"https://www.sowerbysholidaycottages.co.uk/norfolk-holiday-cottages/badgets-3-bedrooms/","0","","0","Indexable",""
"https://www.sowerbysholidaycottages.co.uk/norfolk-holiday-cottages/chapel-cottages-bittern/","0","","0","Indexable",""
"https://www.sowerbysholidaycottages.co.uk/norfolk-holiday-cottages/boathouse-bliss/","0","","0","Indexable",""
"https://www.sowerbysholidaycottages.co.uk/norfolk-holiday-cottages/chapel-cottages-avocet/","0","","0","Indexable",""
"https://www.sowerbysholidaycottages.co.uk/norfolk-holiday-cottages/harts-house/","0","","0","Indexable",""
"https://www.sowerbysholidaycottages.co.uk/norfolk-holiday-cottages/sea-wood/","0","","0","Indexable",""
"https://www.sowerbysholidaycottages.co.uk/norfolk-holiday-cottages/chase-cottage/","0","","0","Indexable",""
"https://www.sowerbysholidaycottages.co.uk/norfolk-holiday-cottages/east-fleet/","0","","0","Indexable",""
"https://www.sowerbysholidaycottages.co.uk/norfolk-holiday-cottages/1-knights-cottages/","0","","0","Indexable",""
"https://www.sowerbysholidaycottages.co.uk/norfolk-holiday-cottages/gillies/","0","","0","Indexable",""
"https://www.sowerbysholidaycottages.co.uk/norfolk-holiday-cottages/neptune/","0","","0","Indexable",""
"https://www.sowerbysholidaycottages.co.uk/norfolk-holiday-cottages/island-house/","0","","0","Indexable",""
"https://www.sowerbysholidaycottages.co.uk/norfolk-holiday-cottages/sea-wood-3-bedrooms/","0","","0","Indexable",""
"https://www.sowerbysholidaycottages.co.uk/norfolk-holiday-cottages/harbour-view/","0","","0","Indexable",""
"https://www.sowerbysholidaycottages.co.uk/norfolk-holiday-cottages/longview-cottage/","0","","0","Indexable",""
"https://www.sowerbysholidaycottages.co.uk/norfolk-holiday-cottages/5-pauls-maltings/","0","","0","Indexable",""
"https://www.sowerbysholidaycottages.co.uk/norfolk-holiday-cottages/sunnydene/","0","","0","Indexable",""
"https://www.sowerbysholidaycottages.co.uk/norfolk-holiday-cottages/staithe-barn/","0","","0","Indexable",""
"https://www.sowerbysholidaycottages.co.uk/norfolk-holiday-cottages/the-cottage-overy-staithe/","0","","0","Indexable",""
"https://www.sowerbysholidaycottages.co.uk/norfolk-holiday-cottages/ongar-lodge/","0","","0","Indexable",""
"https://www.sowerbysholidaycottages.co.uk/norfolk-holiday-cottages/sea-breeze/","0","","0","Indexable",""
"https://www.sowerbysholidaycottages.co.uk/norfolk-holiday-cottages/pear-tree-cottage/","0","","0","Indexable",""
"https://www.sowerbysholidaycottages.co.uk/norfolk-holiday-cottages/cobblestones/","0","","0","Indexable",""
"https://www.sowerbysholidaycottages.co.uk/norfolk-holiday-cottages/falgate/","0","","0","Indexable",""
"https://www.sowerbysholidaycottages.co.uk/norfolk-holiday-cottages/2-pauls-maltings/","0","","0","Indexable",""
"https://www.sowerbysholidaycottages.co.uk/norfolk-holiday-cottages/foam-crest/","0","","0","Indexable",""
"https://www.sowerbysholidaycottages.co.uk/norfolk-holiday-cottages/beachcomber/","0","","0","Indexable",""
"https://www.sowerbysholidaycottages.co.uk/norfolk-holiday-cottages/green-tiles/","0","","0","Indexable",""
"https://www.sowerbysholidaycottages.co.uk/norfolk-holiday-cottages/4-pauls-maltings/","0","","0","Indexable",""
"https://www.sowerbysholidaycottages.co.uk/norfolk-holiday-cottages/6-the-granary/","0","","0","Indexable",""
"https://www.sowerbysholidaycottages.co.uk/norfolk-holiday-cottages/mow-creek-cottage/","0","","0","Indexable",""
"https://www.sowerbysholidaycottages.co.uk/norfolk-holiday-cottages/cockle-beach/","0","","0","Indexable",""
"https://www.sowerbysholidaycottages.co.uk/norfolk-holiday-cottages/2-knights-cottages/","0","","0","Indexable",""
"https://www.sowerbysholidaycottages.co.uk/norfolk-holiday-cottages/2-dormy-house/","0","","0","Indexable",""
"https://www.sowerbysholidaycottages.co.uk/norfolk-holiday-cottages/quayside/","0","","0","Indexable",""
"https://www.sowerbysholidaycottages.co.uk/norfolk-holiday-cottages/washington-lodge/","0","","0","Indexable",""
"https://www.sowerbysholidaycottages.co.uk/norfolk-holiday-cottages/harrier-cottage/","0","","0","Indexable",""
"https://www.sowerbysholidaycottages.co.uk/norfolk-holiday-cottages/sea-view/","0","","0","Indexable",""
"https://www.sowerbysholidaycottages.co.uk/norfolk-holiday-cottages/scotts-lodge/","0","","0","Indexable",""
"https://www.sowerbysholidaycottages.co.uk/norfolk-holiday-cottages/sandbanks/","0","","0","Indexable",""
"https://www.sowerbysholidaycottages.co.uk/map-search/?start_date=&duration=&sleeps=&dogs=&property=&action=quicksearch&bedrooms=&bathrooms=&village=&has_sea_view=yes","0","","0","Non-Indexable","noindex"
"https://www.sowerbysholidaycottages.co.uk/norfolk-holiday-cottages/harbour-cottage/","0","","0","Indexable",""
"https://www.sowerbysholidaycottages.co.uk/property-details-print/?propertyID=3401","1","norfolk, holiday, norfolk holiday, norfolk holiday cottages","59","Non-Indexable","noindex"
"https://www.sowerbysholidaycottages.co.uk/norfolk-holiday-cottages/samphire-cottage/","0","","0","Indexable",""
"https://www.sowerbysholidaycottages.co.uk/norfolk-holiday-cottages/lime-cottage/","0","","0","Indexable",""
"https://www.sowerbysholidaycottages.co.uk/norfolk-holiday-cottages/lilac-cottage/","0","","0","Indexable",""
"https://www.sowerbysholidaycottages.co.uk/norfolk-holiday-cottages/dolphin-cottage/","0","","0","Indexable",""
"https://www.sowerbysholidaycottages.co.uk/norfolk-holiday-cottages/beamish/","0","","0","Indexable",""
"https://www.sowerbysholidaycottages.co.uk/norfolk-holiday-cottages/josh-cottage/","0","","0","Indexable",""
"https://www.sowerbysholidaycottages.co.uk/norfolk-holiday-cottages/old-barn/","0","","0","Indexable",""
"https://www.sowerbysholidaycottages.co.uk/norfolk-holiday-cottages/brent-burn/","0","","0","Indexable",""
"https://www.sowerbysholidaycottages.co.uk/norfolk-holiday-cottages/orchard-house-140/","0","","0","Indexable",""
"https://www.sowerbysholidaycottages.co.uk/norfolk-holiday-cottages/lapwing/","0","","0","Indexable",""
"https://www.sowerbysholidaycottages.co.uk/norfolk-holiday-cottages/beck-cottage/","0","","0","Indexable",""
"https://www.sowerbysholidaycottages.co.uk/norfolk-holiday-cottages/garden-cottage/","0","","0","Indexable",""
"https://www.sowerbysholidaycottages.co.uk/norfolk-holiday-cottages/pinkleton/","0","","0","Indexable",""
"https://www.sowerbysholidaycottages.co.uk/norfolk-holiday-cottages/linksway-2-bedrooms/","0","","0","Indexable",""
"https://www.sowerbysholidaycottages.co.uk/norfolk-holiday-cottages/seal-cottage/","0","","0","Indexable",""
"https://www.sowerbysholidaycottages.co.uk/norfolk-holiday-cottages/lantern-cottage/","0","","0","Indexable",""
"https://www.sowerbysholidaycottages.co.uk/norfolk-holiday-cottages/skylark/","0","","0","Indexable",""
"https://www.sowerbysholidaycottages.co.uk/norfolk-holiday-cottages/chadwicks/","0","","0","Indexable",""
"https://www.sowerbysholidaycottages.co.uk/norfolk-holiday-cottages/seawards/","0","","0","Indexable",""
"https://www.sowerbysholidaycottages.co.uk/norfolk-holiday-cottages/lavender-house/","0","","0","Indexable",""
"https://www.sowerbysholidaycottages.co.uk/norfolk-holiday-cottages/rose-cottage/","0","","0","Indexable",""
"https://www.sowerbysholidaycottages.co.uk/norfolk-holiday-cottages/field-cottage-in-brancaster-staithe/","0","","0","Indexable",""
"https://www.sowerbysholidaycottages.co.uk/norfolk-holiday-cottages/garden-house/","0","","0","Indexable",""
"https://www.sowerbysholidaycottages.co.uk/norfolk-holiday-cottages/1-railway-cottages/","0","","0","Indexable",""
"https://www.sowerbysholidaycottages.co.uk/norfolk-holiday-cottages/lavender-cottage/","0","","0","Indexable",""
"https://www.sowerbysholidaycottages.co.uk/norfolk-holiday-cottages/eastwood-house-2-bedrooms/","0","","0","Indexable",""
"https://www.sowerbysholidaycottages.co.uk/norfolk-holiday-cottages/sea-lavender-cottage/","0","","0","Indexable",""
"https://www.sowerbysholidaycottages.co.uk/norfolk-holiday-cottages/market-lane-house/","0","","0","Indexable",""
"https://www.sowerbysholidaycottages.co.uk/norfolk-holiday-cottages/crows-nest-cottage/","0","","0","Indexable",""
"https://www.sowerbysholidaycottages.co.uk/norfolk-holiday-cottages/the-cottage-erpingham-court/","0","","0","Indexable",""
"https://www.sowerbysholidaycottages.co.uk/norfolk-holiday-cottages/curlew-cottage-2-bedrooms/","0","","0","Indexable",""
"https://www.sowerbysholidaycottages.co.uk/norfolk-holiday-cottages/old-hunny-cottage/","0","","0","Indexable",""
"https://www.sowerbysholidaycottages.co.uk/norfolk-holiday-cottages/4-odd-fellows-court/","0","","0","Indexable",""
"https://www.sowerbysholidaycottages.co.uk/norfolk-holiday-cottages/saltmarshes/","0","","0","Indexable",""
"https://www.sowerbysholidaycottages.co.uk/norfolk-holiday-cottages/curlew-cottage/","0","","0","Indexable",""
"https://www.sowerbysholidaycottages.co.uk/norfolk-holiday-cottages/holly-cottage/","0","","0","Indexable",""
"https://www.sowerbysholidaycottages.co.uk/norfolk-holiday-cottages/furnace-cottage/","0","","0","Indexable",""
"https://www.sowerbysholidaycottages.co.uk/norfolk-holiday-cottages/harpers/","0","","0","Indexable",""
"https://www.sowerbysholidaycottages.co.uk/norfolk-holiday-cottages/fleece-house/","0","","0","Indexable",""
"https://www.sowerbysholidaycottages.co.uk/norfolk-holiday-cottages/cherry-tree-cottage/","0","","0","Indexable",""
"https://www.sowerbysholidaycottages.co.uk/norfolk-holiday-cottages/fortune-cottage/","0","","0","Indexable",""
"https://www.sowerbysholidaycottages.co.uk/norfolk-holiday-cottages/claremont-house/","0","","0","Indexable",""
"https://www.sowerbysholidaycottages.co.uk/norfolk-holiday-cottages/the-new-cottage/","0","","0","Indexable",""
"https://www.sowerbysholidaycottages.co.uk/norfolk-holiday-cottages/turnstone/","0","","0","Indexable",""
"https://www.sowerbysholidaycottages.co.uk/norfolk-holiday-cottages/field-cottage-in-docking/","0","","0","Indexable",""
"https://www.sowerbysholidaycottages.co.uk/norfolk-holiday-cottages/edinburgh-house-with-annex/","0","","0","Indexable",""
"https://www.sowerbysholidaycottages.co.uk/norfolk-holiday-cottages/holly-house/","0","","0","Indexable",""
"https://www.sowerbysholidaycottages.co.uk/norfolk-holiday-cottages/wren-cottage/","0","","0","Indexable",""
"https://www.sowerbysholidaycottages.co.uk/norfolk-holiday-cottages/langham-house/","0","","0","Indexable",""
"https://www.sowerbysholidaycottages.co.uk/norfolk-holiday-cottages/honeysuckle-cottage/","0","","0","Indexable",""
"https://www.sowerbysholidaycottages.co.uk/norfolk-holiday-cottages/the-stables-manor-court/","0","","0","Indexable",""
"https://www.sowerbysholidaycottages.co.uk/norfolk-holiday-cottages/honeystone-mews/","0","","0","Indexable",""
"https://www.sowerbysholidaycottages.co.uk/norfolk-holiday-cottages/the-manse/","0","","0","Indexable",""
"https://www.sowerbysholidaycottages.co.uk/norfolk-holiday-cottages/3-lavender-cottage/","0","","0","Indexable",""
"https://www.sowerbysholidaycottages.co.uk/norfolk-holiday-cottages/ivy-cottage/","0","","0","Indexable",""
"https://www.sowerbysholidaycottages.co.uk/norfolk-holiday-cottages/eastwood-house/","0","","0","Indexable",""
"https://www.sowerbysholidaycottages.co.uk/norfolk-holiday-cottages/little-tern/","0","","0","Indexable",""
"https://www.sowerbysholidaycottages.co.uk/norfolk-holiday-cottages/edinburgh-house/","0","","0","Indexable",""
"https://www.sowerbysholidaycottages.co.uk/norfolk-holiday-cottages/tucwel/","0","","0","Indexable",""
"https://www.sowerbysholidaycottages.co.uk/norfolk-holiday-cottages/norton-cottage/","0","","0","Indexable",""
"https://www.sowerbysholidaycottages.co.uk/norfolk-holiday-cottages/the-hideaway-6a/","0","","0","Indexable",""
"https://www.sowerbysholidaycottages.co.uk/norfolk-holiday-cottages/cornloft-cottage/","0","","0","Indexable",""
"https://www.sowerbysholidaycottages.co.uk/norfolk-holiday-cottages/hilltop-nc/","0","","0","Indexable",""
"https://www.sowerbysholidaycottages.co.uk/norfolk-holiday-cottages/east-cottage/","0","","0","Indexable",""
"https://www.sowerbysholidaycottages.co.uk/norfolk-holiday-cottages/3-links-court/","0","","0","Indexable",""
"https://www.sowerbysholidaycottages.co.uk/norfolk-holiday-cottages/sandton-house/","0","","0","Indexable",""
"https://www.sowerbysholidaycottages.co.uk/norfolk-holiday-cottages/field-house/","0","","0","Indexable",""
"https://www.sowerbysholidaycottages.co.uk/norfolk-holiday-cottages/nelson-lodge/","0","","0","Indexable",""
"https://www.sowerbysholidaycottages.co.uk/norfolk-holiday-cottages/kitts-cottage/","0","","0","Indexable",""
"https://www.sowerbysholidaycottages.co.uk/norfolk-holiday-cottages/butts-corner-2-bedrooms/","0","","0","Indexable",""
"https://www.sowerbysholidaycottages.co.uk/norfolk-holiday-cottages/2-hunts-cottages/","0","","0","Indexable",""
"https://www.sowerbysholidaycottages.co.uk/norfolk-holiday-cottages/3-pond-end-row/","0","","0","Indexable",""
"https://www.sowerbysholidaycottages.co.uk/norfolk-holiday-cottages/butts-corner/","0","","0","Indexable",""
"https://www.sowerbysholidaycottages.co.uk/norfolk-holiday-cottages/hare-cottage/","0","","0","Indexable",""
"https://www.sowerbysholidaycottages.co.uk/norfolk-holiday-cottages/pangurs-piece/","0","","0","Indexable",""
"https://www.sowerbysholidaycottages.co.uk/norfolk-holiday-cottages/linksway/","0","","0","Indexable",""
"https://www.sowerbysholidaycottages.co.uk/map-search/?start_date=&duration=&sleeps=&dogs=&villageorproperty=&bedrooms=&bathrooms=&dogs_by_arrangement=yes&dogs_accepted=yes","0","","0","Non-Indexable","noindex"
"https://www.sowerbysholidaycottages.co.uk/norfolk-holiday-cottages/pickles-cottage/","0","","0","Indexable",""
"https://www.sowerbysholidaycottages.co.uk/property-details-print/?propertyID=3282","1","norfolk, holiday, norfolk holiday, norfolk holiday cottages","59","Non-Indexable","noindex"
"https://www.sowerbysholidaycottages.co.uk/norfolk-holiday-cottages/holly-house-2-bedrooms/","0","","0","Indexable",""
"https://www.sowerbysholidaycottages.co.uk/norfolk-holiday-cottages/la-mouette/","0","","0","Indexable",""
"https://www.sowerbysholidaycottages.co.uk/norfolk-holiday-cottages/badgets/","0","","0","Indexable",""
"https://www.sowerbysholidaycottages.co.uk/norfolk-holiday-cottages/saffron-cottage/","0","","0","Indexable",""
"https://www.sowerbysholidaycottages.co.uk/norfolk-holiday-cottages/garden-folly/","0","","0","Indexable",""
"https://www.sowerbysholidaycottages.co.uk/norfolk-holiday-cottages/5-monteagle/","0","","0","Indexable",""
"https://www.sowerbysholidaycottages.co.uk/norfolk-holiday-cottages/jeeves-retreat/","0","","0","Indexable",""
"https://www.sowerbysholidaycottages.co.uk/norfolk-holiday-cottages/allpoints-cottage/","0","","0","Indexable",""
"https://www.sowerbysholidaycottages.co.uk/norfolk-holiday-cottages/wellington-cottage/","0","","0","Indexable",""
"https://www.sowerbysholidaycottages.co.uk/norfolk-holiday-cottages/honeystone/","0","","0","Indexable",""
"https://www.sowerbysholidaycottages.co.uk/norfolk-holiday-cottages/old-school-house/","0","","0","Indexable",""
"https://www.sowerbysholidaycottages.co.uk/norfolk-holiday-cottages/beech-cottage/","0","","0","Indexable",""
"https://www.sowerbysholidaycottages.co.uk/norfolk-holiday-cottages/windjammer/","0","","0","Indexable",""
"https://www.sowerbysholidaycottages.co.uk/norfolk-holiday-cottages/tern-cottage/","0","","0","Indexable",""
"https://www.sowerbysholidaycottages.co.uk/norfolk-holiday-cottages/oak-cottage/","0","","0","Indexable",""
"https://www.sowerbysholidaycottages.co.uk/norfolk-holiday-cottages/the-foundry/","0","","0","Indexable",""
"https://www.sowerbysholidaycottages.co.uk/norfolk-holiday-cottages/3-smugglers-cove/","0","","0","Indexable",""
"https://www.sowerbysholidaycottages.co.uk/norfolk-holiday-cottages/bliss-cottage/","0","","0","Indexable",""
"https://www.sowerbysholidaycottages.co.uk/norfolk-holiday-cottages/sutton-cottage/","0","","0","Indexable",""
"https://www.sowerbysholidaycottages.co.uk/norfolk-holiday-cottages/samphire-barn/","0","","0","Indexable",""
"https://www.sowerbysholidaycottages.co.uk/norfolk-holiday-cottages/2-school-row/","0","","0","Indexable",""
"https://www.sowerbysholidaycottages.co.uk/norfolk-holiday-cottages/wellfleet-cottage/","0","","0","Indexable",""
"https://www.sowerbysholidaycottages.co.uk/norfolk-holiday-cottages/bluebell-cottage/","0","","0","Indexable",""
"https://www.sowerbysholidaycottages.co.uk/norfolk-holiday-cottages/truncheons-reach/","0","","0","Indexable",""
"https://www.sowerbysholidaycottages.co.uk/norfolk-holiday-cottages/seasalt-cottage/","0","","0","Indexable",""
"https://www.sowerbysholidaycottages.co.uk/norfolk-holiday-cottages/star-cottage/","0","","0","Indexable",""
"https://www.sowerbysholidaycottages.co.uk/norfolk-holiday-cottages/grasshopper-cottage/","0","","0","Indexable",""
"https://www.sowerbysholidaycottages.co.uk/norfolk-holiday-cottages/mill-view-burnham-norton/","0","","0","Indexable",""
"https://www.sowerbysholidaycottages.co.uk/norfolk-holiday-cottages/jeeves-hideaway/","0","","0","Indexable",""
"https://www.sowerbysholidaycottages.co.uk/norfolk-holiday-cottages/bailey-wick-cottage/","0","","0","Indexable",""
"https://www.sowerbysholidaycottages.co.uk/norfolk-holiday-cottages/ellas-cottage/","0","","0","Indexable",""
"https://www.sowerbysholidaycottages.co.uk/wishlist/","0","","0","Indexable",""
"https://www.sowerbysholidaycottages.co.uk/norfolk-holiday-cottages/fox-cottage/","0","","0","Indexable",""
"https://www.sowerbysholidaycottages.co.uk/norfolk-holiday-cottages/sunset-view/","0","","0","Indexable",""
"https://www.sowerbysholidaycottages.co.uk/popular-norfolk-holiday-areas/old-hunstanton-area/","0","","0","Indexable",""
"https://www.sowerbysholidaycottages.co.uk/popular-norfolk-holiday-areas/brancaster-area/","0","","0","Indexable",""
"https://www.sowerbysholidaycottages.co.uk/popular-norfolk-holiday-areas/the-burnhams-area/","0","","0","Indexable",""
"https://www.sowerbysholidaycottages.co.uk/popular-norfolk-holiday-areas/wells-next-the-sea-area/","0","","0","Indexable",""
"https://www.sowerbysholidaycottages.co.uk/norfolk-holiday-cottages/boatmans-cottage/","0","","0","Indexable",""
"https://www.sowerbysholidaycottages.co.uk/norfolk-holiday-cottages/pebble-cottage/","0","","0","Indexable",""
"https://www.sowerbysholidaycottages.co.uk/norfolk-holiday-cottages/orchard-house-docking/","0","","0","Indexable",""
"https://www.sowerbysholidaycottages.co.uk/norfolk-holiday-cottages/little-twitchers/","0","","0","Indexable",""
"https://www.sowerbysholidaycottages.co.uk/norfolk-holiday-cottages/virginia-cottage/","0","","0","Indexable",""
"https://www.sowerbysholidaycottages.co.uk/norfolk-holiday-cottages/duckling-cottage/","0","","0","Indexable",""
"https://www.sowerbysholidaycottages.co.uk/norfolk-holiday-cottages/bonnierigg/","0","","0","Indexable",""
"https://www.sowerbysholidaycottages.co.uk/norfolk-holiday-cottages/windswept-cottage/","0","","0","Indexable",""
"https://www.sowerbysholidaycottages.co.uk/norfolk-holiday-cottages/cherryhill/","0","","0","Indexable",""
"https://www.sowerbysholidaycottages.co.uk/norfolk-holiday-cottages/2-waterhall-cottages/","0","","0","Indexable",""
"https://www.sowerbysholidaycottages.co.uk/property-details-print/?propertyID=5140","1","norfolk, holiday, norfolk holiday, norfolk holiday cottages","59","Non-Indexable","noindex"
"https://www.sowerbysholidaycottages.co.uk/norfolk-holiday-cottages/field-cottage-in-fring/","0","","0","Indexable",""
"https://www.sowerbysholidaycottages.co.uk/norfolk-holiday-cottages/hares-end/","0","","0","Indexable",""
