"Address","PSI Request Status","Mobile Alternate Link"
"https://www.sowerbysholidaycottages.co.uk/","",""
"https://www.sowerbysholidaycottages.co.uk/inspiration/","",""
"https://www.sowerbysholidaycottages.co.uk/inspiration/norfolk-holiday-cottage-special-offers/","",""
"https://www.sowerbysholidaycottages.co.uk/norfolk-holiday-locations/alphabetical-list-of-villages/","",""
"https://www.sowerbysholidaycottages.co.uk/popular-norfolk-holiday-features/luxury-collection/","",""
"https://www.sowerbysholidaycottages.co.uk/holiday-cottage-owner-information/owner-testimonials/","",""
"https://www.sowerbysholidaycottages.co.uk/about-sowerbys-holiday-cottages/faqs/","",""
"https://www.sowerbysholidaycottages.co.uk/norfolk-holiday-cottage-search/?start_date=&duration=&sleeps=&dogs=&village=&bedrooms=&bathrooms=&property=&special_offer=yes","",""
"https://www.sowerbysholidaycottages.co.uk/norfolk-holiday-cottage-search/?start_date=&duration=&sleeps=&dogs=&property=&bedrooms=&bathrooms=&village=&new=yes","",""
"https://www.sowerbysholidaycottages.co.uk/popular-norfolk-holiday-features/sea-views/","",""
"https://www.sowerbysholidaycottages.co.uk/norfolk-holiday-cottage-search/?start_date=&duration=&sleeps=&dogs=&property=&action=quicksearch&bedrooms=&bathrooms=&village=&has_sea_view=yes","",""
"https://www.sowerbysholidaycottages.co.uk/bespoke-management-service/","",""
"https://www.sowerbysholidaycottages.co.uk/norfolk-holiday-cottages/washmeres/","",""
"https://www.sowerbysholidaycottages.co.uk/popular-norfolk-holiday-features/electric-charging/","",""
"https://www.sowerbysholidaycottages.co.uk/norfolk-holiday-locations/","",""
"https://www.sowerbysholidaycottages.co.uk/about-sowerbys-holiday-cottages/meet-the-team/","",""
"https://www.sowerbysholidaycottages.co.uk/popular-norfolk-holiday-features/romantic-break/","",""
"https://www.sowerbysholidaycottages.co.uk/contact-sowerbys-holiday-cottages/","",""
"https://www.sowerbysholidaycottages.co.uk/norfolk-holiday-cottages/little-barwick/","",""
"https://www.sowerbysholidaycottages.co.uk/norfolk-holiday-cottage-search/?start_date=&duration=&sleeps=&dogs=&villageorproperty=&bedrooms=&bathrooms=&dogs_by_arrangement=yes&dogs_accepted=yes","",""
"https://www.sowerbysholidaycottages.co.uk/norfolk-holiday-cottages/violet/","",""
"https://www.sowerbysholidaycottages.co.uk/inspiration/blog/","",""
"https://www.sowerbysholidaycottages.co.uk/inspiration/things-to-do-in-norfolk/","",""
"https://www.sowerbysholidaycottages.co.uk/terms-and-conditions/","",""
"https://www.sowerbysholidaycottages.co.uk/request-your-free-homeowners-guide/","",""
"https://www.sowerbysholidaycottages.co.uk/about-sowerbys-holiday-cottages/","",""
"https://www.sowerbysholidaycottages.co.uk/norfolk-holiday-cottages/beachside/","",""
"https://www.sowerbysholidaycottages.co.uk/about-sowerbys-holiday-cottages/our-norfolk-estate-agents/","",""
"https://www.sowerbysholidaycottages.co.uk/inspiration/norfolk-events/","",""
"https://www.sowerbysholidaycottages.co.uk/seasonal-guide-request/","",""
"https://www.sowerbysholidaycottages.co.uk/norfolk-holiday-cottage-search/alphabetical-list/","",""
"https://www.sowerbysholidaycottages.co.uk/inspiration/seasonal-guides/","",""
"https://www.sowerbysholidaycottages.co.uk/norfolk-holiday-cottage-search/?start_date=&duration=&sleeps=10&dogs=&property=&bedrooms=&bathrooms=&village=","",""
"https://www.sowerbysholidaycottages.co.uk/holiday-cottage-owner-information/","",""
"https://www.sowerbysholidaycottages.co.uk/popular-norfolk-holiday-features/dogs-accepted/","",""
"https://www.sowerbysholidaycottages.co.uk/norfolk-holiday-cottages/aster-house/","",""
"https://www.sowerbysholidaycottages.co.uk/norfolk-holiday-cottages/3-the-old-school/","",""
"https://www.sowerbysholidaycottages.co.uk/norfolk-holiday-cottages/channel-view-and-cottage/","",""
"https://www.sowerbysholidaycottages.co.uk/norfolk-holiday-cottages/3-marshland-barns/","",""
"https://www.sowerbysholidaycottages.co.uk/norfolk-holiday-cottage-search/","",""
"https://www.sowerbysholidaycottages.co.uk/norfolk-holiday-cottages/the-dairy-barn-2-bedrooms/","",""
"https://www.sowerbysholidaycottages.co.uk/norfolk-holiday-cottages/pantiles/","",""
"https://www.sowerbysholidaycottages.co.uk/norfolk-holiday-cottages/crowberry-barn/","",""
"https://www.sowerbysholidaycottages.co.uk/norfolk-holiday-cottages/close-cottage/","",""
"https://www.sowerbysholidaycottages.co.uk/norfolk-holiday-cottages/sunnyvale/","",""
"https://www.sowerbysholidaycottages.co.uk/norfolk-holiday-cottages/nelson-cottage/","",""
"https://www.sowerbysholidaycottages.co.uk/norfolk-holiday-cottages/sybil-cottage/","",""
"https://www.sowerbysholidaycottages.co.uk/norfolk-holiday-cottages/the-old-forge/","",""
"https://www.sowerbysholidaycottages.co.uk/norfolk-holiday-cottages/slumber-barn-5-bedrooms/","",""
"https://www.sowerbysholidaycottages.co.uk/norfolk-holiday-cottages/flagstaff-cottage/","",""
"https://www.sowerbysholidaycottages.co.uk/norfolk-holiday-cottages/the-old-post-office/","",""
"https://www.sowerbysholidaycottages.co.uk/norfolk-holiday-cottages/the-dairy-barn/","",""
"https://www.sowerbysholidaycottages.co.uk/norfolk-holiday-cottages/oak-tree-cottage/","",""
"https://www.sowerbysholidaycottages.co.uk/norfolk-holiday-cottages/1-king-william-cottage/","",""
"https://www.sowerbysholidaycottages.co.uk/norfolk-holiday-cottages/flagstaff-boathouse/","",""
"https://www.sowerbysholidaycottages.co.uk/norfolk-holiday-cottages/1-crarves/","",""
"https://www.sowerbysholidaycottages.co.uk/map-search/?start_date=&duration=&sleeps=&dogs=&village=&bedrooms=&bathrooms=&property=&special_offer=yes","",""
"https://www.sowerbysholidaycottages.co.uk/norfolk-holiday-cottages/the-paddock/","",""
"https://www.sowerbysholidaycottages.co.uk/norfolk-holiday-cottages/beehive-cottage/","",""
"https://www.sowerbysholidaycottages.co.uk/norfolk-holiday-cottages/eider-cottage/","",""
"https://www.sowerbysholidaycottages.co.uk/norfolk-holiday-cottages/mandalay/","",""
"https://www.sowerbysholidaycottages.co.uk/norfolk-holiday-cottages/eton-house/","",""
"https://www.sowerbysholidaycottages.co.uk/norfolk-holiday-cottages/michaelmas/","",""
"https://www.sowerbysholidaycottages.co.uk/norfolk-holiday-cottages/flagstaff-east/","",""
"https://www.sowerbysholidaycottages.co.uk/norfolk-holiday-cottages/mill-view/","",""
"https://www.sowerbysholidaycottages.co.uk/norfolk-holiday-cottages/3-marshland-barns-2-bedrooms/","",""
"https://www.sowerbysholidaycottages.co.uk/norfolk-holiday-cottages/2-railway-cottages/","",""
"https://www.sowerbysholidaycottages.co.uk/norfolk-holiday-cottages/channel-cottage/","",""
"https://www.sowerbysholidaycottages.co.uk/norfolk-holiday-cottages/western-cottage/","",""
"https://www.sowerbysholidaycottages.co.uk/norfolk-holiday-cottages/hill-top-docking/","",""
"https://www.sowerbysholidaycottages.co.uk/norfolk-holiday-cottages/eider-cottage-2-bedrooms/","",""
"https://www.sowerbysholidaycottages.co.uk/norfolk-holiday-cottages/the-loft/","",""
"https://www.sowerbysholidaycottages.co.uk/norfolk-holiday-cottages/4-hare-cottage/","",""
"https://www.sowerbysholidaycottages.co.uk/norfolk-holiday-cottages/bridge-farm-barn/","",""
"https://www.sowerbysholidaycottages.co.uk/norfolk-holiday-cottages/channel-view/","",""
"https://www.sowerbysholidaycottages.co.uk/norfolk-holiday-cottages/the-dairy-barn-3-bedrooms/","",""
"https://www.sowerbysholidaycottages.co.uk/norfolk-holiday-cottages/flagstaff-west/","",""
"https://www.sowerbysholidaycottages.co.uk/norfolk-holiday-cottages/flagstaff-garden-house/","",""
"https://www.sowerbysholidaycottages.co.uk/norfolk-holiday-cottages/eton-house-2-bedrooms/","",""
"https://www.sowerbysholidaycottages.co.uk/popular-norfolk-holiday-villages/harpley/","",""
"https://www.sowerbysholidaycottages.co.uk/norfolk-holiday-cottages/avocet-cottage/","",""
"https://www.sowerbysholidaycottages.co.uk/popular-norfolk-holiday-villages/egmere/","",""
"https://www.sowerbysholidaycottages.co.uk/popular-norfolk-holiday-villages/north-creake/","",""
"https://www.sowerbysholidaycottages.co.uk/popular-norfolk-holiday-villages/sedgeford/","",""
"https://www.sowerbysholidaycottages.co.uk/popular-norfolk-holiday-villages/wighton/","",""
"https://www.sowerbysholidaycottages.co.uk/popular-norfolk-holiday-villages/burnham-market/","",""
"https://www.sowerbysholidaycottages.co.uk/popular-norfolk-holiday-villages/walsingham/","",""
"https://www.sowerbysholidaycottages.co.uk/popular-norfolk-holiday-villages/burnham-overy-town/","",""
"https://www.sowerbysholidaycottages.co.uk/popular-norfolk-holiday-villages/burnham-overy-staithe/","",""
"https://www.sowerbysholidaycottages.co.uk/popular-norfolk-holiday-villages/heacham/","",""
"https://www.sowerbysholidaycottages.co.uk/popular-norfolk-holiday-villages/ringstead/","",""
"https://www.sowerbysholidaycottages.co.uk/popular-norfolk-holiday-villages/great-snoring/","",""
"https://www.sowerbysholidaycottages.co.uk/popular-norfolk-holiday-villages/hunstanton/","",""
"https://www.sowerbysholidaycottages.co.uk/popular-norfolk-holiday-villages/brancaster/","",""
"https://www.sowerbysholidaycottages.co.uk/popular-norfolk-holiday-villages/brancaster-staithe/","",""
"https://www.sowerbysholidaycottages.co.uk/popular-norfolk-holiday-villages/old-hunstanton/","",""
"https://www.sowerbysholidaycottages.co.uk/popular-norfolk-holiday-villages/thornham/","",""
"https://www.sowerbysholidaycottages.co.uk/popular-norfolk-holiday-villages/burnham-deepdale/","",""
"https://www.sowerbysholidaycottages.co.uk/popular-norfolk-holiday-villages/blakeney/","",""
"https://www.sowerbysholidaycottages.co.uk/popular-norfolk-holiday-villages/wells-next-the-sea/","",""
"https://www.sowerbysholidaycottages.co.uk/popular-norfolk-holiday-villages/warham/","",""
"https://www.sowerbysholidaycottages.co.uk/popular-norfolk-holiday-villages/titchwell/","",""
"https://www.sowerbysholidaycottages.co.uk/popular-norfolk-holiday-villages/burnham-norton/","",""
"https://www.sowerbysholidaycottages.co.uk/popular-norfolk-holiday-villages/houghton-estate/","",""
"https://www.sowerbysholidaycottages.co.uk/popular-norfolk-holiday-villages/stanhoe/","",""
"https://www.sowerbysholidaycottages.co.uk/popular-norfolk-holiday-villages/holme-next-the-sea/","",""
"https://www.sowerbysholidaycottages.co.uk/popular-norfolk-holiday-villages/docking/","",""
"https://www.sowerbysholidaycottages.co.uk/popular-norfolk-holiday-villages/fring/","",""
"https://www.sowerbysholidaycottages.co.uk/popular-norfolk-holiday-villages/stiffkey/","",""
"https://www.sowerbysholidaycottages.co.uk/popular-norfolk-holiday-villages/binham/","",""
"https://www.sowerbysholidaycottages.co.uk/popular-norfolk-holiday-villages/south-creake/","",""
"https://www.sowerbysholidaycottages.co.uk/norfolk-holiday-cottages/high-barn/","",""
"https://www.sowerbysholidaycottages.co.uk/norfolk-holiday-cottages/sanderling/","",""
"https://www.sowerbysholidaycottages.co.uk/norfolk-holiday-cottages/the-gables/","",""
"https://www.sowerbysholidaycottages.co.uk/norfolk-holiday-cottages/orchard-house-3-bedrooms/","",""
"https://www.sowerbysholidaycottages.co.uk/norfolk-holiday-cottages/heron-cottage/","",""
"https://www.sowerbysholidaycottages.co.uk/norfolk-holiday-cottages/washington-beach-house/","",""
"https://www.sowerbysholidaycottages.co.uk/norfolk-holiday-cottages/sea-lavender-house/","",""
"https://www.sowerbysholidaycottages.co.uk/norfolk-holiday-cottages/old-mill-cottage/","",""
"https://www.sowerbysholidaycottages.co.uk/norfolk-holiday-cottages/marshview-cottage/","",""
"https://www.sowerbysholidaycottages.co.uk/norfolk-holiday-cottages/cherry-house/","",""
"https://www.sowerbysholidaycottages.co.uk/norfolk-holiday-cottages/washington-beach-house-with-lodge/","",""
"https://www.sowerbysholidaycottages.co.uk/norfolk-holiday-cottages/the-meadows/","",""
"https://www.sowerbysholidaycottages.co.uk/norfolk-holiday-cottages/hillcrest-barn/","",""
"https://www.sowerbysholidaycottages.co.uk/norfolk-holiday-cottages/the-cartshed-6-marshland-barns/","",""
"https://www.sowerbysholidaycottages.co.uk/norfolk-holiday-cottages/old-mill-and-cottage/","",""
"https://www.sowerbysholidaycottages.co.uk/norfolk-holiday-cottages/burnham-loft/","",""
"https://www.sowerbysholidaycottages.co.uk/norfolk-holiday-cottages/violets-cottage/","",""
"https://www.sowerbysholidaycottages.co.uk/norfolk-holiday-cottages/easterly/","",""
"https://www.sowerbysholidaycottages.co.uk/norfolk-holiday-cottages/fayette/","",""
"https://www.sowerbysholidaycottages.co.uk/norfolk-holiday-cottages/1-manor-farm-barns/","",""
"https://www.sowerbysholidaycottages.co.uk/norfolk-holiday-cottages/school-pastures-2-bedrooms/","",""
"https://www.sowerbysholidaycottages.co.uk/norfolk-holiday-cottages/lark-house/","",""
"https://www.sowerbysholidaycottages.co.uk/norfolk-holiday-cottages/washmeres-2-bedrooms/","",""
"https://www.sowerbysholidaycottages.co.uk/norfolk-holiday-cottages/mallards/","",""
"https://www.sowerbysholidaycottages.co.uk/norfolk-holiday-cottages/1-manor-farm-barns-3-bedrooms/","",""
"https://www.sowerbysholidaycottages.co.uk/norfolk-holiday-cottages/tarnside/","",""
"https://www.sowerbysholidaycottages.co.uk/norfolk-holiday-cottages/aspall-escape/","",""
"https://www.sowerbysholidaycottages.co.uk/norfolk-holiday-cottages/hope-cottage/","",""
"https://www.sowerbysholidaycottages.co.uk/norfolk-holiday-cottages/old-mill/","",""
"https://www.sowerbysholidaycottages.co.uk/norfolk-holiday-cottages/scotts-cottage-4-bedrooms/","",""
"https://www.sowerbysholidaycottages.co.uk/norfolk-holiday-cottages/amber-cottage/","",""
"https://www.sowerbysholidaycottages.co.uk/norfolk-holiday-cottages/mallards-2-bedrooms/","",""
"https://www.sowerbysholidaycottages.co.uk/norfolk-holiday-cottages/cockleshed-house/","",""
"https://www.sowerbysholidaycottages.co.uk/norfolk-holiday-cottages/salt-marsh/","",""
"https://www.sowerbysholidaycottages.co.uk/norfolk-holiday-cottages/louisa-barn/","",""
"https://www.sowerbysholidaycottages.co.uk/norfolk-holiday-cottages/olives-cottage/","",""
"https://www.sowerbysholidaycottages.co.uk/norfolk-holiday-cottages/the-cartshed-6-marshland-barns-2-bedrooms/","",""
"https://www.sowerbysholidaycottages.co.uk/norfolk-holiday-cottages/basils-barn/","",""
"https://www.sowerbysholidaycottages.co.uk/norfolk-holiday-cottages/school-pastures-6-bedrooms/","",""
"https://www.sowerbysholidaycottages.co.uk/norfolk-holiday-cottages/bell-view-cottage/","",""
"https://www.sowerbysholidaycottages.co.uk/norfolk-holiday-cottages/greystones/","",""
"https://www.sowerbysholidaycottages.co.uk/norfolk-holiday-cottages/1-manor-farm-barns-2-bedrooms/","",""
"https://www.sowerbysholidaycottages.co.uk/norfolk-holiday-cottages/orchard-house-5-bedrooms/","",""
"https://www.sowerbysholidaycottages.co.uk/norfolk-holiday-cottages/the-old-smithy/","",""
"https://www.sowerbysholidaycottages.co.uk/norfolk-holiday-cottages/the-lamp-house/","",""
"https://www.sowerbysholidaycottages.co.uk/norfolk-holiday-cottages/beacon-hill-barn/","",""
"https://www.sowerbysholidaycottages.co.uk/norfolk-holiday-cottages/seaborne-penthouse/","",""
"https://www.sowerbysholidaycottages.co.uk/norfolk-holiday-cottages/oystercatchers/","",""
"https://www.sowerbysholidaycottages.co.uk/norfolk-holiday-cottages/the-saltings/","",""
"https://www.sowerbysholidaycottages.co.uk/norfolk-holiday-cottages/sail-away/","",""
"https://www.sowerbysholidaycottages.co.uk/norfolk-holiday-cottages/peewits-penthouse/","",""
"https://www.sowerbysholidaycottages.co.uk/norfolk-holiday-cottages/heronsway/","",""
"https://www.sowerbysholidaycottages.co.uk/norfolk-holiday-cottages/slumber-barn-3-bedrooms/","",""
"https://www.sowerbysholidaycottages.co.uk/norfolk-holiday-cottages/blackbird-barn/","",""
"https://www.sowerbysholidaycottages.co.uk/norfolk-holiday-cottages/driftwood/","",""
"https://www.sowerbysholidaycottages.co.uk/norfolk-holiday-cottages/scotts-cottage-6-bedrooms/","",""
"https://www.sowerbysholidaycottages.co.uk/norfolk-holiday-cottages/cobblestone-cottage/","",""
"https://www.sowerbysholidaycottages.co.uk/norfolk-holiday-cottages/allerdale-house/","",""
"https://www.sowerbysholidaycottages.co.uk/norfolk-holiday-cottages/school-pastures-4-bedrooms/","",""
"https://www.sowerbysholidaycottages.co.uk/norfolk-holiday-cottages/spring-cottage/","",""
"https://www.sowerbysholidaycottages.co.uk/norfolk-holiday-cottages/stearmans-cottage/","",""
"https://www.sowerbysholidaycottages.co.uk/norfolk-holiday-cottages/tides/","",""
"https://www.sowerbysholidaycottages.co.uk/norfolk-holiday-cottages/chase-cottage-2-bedrooms/","",""
"https://www.sowerbysholidaycottages.co.uk/norfolk-holiday-cottages/market-lane-house-3-bedrooms/","",""
"https://www.sowerbysholidaycottages.co.uk/norfolk-holiday-cottages/chapel-cottages-godwit/","",""
"https://www.sowerbysholidaycottages.co.uk/norfolk-holiday-cottages/badgets-2-bedrooms/","",""
"https://www.sowerbysholidaycottages.co.uk/norfolk-holiday-cottages/the-pilchard/","",""
"https://www.sowerbysholidaycottages.co.uk/map-search/?start_date=&duration=&sleeps=&dogs=&property=&bedrooms=&bathrooms=&village=&new=yes","",""
"https://www.sowerbysholidaycottages.co.uk/norfolk-holiday-cottages/6-monteagle/","",""
"https://www.sowerbysholidaycottages.co.uk/norfolk-holiday-cottages/badgets-3-bedrooms/","",""
"https://www.sowerbysholidaycottages.co.uk/norfolk-holiday-cottages/chapel-cottages-bittern/","",""
"https://www.sowerbysholidaycottages.co.uk/norfolk-holiday-cottages/boathouse-bliss/","",""
"https://www.sowerbysholidaycottages.co.uk/norfolk-holiday-cottages/chapel-cottages-avocet/","",""
"https://www.sowerbysholidaycottages.co.uk/norfolk-holiday-cottages/harts-house/","",""
"https://www.sowerbysholidaycottages.co.uk/norfolk-holiday-cottages/sea-wood/","",""
"https://www.sowerbysholidaycottages.co.uk/norfolk-holiday-cottages/chase-cottage/","",""
"https://www.sowerbysholidaycottages.co.uk/norfolk-holiday-cottages/east-fleet/","",""
"https://www.sowerbysholidaycottages.co.uk/norfolk-holiday-cottages/1-knights-cottages/","",""
"https://www.sowerbysholidaycottages.co.uk/norfolk-holiday-cottages/gillies/","",""
"https://www.sowerbysholidaycottages.co.uk/norfolk-holiday-cottages/neptune/","",""
"https://www.sowerbysholidaycottages.co.uk/norfolk-holiday-cottages/island-house/","",""
"https://www.sowerbysholidaycottages.co.uk/norfolk-holiday-cottages/sea-wood-3-bedrooms/","",""
"https://www.sowerbysholidaycottages.co.uk/norfolk-holiday-cottages/harbour-view/","",""
"https://www.sowerbysholidaycottages.co.uk/norfolk-holiday-cottages/longview-cottage/","",""
"https://www.sowerbysholidaycottages.co.uk/norfolk-holiday-cottages/5-pauls-maltings/","",""
"https://www.sowerbysholidaycottages.co.uk/norfolk-holiday-cottages/sunnydene/","",""
"https://www.sowerbysholidaycottages.co.uk/norfolk-holiday-cottages/staithe-barn/","",""
"https://www.sowerbysholidaycottages.co.uk/norfolk-holiday-cottages/the-cottage-overy-staithe/","",""
"https://www.sowerbysholidaycottages.co.uk/norfolk-holiday-cottages/ongar-lodge/","",""
"https://www.sowerbysholidaycottages.co.uk/norfolk-holiday-cottages/sea-breeze/","",""
"https://www.sowerbysholidaycottages.co.uk/norfolk-holiday-cottages/pear-tree-cottage/","",""
"https://www.sowerbysholidaycottages.co.uk/norfolk-holiday-cottages/cobblestones/","",""
"https://www.sowerbysholidaycottages.co.uk/norfolk-holiday-cottages/falgate/","",""
"https://www.sowerbysholidaycottages.co.uk/norfolk-holiday-cottages/2-pauls-maltings/","",""
"https://www.sowerbysholidaycottages.co.uk/norfolk-holiday-cottages/foam-crest/","",""
"https://www.sowerbysholidaycottages.co.uk/norfolk-holiday-cottages/beachcomber/","",""
"https://www.sowerbysholidaycottages.co.uk/norfolk-holiday-cottages/green-tiles/","",""
"https://www.sowerbysholidaycottages.co.uk/norfolk-holiday-cottages/4-pauls-maltings/","",""
"https://www.sowerbysholidaycottages.co.uk/norfolk-holiday-cottages/6-the-granary/","",""
"https://www.sowerbysholidaycottages.co.uk/norfolk-holiday-cottages/mow-creek-cottage/","",""
"https://www.sowerbysholidaycottages.co.uk/norfolk-holiday-cottages/cockle-beach/","",""
"https://www.sowerbysholidaycottages.co.uk/norfolk-holiday-cottages/2-knights-cottages/","",""
"https://www.sowerbysholidaycottages.co.uk/norfolk-holiday-cottages/2-dormy-house/","",""
"https://www.sowerbysholidaycottages.co.uk/norfolk-holiday-cottages/quayside/","",""
"https://www.sowerbysholidaycottages.co.uk/norfolk-holiday-cottages/washington-lodge/","",""
"https://www.sowerbysholidaycottages.co.uk/norfolk-holiday-cottages/harrier-cottage/","",""
"https://www.sowerbysholidaycottages.co.uk/norfolk-holiday-cottages/sea-view/","",""
"https://www.sowerbysholidaycottages.co.uk/norfolk-holiday-cottages/scotts-lodge/","",""
"https://www.sowerbysholidaycottages.co.uk/norfolk-holiday-cottages/sandbanks/","",""
"https://www.sowerbysholidaycottages.co.uk/map-search/?start_date=&duration=&sleeps=&dogs=&property=&action=quicksearch&bedrooms=&bathrooms=&village=&has_sea_view=yes","",""
"https://www.sowerbysholidaycottages.co.uk/norfolk-holiday-cottages/harbour-cottage/","",""
"https://www.sowerbysholidaycottages.co.uk/property-details-print/?propertyID=3401","",""
"https://www.sowerbysholidaycottages.co.uk/norfolk-holiday-cottages/samphire-cottage/","",""
"https://www.sowerbysholidaycottages.co.uk/norfolk-holiday-cottages/lime-cottage/","",""
"https://www.sowerbysholidaycottages.co.uk/norfolk-holiday-cottages/lilac-cottage/","",""
"https://www.sowerbysholidaycottages.co.uk/norfolk-holiday-cottages/dolphin-cottage/","",""
"https://www.sowerbysholidaycottages.co.uk/norfolk-holiday-cottages/beamish/","",""
"https://www.sowerbysholidaycottages.co.uk/norfolk-holiday-cottages/josh-cottage/","",""
"https://www.sowerbysholidaycottages.co.uk/norfolk-holiday-cottages/old-barn/","",""
"https://www.sowerbysholidaycottages.co.uk/norfolk-holiday-cottages/brent-burn/","",""
"https://www.sowerbysholidaycottages.co.uk/norfolk-holiday-cottages/orchard-house-140/","",""
"https://www.sowerbysholidaycottages.co.uk/norfolk-holiday-cottages/lapwing/","",""
"https://www.sowerbysholidaycottages.co.uk/norfolk-holiday-cottages/beck-cottage/","",""
"https://www.sowerbysholidaycottages.co.uk/norfolk-holiday-cottages/garden-cottage/","",""
"https://www.sowerbysholidaycottages.co.uk/norfolk-holiday-cottages/pinkleton/","",""
"https://www.sowerbysholidaycottages.co.uk/norfolk-holiday-cottages/linksway-2-bedrooms/","",""
"https://www.sowerbysholidaycottages.co.uk/norfolk-holiday-cottages/seal-cottage/","",""
"https://www.sowerbysholidaycottages.co.uk/norfolk-holiday-cottages/lantern-cottage/","",""
"https://www.sowerbysholidaycottages.co.uk/norfolk-holiday-cottages/skylark/","",""
"https://www.sowerbysholidaycottages.co.uk/norfolk-holiday-cottages/chadwicks/","",""
"https://www.sowerbysholidaycottages.co.uk/norfolk-holiday-cottages/seawards/","",""
"https://www.sowerbysholidaycottages.co.uk/norfolk-holiday-cottages/lavender-house/","",""
"https://www.sowerbysholidaycottages.co.uk/norfolk-holiday-cottages/rose-cottage/","",""
"https://www.sowerbysholidaycottages.co.uk/norfolk-holiday-cottages/field-cottage-in-brancaster-staithe/","",""
"https://www.sowerbysholidaycottages.co.uk/norfolk-holiday-cottages/garden-house/","",""
"https://www.sowerbysholidaycottages.co.uk/norfolk-holiday-cottages/1-railway-cottages/","",""
"https://www.sowerbysholidaycottages.co.uk/norfolk-holiday-cottages/lavender-cottage/","",""
"https://www.sowerbysholidaycottages.co.uk/norfolk-holiday-cottages/eastwood-house-2-bedrooms/","",""
"https://www.sowerbysholidaycottages.co.uk/norfolk-holiday-cottages/sea-lavender-cottage/","",""
"https://www.sowerbysholidaycottages.co.uk/norfolk-holiday-cottages/market-lane-house/","",""
"https://www.sowerbysholidaycottages.co.uk/norfolk-holiday-cottages/crows-nest-cottage/","",""
"https://www.sowerbysholidaycottages.co.uk/norfolk-holiday-cottages/the-cottage-erpingham-court/","",""
"https://www.sowerbysholidaycottages.co.uk/norfolk-holiday-cottages/curlew-cottage-2-bedrooms/","",""
"https://www.sowerbysholidaycottages.co.uk/norfolk-holiday-cottages/old-hunny-cottage/","",""
"https://www.sowerbysholidaycottages.co.uk/norfolk-holiday-cottages/4-odd-fellows-court/","",""
"https://www.sowerbysholidaycottages.co.uk/norfolk-holiday-cottages/saltmarshes/","",""
"https://www.sowerbysholidaycottages.co.uk/norfolk-holiday-cottages/curlew-cottage/","",""
"https://www.sowerbysholidaycottages.co.uk/norfolk-holiday-cottages/holly-cottage/","",""
"https://www.sowerbysholidaycottages.co.uk/norfolk-holiday-cottages/furnace-cottage/","",""
"https://www.sowerbysholidaycottages.co.uk/norfolk-holiday-cottages/harpers/","",""
"https://www.sowerbysholidaycottages.co.uk/norfolk-holiday-cottages/fleece-house/","",""
"https://www.sowerbysholidaycottages.co.uk/norfolk-holiday-cottages/cherry-tree-cottage/","",""
"https://www.sowerbysholidaycottages.co.uk/norfolk-holiday-cottages/fortune-cottage/","",""
"https://www.sowerbysholidaycottages.co.uk/norfolk-holiday-cottages/claremont-house/","",""
"https://www.sowerbysholidaycottages.co.uk/norfolk-holiday-cottages/the-new-cottage/","",""
"https://www.sowerbysholidaycottages.co.uk/norfolk-holiday-cottages/turnstone/","",""
"https://www.sowerbysholidaycottages.co.uk/norfolk-holiday-cottages/field-cottage-in-docking/","",""
"https://www.sowerbysholidaycottages.co.uk/norfolk-holiday-cottages/edinburgh-house-with-annex/","",""
"https://www.sowerbysholidaycottages.co.uk/norfolk-holiday-cottages/holly-house/","",""
"https://www.sowerbysholidaycottages.co.uk/norfolk-holiday-cottages/wren-cottage/","",""
"https://www.sowerbysholidaycottages.co.uk/norfolk-holiday-cottages/langham-house/","",""
"https://www.sowerbysholidaycottages.co.uk/norfolk-holiday-cottages/honeysuckle-cottage/","",""
"https://www.sowerbysholidaycottages.co.uk/norfolk-holiday-cottages/the-stables-manor-court/","",""
"https://www.sowerbysholidaycottages.co.uk/norfolk-holiday-cottages/honeystone-mews/","",""
"https://www.sowerbysholidaycottages.co.uk/norfolk-holiday-cottages/the-manse/","",""
"https://www.sowerbysholidaycottages.co.uk/norfolk-holiday-cottages/3-lavender-cottage/","",""
"https://www.sowerbysholidaycottages.co.uk/norfolk-holiday-cottages/ivy-cottage/","",""
"https://www.sowerbysholidaycottages.co.uk/norfolk-holiday-cottages/eastwood-house/","",""
"https://www.sowerbysholidaycottages.co.uk/norfolk-holiday-cottages/little-tern/","",""
"https://www.sowerbysholidaycottages.co.uk/norfolk-holiday-cottages/edinburgh-house/","",""
"https://www.sowerbysholidaycottages.co.uk/norfolk-holiday-cottages/tucwel/","",""
"https://www.sowerbysholidaycottages.co.uk/norfolk-holiday-cottages/norton-cottage/","",""
"https://www.sowerbysholidaycottages.co.uk/norfolk-holiday-cottages/the-hideaway-6a/","",""
"https://www.sowerbysholidaycottages.co.uk/norfolk-holiday-cottages/cornloft-cottage/","",""
"https://www.sowerbysholidaycottages.co.uk/norfolk-holiday-cottages/hilltop-nc/","",""
"https://www.sowerbysholidaycottages.co.uk/norfolk-holiday-cottages/east-cottage/","",""
"https://www.sowerbysholidaycottages.co.uk/norfolk-holiday-cottages/3-links-court/","",""
"https://www.sowerbysholidaycottages.co.uk/norfolk-holiday-cottages/sandton-house/","",""
"https://www.sowerbysholidaycottages.co.uk/norfolk-holiday-cottages/field-house/","",""
"https://www.sowerbysholidaycottages.co.uk/norfolk-holiday-cottages/nelson-lodge/","",""
"https://www.sowerbysholidaycottages.co.uk/norfolk-holiday-cottages/kitts-cottage/","",""
"https://www.sowerbysholidaycottages.co.uk/norfolk-holiday-cottages/butts-corner-2-bedrooms/","",""
"https://www.sowerbysholidaycottages.co.uk/norfolk-holiday-cottages/2-hunts-cottages/","",""
"https://www.sowerbysholidaycottages.co.uk/norfolk-holiday-cottages/3-pond-end-row/","",""
"https://www.sowerbysholidaycottages.co.uk/norfolk-holiday-cottages/butts-corner/","",""
"https://www.sowerbysholidaycottages.co.uk/norfolk-holiday-cottages/hare-cottage/","",""
"https://www.sowerbysholidaycottages.co.uk/norfolk-holiday-cottages/pangurs-piece/","",""
"https://www.sowerbysholidaycottages.co.uk/norfolk-holiday-cottages/linksway/","",""
"https://www.sowerbysholidaycottages.co.uk/map-search/?start_date=&duration=&sleeps=&dogs=&villageorproperty=&bedrooms=&bathrooms=&dogs_by_arrangement=yes&dogs_accepted=yes","",""
"https://www.sowerbysholidaycottages.co.uk/norfolk-holiday-cottages/pickles-cottage/","",""
"https://www.sowerbysholidaycottages.co.uk/property-details-print/?propertyID=3282","",""
"https://www.sowerbysholidaycottages.co.uk/norfolk-holiday-cottages/holly-house-2-bedrooms/","",""
"https://www.sowerbysholidaycottages.co.uk/norfolk-holiday-cottages/la-mouette/","",""
"https://www.sowerbysholidaycottages.co.uk/norfolk-holiday-cottages/badgets/","",""
"https://www.sowerbysholidaycottages.co.uk/norfolk-holiday-cottages/saffron-cottage/","",""
"https://www.sowerbysholidaycottages.co.uk/norfolk-holiday-cottages/garden-folly/","",""
"https://www.sowerbysholidaycottages.co.uk/norfolk-holiday-cottages/5-monteagle/","",""
"https://www.sowerbysholidaycottages.co.uk/norfolk-holiday-cottages/jeeves-retreat/","",""
"https://www.sowerbysholidaycottages.co.uk/norfolk-holiday-cottages/allpoints-cottage/","",""
"https://www.sowerbysholidaycottages.co.uk/norfolk-holiday-cottages/wellington-cottage/","",""
"https://www.sowerbysholidaycottages.co.uk/norfolk-holiday-cottages/honeystone/","",""
"https://www.sowerbysholidaycottages.co.uk/norfolk-holiday-cottages/old-school-house/","",""
"https://www.sowerbysholidaycottages.co.uk/norfolk-holiday-cottages/beech-cottage/","",""
"https://www.sowerbysholidaycottages.co.uk/norfolk-holiday-cottages/windjammer/","",""
"https://www.sowerbysholidaycottages.co.uk/norfolk-holiday-cottages/tern-cottage/","",""
"https://www.sowerbysholidaycottages.co.uk/norfolk-holiday-cottages/oak-cottage/","",""
"https://www.sowerbysholidaycottages.co.uk/norfolk-holiday-cottages/the-foundry/","",""
"https://www.sowerbysholidaycottages.co.uk/norfolk-holiday-cottages/3-smugglers-cove/","",""
"https://www.sowerbysholidaycottages.co.uk/norfolk-holiday-cottages/bliss-cottage/","",""
"https://www.sowerbysholidaycottages.co.uk/norfolk-holiday-cottages/sutton-cottage/","",""
"https://www.sowerbysholidaycottages.co.uk/norfolk-holiday-cottages/samphire-barn/","",""
"https://www.sowerbysholidaycottages.co.uk/norfolk-holiday-cottages/2-school-row/","",""
"https://www.sowerbysholidaycottages.co.uk/norfolk-holiday-cottages/wellfleet-cottage/","",""
"https://www.sowerbysholidaycottages.co.uk/norfolk-holiday-cottages/bluebell-cottage/","",""
"https://www.sowerbysholidaycottages.co.uk/norfolk-holiday-cottages/truncheons-reach/","",""
"https://www.sowerbysholidaycottages.co.uk/norfolk-holiday-cottages/seasalt-cottage/","",""
"https://www.sowerbysholidaycottages.co.uk/norfolk-holiday-cottages/star-cottage/","",""
"https://www.sowerbysholidaycottages.co.uk/norfolk-holiday-cottages/grasshopper-cottage/","",""
"https://www.sowerbysholidaycottages.co.uk/norfolk-holiday-cottages/mill-view-burnham-norton/","",""
"https://www.sowerbysholidaycottages.co.uk/norfolk-holiday-cottages/jeeves-hideaway/","",""
"https://www.sowerbysholidaycottages.co.uk/norfolk-holiday-cottages/bailey-wick-cottage/","",""
"https://www.sowerbysholidaycottages.co.uk/norfolk-holiday-cottages/ellas-cottage/","",""
"https://www.sowerbysholidaycottages.co.uk/wishlist/","",""
"https://www.sowerbysholidaycottages.co.uk/norfolk-holiday-cottages/fox-cottage/","",""
"https://www.sowerbysholidaycottages.co.uk/norfolk-holiday-cottages/sunset-view/","",""
"https://www.sowerbysholidaycottages.co.uk/popular-norfolk-holiday-areas/old-hunstanton-area/","",""
"https://www.sowerbysholidaycottages.co.uk/popular-norfolk-holiday-areas/brancaster-area/","",""
"https://www.sowerbysholidaycottages.co.uk/popular-norfolk-holiday-areas/the-burnhams-area/","",""
"https://www.sowerbysholidaycottages.co.uk/popular-norfolk-holiday-areas/wells-next-the-sea-area/","",""
"https://www.sowerbysholidaycottages.co.uk/norfolk-holiday-cottages/boatmans-cottage/","",""
"https://www.sowerbysholidaycottages.co.uk/norfolk-holiday-cottages/pebble-cottage/","",""
"https://www.sowerbysholidaycottages.co.uk/norfolk-holiday-cottages/orchard-house-docking/","",""
"https://www.sowerbysholidaycottages.co.uk/norfolk-holiday-cottages/little-twitchers/","",""
"https://www.sowerbysholidaycottages.co.uk/norfolk-holiday-cottages/virginia-cottage/","",""
"https://www.sowerbysholidaycottages.co.uk/norfolk-holiday-cottages/duckling-cottage/","",""
"https://www.sowerbysholidaycottages.co.uk/norfolk-holiday-cottages/bonnierigg/","",""
"https://www.sowerbysholidaycottages.co.uk/norfolk-holiday-cottages/windswept-cottage/","",""
"https://www.sowerbysholidaycottages.co.uk/norfolk-holiday-cottages/cherryhill/","",""
"https://www.sowerbysholidaycottages.co.uk/norfolk-holiday-cottages/2-waterhall-cottages/","",""
"https://www.sowerbysholidaycottages.co.uk/property-details-print/?propertyID=5140","",""
"https://www.sowerbysholidaycottages.co.uk/norfolk-holiday-cottages/field-cottage-in-fring/","",""
"https://www.sowerbysholidaycottages.co.uk/norfolk-holiday-cottages/hares-end/","",""
