"Type","Source","Destination","Anchor Text","Alt Text","Path Type"
"CSS","https://www.sowerbysholidaycottages.co.uk/","https://code.jquery.com/ui/1.13.1/themes/base/jquery-ui.css?ver=6.9.4","","","Protocol-Relative"
"CSS","https://www.sowerbysholidaycottages.co.uk/inspiration/","https://code.jquery.com/ui/1.13.1/themes/base/jquery-ui.css?ver=6.9.4","","","Protocol-Relative"
"CSS","https://www.sowerbysholidaycottages.co.uk/inspiration/norfolk-holiday-cottage-special-offers/","https://code.jquery.com/ui/1.13.1/themes/base/jquery-ui.css?ver=6.9.4","","","Protocol-Relative"
"CSS","https://www.sowerbysholidaycottages.co.uk/norfolk-holiday-locations/alphabetical-list-of-villages/","https://code.jquery.com/ui/1.13.1/themes/base/jquery-ui.css?ver=6.9.4","","","Protocol-Relative"
"CSS","https://www.sowerbysholidaycottages.co.uk/popular-norfolk-holiday-features/luxury-collection/","https://code.jquery.com/ui/1.13.1/themes/base/jquery-ui.css?ver=6.9.4","","","Protocol-Relative"
"CSS","https://www.sowerbysholidaycottages.co.uk/holiday-cottage-owner-information/owner-testimonials/","https://code.jquery.com/ui/1.13.1/themes/base/jquery-ui.css?ver=6.9.4","","","Protocol-Relative"
"CSS","https://www.sowerbysholidaycottages.co.uk/about-sowerbys-holiday-cottages/faqs/","https://code.jquery.com/ui/1.13.1/themes/base/jquery-ui.css?ver=6.9.4","","","Protocol-Relative"
"CSS","https://www.sowerbysholidaycottages.co.uk/norfolk-holiday-cottage-search/?start_date=&duration=&sleeps=&dogs=&village=&bedrooms=&bathrooms=&property=&special_offer=yes","https://code.jquery.com/ui/1.13.1/themes/base/jquery-ui.css?ver=6.9.4","","","Protocol-Relative"
"CSS","https://www.sowerbysholidaycottages.co.uk/norfolk-holiday-cottage-search/?start_date=&duration=&sleeps=&dogs=&property=&bedrooms=&bathrooms=&village=&new=yes","https://code.jquery.com/ui/1.13.1/themes/base/jquery-ui.css?ver=6.9.4","","","Protocol-Relative"
"CSS","https://www.sowerbysholidaycottages.co.uk/popular-norfolk-holiday-features/sea-views/","https://code.jquery.com/ui/1.13.1/themes/base/jquery-ui.css?ver=6.9.4","","","Protocol-Relative"
"CSS","https://www.sowerbysholidaycottages.co.uk/norfolk-holiday-cottage-search/?start_date=&duration=&sleeps=&dogs=&property=&action=quicksearch&bedrooms=&bathrooms=&village=&has_sea_view=yes","https://code.jquery.com/ui/1.13.1/themes/base/jquery-ui.css?ver=6.9.4","","","Protocol-Relative"
"CSS","https://www.sowerbysholidaycottages.co.uk/bespoke-management-service/","https://code.jquery.com/ui/1.13.1/themes/base/jquery-ui.css?ver=6.9.4","","","Protocol-Relative"
"CSS","https://www.sowerbysholidaycottages.co.uk/norfolk-holiday-cottages/washmeres/","https://code.jquery.com/ui/1.13.1/themes/base/jquery-ui.css?ver=6.9.4","","","Protocol-Relative"
"CSS","https://www.sowerbysholidaycottages.co.uk/popular-norfolk-holiday-features/electric-charging/","https://code.jquery.com/ui/1.13.1/themes/base/jquery-ui.css?ver=6.9.4","","","Protocol-Relative"
"CSS","https://www.sowerbysholidaycottages.co.uk/norfolk-holiday-locations/","https://code.jquery.com/ui/1.13.1/themes/base/jquery-ui.css?ver=6.9.4","","","Protocol-Relative"
"CSS","https://www.sowerbysholidaycottages.co.uk/about-sowerbys-holiday-cottages/meet-the-team/","https://code.jquery.com/ui/1.13.1/themes/base/jquery-ui.css?ver=6.9.4","","","Protocol-Relative"
"CSS","https://www.sowerbysholidaycottages.co.uk/popular-norfolk-holiday-features/romantic-break/","https://code.jquery.com/ui/1.13.1/themes/base/jquery-ui.css?ver=6.9.4","","","Protocol-Relative"
"CSS","https://www.sowerbysholidaycottages.co.uk/contact-sowerbys-holiday-cottages/","https://code.jquery.com/ui/1.13.1/themes/base/jquery-ui.css?ver=6.9.4","","","Protocol-Relative"
"CSS","https://www.sowerbysholidaycottages.co.uk/norfolk-holiday-cottages/little-barwick/","https://code.jquery.com/ui/1.13.1/themes/base/jquery-ui.css?ver=6.9.4","","","Protocol-Relative"
"CSS","https://www.sowerbysholidaycottages.co.uk/norfolk-holiday-cottage-search/?start_date=&duration=&sleeps=&dogs=&villageorproperty=&bedrooms=&bathrooms=&dogs_by_arrangement=yes&dogs_accepted=yes","https://code.jquery.com/ui/1.13.1/themes/base/jquery-ui.css?ver=6.9.4","","","Protocol-Relative"
"CSS","https://www.sowerbysholidaycottages.co.uk/norfolk-holiday-cottages/violet/","https://code.jquery.com/ui/1.13.1/themes/base/jquery-ui.css?ver=6.9.4","","","Protocol-Relative"
"CSS","https://www.sowerbysholidaycottages.co.uk/inspiration/blog/","https://code.jquery.com/ui/1.13.1/themes/base/jquery-ui.css?ver=6.9.4","","","Protocol-Relative"
"CSS","https://www.sowerbysholidaycottages.co.uk/inspiration/things-to-do-in-norfolk/","https://code.jquery.com/ui/1.13.1/themes/base/jquery-ui.css?ver=6.9.4","","","Protocol-Relative"
"CSS","https://www.sowerbysholidaycottages.co.uk/terms-and-conditions/","https://code.jquery.com/ui/1.13.1/themes/base/jquery-ui.css?ver=6.9.4","","","Protocol-Relative"
"CSS","https://www.sowerbysholidaycottages.co.uk/request-your-free-homeowners-guide/","https://code.jquery.com/ui/1.13.1/themes/base/jquery-ui.css?ver=6.9.4","","","Protocol-Relative"
"CSS","https://www.sowerbysholidaycottages.co.uk/about-sowerbys-holiday-cottages/","https://code.jquery.com/ui/1.13.1/themes/base/jquery-ui.css?ver=6.9.4","","","Protocol-Relative"
"CSS","https://www.sowerbysholidaycottages.co.uk/norfolk-holiday-cottages/beachside/","https://code.jquery.com/ui/1.13.1/themes/base/jquery-ui.css?ver=6.9.4","","","Protocol-Relative"
"CSS","https://www.sowerbysholidaycottages.co.uk/about-sowerbys-holiday-cottages/our-norfolk-estate-agents/","https://code.jquery.com/ui/1.13.1/themes/base/jquery-ui.css?ver=6.9.4","","","Protocol-Relative"
"CSS","https://www.sowerbysholidaycottages.co.uk/inspiration/norfolk-events/","https://code.jquery.com/ui/1.13.1/themes/base/jquery-ui.css?ver=6.9.4","","","Protocol-Relative"
"CSS","https://www.sowerbysholidaycottages.co.uk/seasonal-guide-request/","https://code.jquery.com/ui/1.13.1/themes/base/jquery-ui.css?ver=6.9.4","","","Protocol-Relative"
"CSS","https://www.sowerbysholidaycottages.co.uk/norfolk-holiday-cottage-search/alphabetical-list/","https://code.jquery.com/ui/1.13.1/themes/base/jquery-ui.css?ver=6.9.4","","","Protocol-Relative"
"CSS","https://www.sowerbysholidaycottages.co.uk/inspiration/seasonal-guides/","https://code.jquery.com/ui/1.13.1/themes/base/jquery-ui.css?ver=6.9.4","","","Protocol-Relative"
"CSS","https://www.sowerbysholidaycottages.co.uk/norfolk-holiday-cottage-search/?start_date=&duration=&sleeps=10&dogs=&property=&bedrooms=&bathrooms=&village=","https://code.jquery.com/ui/1.13.1/themes/base/jquery-ui.css?ver=6.9.4","","","Protocol-Relative"
"CSS","https://www.sowerbysholidaycottages.co.uk/holiday-cottage-owner-information/","https://code.jquery.com/ui/1.13.1/themes/base/jquery-ui.css?ver=6.9.4","","","Protocol-Relative"
"CSS","https://www.sowerbysholidaycottages.co.uk/popular-norfolk-holiday-features/dogs-accepted/","https://code.jquery.com/ui/1.13.1/themes/base/jquery-ui.css?ver=6.9.4","","","Protocol-Relative"
"CSS","https://www.sowerbysholidaycottages.co.uk/norfolk-holiday-cottages/aster-house/","https://code.jquery.com/ui/1.13.1/themes/base/jquery-ui.css?ver=6.9.4","","","Protocol-Relative"
"CSS","https://www.sowerbysholidaycottages.co.uk/norfolk-holiday-cottages/3-the-old-school/","https://code.jquery.com/ui/1.13.1/themes/base/jquery-ui.css?ver=6.9.4","","","Protocol-Relative"
"CSS","https://www.sowerbysholidaycottages.co.uk/norfolk-holiday-cottages/channel-view-and-cottage/","https://code.jquery.com/ui/1.13.1/themes/base/jquery-ui.css?ver=6.9.4","","","Protocol-Relative"
"CSS","https://www.sowerbysholidaycottages.co.uk/norfolk-holiday-cottages/3-marshland-barns/","https://code.jquery.com/ui/1.13.1/themes/base/jquery-ui.css?ver=6.9.4","","","Protocol-Relative"
"CSS","https://www.sowerbysholidaycottages.co.uk/norfolk-holiday-cottage-search/","https://code.jquery.com/ui/1.13.1/themes/base/jquery-ui.css?ver=6.9.4","","","Protocol-Relative"
"CSS","https://www.sowerbysholidaycottages.co.uk/norfolk-holiday-cottages/the-dairy-barn-2-bedrooms/","https://code.jquery.com/ui/1.13.1/themes/base/jquery-ui.css?ver=6.9.4","","","Protocol-Relative"
"CSS","https://www.sowerbysholidaycottages.co.uk/norfolk-holiday-cottages/pantiles/","https://code.jquery.com/ui/1.13.1/themes/base/jquery-ui.css?ver=6.9.4","","","Protocol-Relative"
"CSS","https://www.sowerbysholidaycottages.co.uk/norfolk-holiday-cottages/crowberry-barn/","https://code.jquery.com/ui/1.13.1/themes/base/jquery-ui.css?ver=6.9.4","","","Protocol-Relative"
"CSS","https://www.sowerbysholidaycottages.co.uk/norfolk-holiday-cottages/close-cottage/","https://code.jquery.com/ui/1.13.1/themes/base/jquery-ui.css?ver=6.9.4","","","Protocol-Relative"
"CSS","https://www.sowerbysholidaycottages.co.uk/norfolk-holiday-cottages/sunnyvale/","https://code.jquery.com/ui/1.13.1/themes/base/jquery-ui.css?ver=6.9.4","","","Protocol-Relative"
"CSS","https://www.sowerbysholidaycottages.co.uk/norfolk-holiday-cottages/nelson-cottage/","https://code.jquery.com/ui/1.13.1/themes/base/jquery-ui.css?ver=6.9.4","","","Protocol-Relative"
"CSS","https://www.sowerbysholidaycottages.co.uk/norfolk-holiday-cottages/sybil-cottage/","https://code.jquery.com/ui/1.13.1/themes/base/jquery-ui.css?ver=6.9.4","","","Protocol-Relative"
"CSS","https://www.sowerbysholidaycottages.co.uk/norfolk-holiday-cottages/the-old-forge/","https://code.jquery.com/ui/1.13.1/themes/base/jquery-ui.css?ver=6.9.4","","","Protocol-Relative"
"CSS","https://www.sowerbysholidaycottages.co.uk/norfolk-holiday-cottages/slumber-barn-5-bedrooms/","https://code.jquery.com/ui/1.13.1/themes/base/jquery-ui.css?ver=6.9.4","","","Protocol-Relative"
"CSS","https://www.sowerbysholidaycottages.co.uk/norfolk-holiday-cottages/flagstaff-cottage/","https://code.jquery.com/ui/1.13.1/themes/base/jquery-ui.css?ver=6.9.4","","","Protocol-Relative"
"CSS","https://www.sowerbysholidaycottages.co.uk/norfolk-holiday-cottages/the-old-post-office/","https://code.jquery.com/ui/1.13.1/themes/base/jquery-ui.css?ver=6.9.4","","","Protocol-Relative"
"CSS","https://www.sowerbysholidaycottages.co.uk/norfolk-holiday-cottages/the-dairy-barn/","https://code.jquery.com/ui/1.13.1/themes/base/jquery-ui.css?ver=6.9.4","","","Protocol-Relative"
"CSS","https://www.sowerbysholidaycottages.co.uk/norfolk-holiday-cottages/oak-tree-cottage/","https://code.jquery.com/ui/1.13.1/themes/base/jquery-ui.css?ver=6.9.4","","","Protocol-Relative"
"CSS","https://www.sowerbysholidaycottages.co.uk/norfolk-holiday-cottages/1-king-william-cottage/","https://code.jquery.com/ui/1.13.1/themes/base/jquery-ui.css?ver=6.9.4","","","Protocol-Relative"
"CSS","https://www.sowerbysholidaycottages.co.uk/norfolk-holiday-cottages/flagstaff-boathouse/","https://code.jquery.com/ui/1.13.1/themes/base/jquery-ui.css?ver=6.9.4","","","Protocol-Relative"
"CSS","https://www.sowerbysholidaycottages.co.uk/norfolk-holiday-cottages/1-crarves/","https://code.jquery.com/ui/1.13.1/themes/base/jquery-ui.css?ver=6.9.4","","","Protocol-Relative"
"CSS","https://www.sowerbysholidaycottages.co.uk/map-search/?start_date=&duration=&sleeps=&dogs=&village=&bedrooms=&bathrooms=&property=&special_offer=yes","https://code.jquery.com/ui/1.13.1/themes/base/jquery-ui.css?ver=6.9.4","","","Protocol-Relative"
"CSS","https://www.sowerbysholidaycottages.co.uk/norfolk-holiday-cottages/the-paddock/","https://code.jquery.com/ui/1.13.1/themes/base/jquery-ui.css?ver=6.9.4","","","Protocol-Relative"
"CSS","https://www.sowerbysholidaycottages.co.uk/norfolk-holiday-cottages/beehive-cottage/","https://code.jquery.com/ui/1.13.1/themes/base/jquery-ui.css?ver=6.9.4","","","Protocol-Relative"
"CSS","https://www.sowerbysholidaycottages.co.uk/norfolk-holiday-cottages/eider-cottage/","https://code.jquery.com/ui/1.13.1/themes/base/jquery-ui.css?ver=6.9.4","","","Protocol-Relative"
"CSS","https://www.sowerbysholidaycottages.co.uk/norfolk-holiday-cottages/mandalay/","https://code.jquery.com/ui/1.13.1/themes/base/jquery-ui.css?ver=6.9.4","","","Protocol-Relative"
"CSS","https://www.sowerbysholidaycottages.co.uk/norfolk-holiday-cottages/eton-house/","https://code.jquery.com/ui/1.13.1/themes/base/jquery-ui.css?ver=6.9.4","","","Protocol-Relative"
"CSS","https://www.sowerbysholidaycottages.co.uk/norfolk-holiday-cottages/michaelmas/","https://code.jquery.com/ui/1.13.1/themes/base/jquery-ui.css?ver=6.9.4","","","Protocol-Relative"
"CSS","https://www.sowerbysholidaycottages.co.uk/norfolk-holiday-cottages/flagstaff-east/","https://code.jquery.com/ui/1.13.1/themes/base/jquery-ui.css?ver=6.9.4","","","Protocol-Relative"
"CSS","https://www.sowerbysholidaycottages.co.uk/norfolk-holiday-cottages/mill-view/","https://code.jquery.com/ui/1.13.1/themes/base/jquery-ui.css?ver=6.9.4","","","Protocol-Relative"
"CSS","https://www.sowerbysholidaycottages.co.uk/norfolk-holiday-cottages/3-marshland-barns-2-bedrooms/","https://code.jquery.com/ui/1.13.1/themes/base/jquery-ui.css?ver=6.9.4","","","Protocol-Relative"
"CSS","https://www.sowerbysholidaycottages.co.uk/norfolk-holiday-cottages/2-railway-cottages/","https://code.jquery.com/ui/1.13.1/themes/base/jquery-ui.css?ver=6.9.4","","","Protocol-Relative"
"CSS","https://www.sowerbysholidaycottages.co.uk/norfolk-holiday-cottages/channel-cottage/","https://code.jquery.com/ui/1.13.1/themes/base/jquery-ui.css?ver=6.9.4","","","Protocol-Relative"
"CSS","https://www.sowerbysholidaycottages.co.uk/norfolk-holiday-cottages/western-cottage/","https://code.jquery.com/ui/1.13.1/themes/base/jquery-ui.css?ver=6.9.4","","","Protocol-Relative"
"CSS","https://www.sowerbysholidaycottages.co.uk/norfolk-holiday-cottages/hill-top-docking/","https://code.jquery.com/ui/1.13.1/themes/base/jquery-ui.css?ver=6.9.4","","","Protocol-Relative"
"CSS","https://www.sowerbysholidaycottages.co.uk/norfolk-holiday-cottages/eider-cottage-2-bedrooms/","https://code.jquery.com/ui/1.13.1/themes/base/jquery-ui.css?ver=6.9.4","","","Protocol-Relative"
"CSS","https://www.sowerbysholidaycottages.co.uk/norfolk-holiday-cottages/the-loft/","https://code.jquery.com/ui/1.13.1/themes/base/jquery-ui.css?ver=6.9.4","","","Protocol-Relative"
"CSS","https://www.sowerbysholidaycottages.co.uk/norfolk-holiday-cottages/4-hare-cottage/","https://code.jquery.com/ui/1.13.1/themes/base/jquery-ui.css?ver=6.9.4","","","Protocol-Relative"
"CSS","https://www.sowerbysholidaycottages.co.uk/norfolk-holiday-cottages/bridge-farm-barn/","https://code.jquery.com/ui/1.13.1/themes/base/jquery-ui.css?ver=6.9.4","","","Protocol-Relative"
"CSS","https://www.sowerbysholidaycottages.co.uk/norfolk-holiday-cottages/channel-view/","https://code.jquery.com/ui/1.13.1/themes/base/jquery-ui.css?ver=6.9.4","","","Protocol-Relative"
"CSS","https://www.sowerbysholidaycottages.co.uk/norfolk-holiday-cottages/the-dairy-barn-3-bedrooms/","https://code.jquery.com/ui/1.13.1/themes/base/jquery-ui.css?ver=6.9.4","","","Protocol-Relative"
"CSS","https://www.sowerbysholidaycottages.co.uk/norfolk-holiday-cottages/flagstaff-west/","https://code.jquery.com/ui/1.13.1/themes/base/jquery-ui.css?ver=6.9.4","","","Protocol-Relative"
"CSS","https://www.sowerbysholidaycottages.co.uk/norfolk-holiday-cottages/flagstaff-garden-house/","https://code.jquery.com/ui/1.13.1/themes/base/jquery-ui.css?ver=6.9.4","","","Protocol-Relative"
"CSS","https://www.sowerbysholidaycottages.co.uk/norfolk-holiday-cottages/eton-house-2-bedrooms/","https://code.jquery.com/ui/1.13.1/themes/base/jquery-ui.css?ver=6.9.4","","","Protocol-Relative"
"CSS","https://www.sowerbysholidaycottages.co.uk/popular-norfolk-holiday-villages/harpley/","https://code.jquery.com/ui/1.13.1/themes/base/jquery-ui.css?ver=6.9.4","","","Protocol-Relative"
"CSS","https://www.sowerbysholidaycottages.co.uk/norfolk-holiday-cottages/avocet-cottage/","https://code.jquery.com/ui/1.13.1/themes/base/jquery-ui.css?ver=6.9.4","","","Protocol-Relative"
"CSS","https://www.sowerbysholidaycottages.co.uk/popular-norfolk-holiday-villages/egmere/","https://code.jquery.com/ui/1.13.1/themes/base/jquery-ui.css?ver=6.9.4","","","Protocol-Relative"
"CSS","https://www.sowerbysholidaycottages.co.uk/popular-norfolk-holiday-villages/north-creake/","https://code.jquery.com/ui/1.13.1/themes/base/jquery-ui.css?ver=6.9.4","","","Protocol-Relative"
"CSS","https://www.sowerbysholidaycottages.co.uk/popular-norfolk-holiday-villages/sedgeford/","https://code.jquery.com/ui/1.13.1/themes/base/jquery-ui.css?ver=6.9.4","","","Protocol-Relative"
"CSS","https://www.sowerbysholidaycottages.co.uk/popular-norfolk-holiday-villages/wighton/","https://code.jquery.com/ui/1.13.1/themes/base/jquery-ui.css?ver=6.9.4","","","Protocol-Relative"
"CSS","https://www.sowerbysholidaycottages.co.uk/popular-norfolk-holiday-villages/burnham-market/","https://code.jquery.com/ui/1.13.1/themes/base/jquery-ui.css?ver=6.9.4","","","Protocol-Relative"
"CSS","https://www.sowerbysholidaycottages.co.uk/popular-norfolk-holiday-villages/walsingham/","https://code.jquery.com/ui/1.13.1/themes/base/jquery-ui.css?ver=6.9.4","","","Protocol-Relative"
"CSS","https://www.sowerbysholidaycottages.co.uk/popular-norfolk-holiday-villages/burnham-overy-town/","https://code.jquery.com/ui/1.13.1/themes/base/jquery-ui.css?ver=6.9.4","","","Protocol-Relative"
"CSS","https://www.sowerbysholidaycottages.co.uk/popular-norfolk-holiday-villages/burnham-overy-staithe/","https://code.jquery.com/ui/1.13.1/themes/base/jquery-ui.css?ver=6.9.4","","","Protocol-Relative"
"CSS","https://www.sowerbysholidaycottages.co.uk/popular-norfolk-holiday-villages/heacham/","https://code.jquery.com/ui/1.13.1/themes/base/jquery-ui.css?ver=6.9.4","","","Protocol-Relative"
"CSS","https://www.sowerbysholidaycottages.co.uk/popular-norfolk-holiday-villages/ringstead/","https://code.jquery.com/ui/1.13.1/themes/base/jquery-ui.css?ver=6.9.4","","","Protocol-Relative"
"CSS","https://www.sowerbysholidaycottages.co.uk/popular-norfolk-holiday-villages/great-snoring/","https://code.jquery.com/ui/1.13.1/themes/base/jquery-ui.css?ver=6.9.4","","","Protocol-Relative"
"CSS","https://www.sowerbysholidaycottages.co.uk/popular-norfolk-holiday-villages/hunstanton/","https://code.jquery.com/ui/1.13.1/themes/base/jquery-ui.css?ver=6.9.4","","","Protocol-Relative"
"CSS","https://www.sowerbysholidaycottages.co.uk/popular-norfolk-holiday-villages/brancaster/","https://code.jquery.com/ui/1.13.1/themes/base/jquery-ui.css?ver=6.9.4","","","Protocol-Relative"
"CSS","https://www.sowerbysholidaycottages.co.uk/popular-norfolk-holiday-villages/brancaster-staithe/","https://code.jquery.com/ui/1.13.1/themes/base/jquery-ui.css?ver=6.9.4","","","Protocol-Relative"
"CSS","https://www.sowerbysholidaycottages.co.uk/popular-norfolk-holiday-villages/old-hunstanton/","https://code.jquery.com/ui/1.13.1/themes/base/jquery-ui.css?ver=6.9.4","","","Protocol-Relative"
"CSS","https://www.sowerbysholidaycottages.co.uk/popular-norfolk-holiday-villages/thornham/","https://code.jquery.com/ui/1.13.1/themes/base/jquery-ui.css?ver=6.9.4","","","Protocol-Relative"
"CSS","https://www.sowerbysholidaycottages.co.uk/popular-norfolk-holiday-villages/burnham-deepdale/","https://code.jquery.com/ui/1.13.1/themes/base/jquery-ui.css?ver=6.9.4","","","Protocol-Relative"
"CSS","https://www.sowerbysholidaycottages.co.uk/popular-norfolk-holiday-villages/blakeney/","https://code.jquery.com/ui/1.13.1/themes/base/jquery-ui.css?ver=6.9.4","","","Protocol-Relative"
"CSS","https://www.sowerbysholidaycottages.co.uk/popular-norfolk-holiday-villages/wells-next-the-sea/","https://code.jquery.com/ui/1.13.1/themes/base/jquery-ui.css?ver=6.9.4","","","Protocol-Relative"
"CSS","https://www.sowerbysholidaycottages.co.uk/popular-norfolk-holiday-villages/warham/","https://code.jquery.com/ui/1.13.1/themes/base/jquery-ui.css?ver=6.9.4","","","Protocol-Relative"
"CSS","https://www.sowerbysholidaycottages.co.uk/popular-norfolk-holiday-villages/titchwell/","https://code.jquery.com/ui/1.13.1/themes/base/jquery-ui.css?ver=6.9.4","","","Protocol-Relative"
"CSS","https://www.sowerbysholidaycottages.co.uk/popular-norfolk-holiday-villages/burnham-norton/","https://code.jquery.com/ui/1.13.1/themes/base/jquery-ui.css?ver=6.9.4","","","Protocol-Relative"
"CSS","https://www.sowerbysholidaycottages.co.uk/popular-norfolk-holiday-villages/houghton-estate/","https://code.jquery.com/ui/1.13.1/themes/base/jquery-ui.css?ver=6.9.4","","","Protocol-Relative"
"CSS","https://www.sowerbysholidaycottages.co.uk/popular-norfolk-holiday-villages/stanhoe/","https://code.jquery.com/ui/1.13.1/themes/base/jquery-ui.css?ver=6.9.4","","","Protocol-Relative"
"CSS","https://www.sowerbysholidaycottages.co.uk/popular-norfolk-holiday-villages/holme-next-the-sea/","https://code.jquery.com/ui/1.13.1/themes/base/jquery-ui.css?ver=6.9.4","","","Protocol-Relative"
"CSS","https://www.sowerbysholidaycottages.co.uk/popular-norfolk-holiday-villages/docking/","https://code.jquery.com/ui/1.13.1/themes/base/jquery-ui.css?ver=6.9.4","","","Protocol-Relative"
"CSS","https://www.sowerbysholidaycottages.co.uk/popular-norfolk-holiday-villages/fring/","https://code.jquery.com/ui/1.13.1/themes/base/jquery-ui.css?ver=6.9.4","","","Protocol-Relative"
"CSS","https://www.sowerbysholidaycottages.co.uk/popular-norfolk-holiday-villages/stiffkey/","https://code.jquery.com/ui/1.13.1/themes/base/jquery-ui.css?ver=6.9.4","","","Protocol-Relative"
"CSS","https://www.sowerbysholidaycottages.co.uk/popular-norfolk-holiday-villages/binham/","https://code.jquery.com/ui/1.13.1/themes/base/jquery-ui.css?ver=6.9.4","","","Protocol-Relative"
"CSS","https://www.sowerbysholidaycottages.co.uk/popular-norfolk-holiday-villages/south-creake/","https://code.jquery.com/ui/1.13.1/themes/base/jquery-ui.css?ver=6.9.4","","","Protocol-Relative"
"CSS","https://www.sowerbysholidaycottages.co.uk/norfolk-holiday-cottages/high-barn/","https://code.jquery.com/ui/1.13.1/themes/base/jquery-ui.css?ver=6.9.4","","","Protocol-Relative"
"CSS","https://www.sowerbysholidaycottages.co.uk/norfolk-holiday-cottages/sanderling/","https://code.jquery.com/ui/1.13.1/themes/base/jquery-ui.css?ver=6.9.4","","","Protocol-Relative"
"CSS","https://www.sowerbysholidaycottages.co.uk/norfolk-holiday-cottages/the-gables/","https://code.jquery.com/ui/1.13.1/themes/base/jquery-ui.css?ver=6.9.4","","","Protocol-Relative"
"CSS","https://www.sowerbysholidaycottages.co.uk/norfolk-holiday-cottages/orchard-house-3-bedrooms/","https://code.jquery.com/ui/1.13.1/themes/base/jquery-ui.css?ver=6.9.4","","","Protocol-Relative"
"CSS","https://www.sowerbysholidaycottages.co.uk/norfolk-holiday-cottages/heron-cottage/","https://code.jquery.com/ui/1.13.1/themes/base/jquery-ui.css?ver=6.9.4","","","Protocol-Relative"
"CSS","https://www.sowerbysholidaycottages.co.uk/norfolk-holiday-cottages/washington-beach-house/","https://code.jquery.com/ui/1.13.1/themes/base/jquery-ui.css?ver=6.9.4","","","Protocol-Relative"
"CSS","https://www.sowerbysholidaycottages.co.uk/norfolk-holiday-cottages/sea-lavender-house/","https://code.jquery.com/ui/1.13.1/themes/base/jquery-ui.css?ver=6.9.4","","","Protocol-Relative"
"CSS","https://www.sowerbysholidaycottages.co.uk/norfolk-holiday-cottages/old-mill-cottage/","https://code.jquery.com/ui/1.13.1/themes/base/jquery-ui.css?ver=6.9.4","","","Protocol-Relative"
"CSS","https://www.sowerbysholidaycottages.co.uk/norfolk-holiday-cottages/marshview-cottage/","https://code.jquery.com/ui/1.13.1/themes/base/jquery-ui.css?ver=6.9.4","","","Protocol-Relative"
"CSS","https://www.sowerbysholidaycottages.co.uk/norfolk-holiday-cottages/cherry-house/","https://code.jquery.com/ui/1.13.1/themes/base/jquery-ui.css?ver=6.9.4","","","Protocol-Relative"
"CSS","https://www.sowerbysholidaycottages.co.uk/norfolk-holiday-cottages/washington-beach-house-with-lodge/","https://code.jquery.com/ui/1.13.1/themes/base/jquery-ui.css?ver=6.9.4","","","Protocol-Relative"
"CSS","https://www.sowerbysholidaycottages.co.uk/norfolk-holiday-cottages/the-meadows/","https://code.jquery.com/ui/1.13.1/themes/base/jquery-ui.css?ver=6.9.4","","","Protocol-Relative"
"CSS","https://www.sowerbysholidaycottages.co.uk/norfolk-holiday-cottages/hillcrest-barn/","https://code.jquery.com/ui/1.13.1/themes/base/jquery-ui.css?ver=6.9.4","","","Protocol-Relative"
"CSS","https://www.sowerbysholidaycottages.co.uk/norfolk-holiday-cottages/the-cartshed-6-marshland-barns/","https://code.jquery.com/ui/1.13.1/themes/base/jquery-ui.css?ver=6.9.4","","","Protocol-Relative"
"CSS","https://www.sowerbysholidaycottages.co.uk/norfolk-holiday-cottages/old-mill-and-cottage/","https://code.jquery.com/ui/1.13.1/themes/base/jquery-ui.css?ver=6.9.4","","","Protocol-Relative"
"CSS","https://www.sowerbysholidaycottages.co.uk/norfolk-holiday-cottages/burnham-loft/","https://code.jquery.com/ui/1.13.1/themes/base/jquery-ui.css?ver=6.9.4","","","Protocol-Relative"
"CSS","https://www.sowerbysholidaycottages.co.uk/norfolk-holiday-cottages/violets-cottage/","https://code.jquery.com/ui/1.13.1/themes/base/jquery-ui.css?ver=6.9.4","","","Protocol-Relative"
"CSS","https://www.sowerbysholidaycottages.co.uk/norfolk-holiday-cottages/easterly/","https://code.jquery.com/ui/1.13.1/themes/base/jquery-ui.css?ver=6.9.4","","","Protocol-Relative"
"CSS","https://www.sowerbysholidaycottages.co.uk/norfolk-holiday-cottages/fayette/","https://code.jquery.com/ui/1.13.1/themes/base/jquery-ui.css?ver=6.9.4","","","Protocol-Relative"
"CSS","https://www.sowerbysholidaycottages.co.uk/norfolk-holiday-cottages/1-manor-farm-barns/","https://code.jquery.com/ui/1.13.1/themes/base/jquery-ui.css?ver=6.9.4","","","Protocol-Relative"
"CSS","https://www.sowerbysholidaycottages.co.uk/norfolk-holiday-cottages/school-pastures-2-bedrooms/","https://code.jquery.com/ui/1.13.1/themes/base/jquery-ui.css?ver=6.9.4","","","Protocol-Relative"
"CSS","https://www.sowerbysholidaycottages.co.uk/norfolk-holiday-cottages/lark-house/","https://code.jquery.com/ui/1.13.1/themes/base/jquery-ui.css?ver=6.9.4","","","Protocol-Relative"
"CSS","https://www.sowerbysholidaycottages.co.uk/norfolk-holiday-cottages/washmeres-2-bedrooms/","https://code.jquery.com/ui/1.13.1/themes/base/jquery-ui.css?ver=6.9.4","","","Protocol-Relative"
"CSS","https://www.sowerbysholidaycottages.co.uk/norfolk-holiday-cottages/mallards/","https://code.jquery.com/ui/1.13.1/themes/base/jquery-ui.css?ver=6.9.4","","","Protocol-Relative"
"CSS","https://www.sowerbysholidaycottages.co.uk/norfolk-holiday-cottages/1-manor-farm-barns-3-bedrooms/","https://code.jquery.com/ui/1.13.1/themes/base/jquery-ui.css?ver=6.9.4","","","Protocol-Relative"
"CSS","https://www.sowerbysholidaycottages.co.uk/norfolk-holiday-cottages/tarnside/","https://code.jquery.com/ui/1.13.1/themes/base/jquery-ui.css?ver=6.9.4","","","Protocol-Relative"
"CSS","https://www.sowerbysholidaycottages.co.uk/norfolk-holiday-cottages/aspall-escape/","https://code.jquery.com/ui/1.13.1/themes/base/jquery-ui.css?ver=6.9.4","","","Protocol-Relative"
"CSS","https://www.sowerbysholidaycottages.co.uk/norfolk-holiday-cottages/hope-cottage/","https://code.jquery.com/ui/1.13.1/themes/base/jquery-ui.css?ver=6.9.4","","","Protocol-Relative"
"CSS","https://www.sowerbysholidaycottages.co.uk/norfolk-holiday-cottages/old-mill/","https://code.jquery.com/ui/1.13.1/themes/base/jquery-ui.css?ver=6.9.4","","","Protocol-Relative"
"CSS","https://www.sowerbysholidaycottages.co.uk/norfolk-holiday-cottages/scotts-cottage-4-bedrooms/","https://code.jquery.com/ui/1.13.1/themes/base/jquery-ui.css?ver=6.9.4","","","Protocol-Relative"
"CSS","https://www.sowerbysholidaycottages.co.uk/norfolk-holiday-cottages/amber-cottage/","https://code.jquery.com/ui/1.13.1/themes/base/jquery-ui.css?ver=6.9.4","","","Protocol-Relative"
"CSS","https://www.sowerbysholidaycottages.co.uk/norfolk-holiday-cottages/mallards-2-bedrooms/","https://code.jquery.com/ui/1.13.1/themes/base/jquery-ui.css?ver=6.9.4","","","Protocol-Relative"
"CSS","https://www.sowerbysholidaycottages.co.uk/norfolk-holiday-cottages/cockleshed-house/","https://code.jquery.com/ui/1.13.1/themes/base/jquery-ui.css?ver=6.9.4","","","Protocol-Relative"
"CSS","https://www.sowerbysholidaycottages.co.uk/norfolk-holiday-cottages/salt-marsh/","https://code.jquery.com/ui/1.13.1/themes/base/jquery-ui.css?ver=6.9.4","","","Protocol-Relative"
"CSS","https://www.sowerbysholidaycottages.co.uk/norfolk-holiday-cottages/louisa-barn/","https://code.jquery.com/ui/1.13.1/themes/base/jquery-ui.css?ver=6.9.4","","","Protocol-Relative"
"CSS","https://www.sowerbysholidaycottages.co.uk/norfolk-holiday-cottages/olives-cottage/","https://code.jquery.com/ui/1.13.1/themes/base/jquery-ui.css?ver=6.9.4","","","Protocol-Relative"
"CSS","https://www.sowerbysholidaycottages.co.uk/norfolk-holiday-cottages/the-cartshed-6-marshland-barns-2-bedrooms/","https://code.jquery.com/ui/1.13.1/themes/base/jquery-ui.css?ver=6.9.4","","","Protocol-Relative"
"CSS","https://www.sowerbysholidaycottages.co.uk/norfolk-holiday-cottages/basils-barn/","https://code.jquery.com/ui/1.13.1/themes/base/jquery-ui.css?ver=6.9.4","","","Protocol-Relative"
"CSS","https://www.sowerbysholidaycottages.co.uk/norfolk-holiday-cottages/school-pastures-6-bedrooms/","https://code.jquery.com/ui/1.13.1/themes/base/jquery-ui.css?ver=6.9.4","","","Protocol-Relative"
"CSS","https://www.sowerbysholidaycottages.co.uk/norfolk-holiday-cottages/bell-view-cottage/","https://code.jquery.com/ui/1.13.1/themes/base/jquery-ui.css?ver=6.9.4","","","Protocol-Relative"
"CSS","https://www.sowerbysholidaycottages.co.uk/norfolk-holiday-cottages/greystones/","https://code.jquery.com/ui/1.13.1/themes/base/jquery-ui.css?ver=6.9.4","","","Protocol-Relative"
"CSS","https://www.sowerbysholidaycottages.co.uk/norfolk-holiday-cottages/1-manor-farm-barns-2-bedrooms/","https://code.jquery.com/ui/1.13.1/themes/base/jquery-ui.css?ver=6.9.4","","","Protocol-Relative"
"CSS","https://www.sowerbysholidaycottages.co.uk/norfolk-holiday-cottages/orchard-house-5-bedrooms/","https://code.jquery.com/ui/1.13.1/themes/base/jquery-ui.css?ver=6.9.4","","","Protocol-Relative"
"CSS","https://www.sowerbysholidaycottages.co.uk/norfolk-holiday-cottages/the-old-smithy/","https://code.jquery.com/ui/1.13.1/themes/base/jquery-ui.css?ver=6.9.4","","","Protocol-Relative"
"CSS","https://www.sowerbysholidaycottages.co.uk/norfolk-holiday-cottages/the-lamp-house/","https://code.jquery.com/ui/1.13.1/themes/base/jquery-ui.css?ver=6.9.4","","","Protocol-Relative"
"CSS","https://www.sowerbysholidaycottages.co.uk/norfolk-holiday-cottages/beacon-hill-barn/","https://code.jquery.com/ui/1.13.1/themes/base/jquery-ui.css?ver=6.9.4","","","Protocol-Relative"
"CSS","https://www.sowerbysholidaycottages.co.uk/norfolk-holiday-cottages/seaborne-penthouse/","https://code.jquery.com/ui/1.13.1/themes/base/jquery-ui.css?ver=6.9.4","","","Protocol-Relative"
"CSS","https://www.sowerbysholidaycottages.co.uk/norfolk-holiday-cottages/oystercatchers/","https://code.jquery.com/ui/1.13.1/themes/base/jquery-ui.css?ver=6.9.4","","","Protocol-Relative"
"CSS","https://www.sowerbysholidaycottages.co.uk/norfolk-holiday-cottages/the-saltings/","https://code.jquery.com/ui/1.13.1/themes/base/jquery-ui.css?ver=6.9.4","","","Protocol-Relative"
"CSS","https://www.sowerbysholidaycottages.co.uk/norfolk-holiday-cottages/sail-away/","https://code.jquery.com/ui/1.13.1/themes/base/jquery-ui.css?ver=6.9.4","","","Protocol-Relative"
"CSS","https://www.sowerbysholidaycottages.co.uk/norfolk-holiday-cottages/peewits-penthouse/","https://code.jquery.com/ui/1.13.1/themes/base/jquery-ui.css?ver=6.9.4","","","Protocol-Relative"
"CSS","https://www.sowerbysholidaycottages.co.uk/norfolk-holiday-cottages/heronsway/","https://code.jquery.com/ui/1.13.1/themes/base/jquery-ui.css?ver=6.9.4","","","Protocol-Relative"
"CSS","https://www.sowerbysholidaycottages.co.uk/norfolk-holiday-cottages/slumber-barn-3-bedrooms/","https://code.jquery.com/ui/1.13.1/themes/base/jquery-ui.css?ver=6.9.4","","","Protocol-Relative"
"CSS","https://www.sowerbysholidaycottages.co.uk/norfolk-holiday-cottages/blackbird-barn/","https://code.jquery.com/ui/1.13.1/themes/base/jquery-ui.css?ver=6.9.4","","","Protocol-Relative"
"CSS","https://www.sowerbysholidaycottages.co.uk/norfolk-holiday-cottages/driftwood/","https://code.jquery.com/ui/1.13.1/themes/base/jquery-ui.css?ver=6.9.4","","","Protocol-Relative"
"CSS","https://www.sowerbysholidaycottages.co.uk/norfolk-holiday-cottages/scotts-cottage-6-bedrooms/","https://code.jquery.com/ui/1.13.1/themes/base/jquery-ui.css?ver=6.9.4","","","Protocol-Relative"
"CSS","https://www.sowerbysholidaycottages.co.uk/norfolk-holiday-cottages/cobblestone-cottage/","https://code.jquery.com/ui/1.13.1/themes/base/jquery-ui.css?ver=6.9.4","","","Protocol-Relative"
"CSS","https://www.sowerbysholidaycottages.co.uk/norfolk-holiday-cottages/allerdale-house/","https://code.jquery.com/ui/1.13.1/themes/base/jquery-ui.css?ver=6.9.4","","","Protocol-Relative"
"CSS","https://www.sowerbysholidaycottages.co.uk/norfolk-holiday-cottages/school-pastures-4-bedrooms/","https://code.jquery.com/ui/1.13.1/themes/base/jquery-ui.css?ver=6.9.4","","","Protocol-Relative"
"CSS","https://www.sowerbysholidaycottages.co.uk/norfolk-holiday-cottages/spring-cottage/","https://code.jquery.com/ui/1.13.1/themes/base/jquery-ui.css?ver=6.9.4","","","Protocol-Relative"
"CSS","https://www.sowerbysholidaycottages.co.uk/norfolk-holiday-cottages/stearmans-cottage/","https://code.jquery.com/ui/1.13.1/themes/base/jquery-ui.css?ver=6.9.4","","","Protocol-Relative"
"CSS","https://www.sowerbysholidaycottages.co.uk/norfolk-holiday-cottages/tides/","https://code.jquery.com/ui/1.13.1/themes/base/jquery-ui.css?ver=6.9.4","","","Protocol-Relative"
"CSS","https://www.sowerbysholidaycottages.co.uk/norfolk-holiday-cottages/chase-cottage-2-bedrooms/","https://code.jquery.com/ui/1.13.1/themes/base/jquery-ui.css?ver=6.9.4","","","Protocol-Relative"
"CSS","https://www.sowerbysholidaycottages.co.uk/norfolk-holiday-cottages/market-lane-house-3-bedrooms/","https://code.jquery.com/ui/1.13.1/themes/base/jquery-ui.css?ver=6.9.4","","","Protocol-Relative"
"CSS","https://www.sowerbysholidaycottages.co.uk/norfolk-holiday-cottages/chapel-cottages-godwit/","https://code.jquery.com/ui/1.13.1/themes/base/jquery-ui.css?ver=6.9.4","","","Protocol-Relative"
"CSS","https://www.sowerbysholidaycottages.co.uk/norfolk-holiday-cottages/badgets-2-bedrooms/","https://code.jquery.com/ui/1.13.1/themes/base/jquery-ui.css?ver=6.9.4","","","Protocol-Relative"
"CSS","https://www.sowerbysholidaycottages.co.uk/norfolk-holiday-cottages/the-pilchard/","https://code.jquery.com/ui/1.13.1/themes/base/jquery-ui.css?ver=6.9.4","","","Protocol-Relative"
"CSS","https://www.sowerbysholidaycottages.co.uk/map-search/?start_date=&duration=&sleeps=&dogs=&property=&bedrooms=&bathrooms=&village=&new=yes","https://code.jquery.com/ui/1.13.1/themes/base/jquery-ui.css?ver=6.9.4","","","Protocol-Relative"
"CSS","https://www.sowerbysholidaycottages.co.uk/norfolk-holiday-cottages/6-monteagle/","https://code.jquery.com/ui/1.13.1/themes/base/jquery-ui.css?ver=6.9.4","","","Protocol-Relative"
"CSS","https://www.sowerbysholidaycottages.co.uk/norfolk-holiday-cottages/badgets-3-bedrooms/","https://code.jquery.com/ui/1.13.1/themes/base/jquery-ui.css?ver=6.9.4","","","Protocol-Relative"
"CSS","https://www.sowerbysholidaycottages.co.uk/norfolk-holiday-cottages/chapel-cottages-bittern/","https://code.jquery.com/ui/1.13.1/themes/base/jquery-ui.css?ver=6.9.4","","","Protocol-Relative"
"CSS","https://www.sowerbysholidaycottages.co.uk/norfolk-holiday-cottages/boathouse-bliss/","https://code.jquery.com/ui/1.13.1/themes/base/jquery-ui.css?ver=6.9.4","","","Protocol-Relative"
"CSS","https://www.sowerbysholidaycottages.co.uk/norfolk-holiday-cottages/chapel-cottages-avocet/","https://code.jquery.com/ui/1.13.1/themes/base/jquery-ui.css?ver=6.9.4","","","Protocol-Relative"
"CSS","https://www.sowerbysholidaycottages.co.uk/norfolk-holiday-cottages/harts-house/","https://code.jquery.com/ui/1.13.1/themes/base/jquery-ui.css?ver=6.9.4","","","Protocol-Relative"
"CSS","https://www.sowerbysholidaycottages.co.uk/norfolk-holiday-cottages/sea-wood/","https://code.jquery.com/ui/1.13.1/themes/base/jquery-ui.css?ver=6.9.4","","","Protocol-Relative"
"CSS","https://www.sowerbysholidaycottages.co.uk/norfolk-holiday-cottages/chase-cottage/","https://code.jquery.com/ui/1.13.1/themes/base/jquery-ui.css?ver=6.9.4","","","Protocol-Relative"
"CSS","https://www.sowerbysholidaycottages.co.uk/norfolk-holiday-cottages/east-fleet/","https://code.jquery.com/ui/1.13.1/themes/base/jquery-ui.css?ver=6.9.4","","","Protocol-Relative"
"CSS","https://www.sowerbysholidaycottages.co.uk/norfolk-holiday-cottages/1-knights-cottages/","https://code.jquery.com/ui/1.13.1/themes/base/jquery-ui.css?ver=6.9.4","","","Protocol-Relative"
"CSS","https://www.sowerbysholidaycottages.co.uk/norfolk-holiday-cottages/gillies/","https://code.jquery.com/ui/1.13.1/themes/base/jquery-ui.css?ver=6.9.4","","","Protocol-Relative"
"CSS","https://www.sowerbysholidaycottages.co.uk/norfolk-holiday-cottages/neptune/","https://code.jquery.com/ui/1.13.1/themes/base/jquery-ui.css?ver=6.9.4","","","Protocol-Relative"
"CSS","https://www.sowerbysholidaycottages.co.uk/norfolk-holiday-cottages/island-house/","https://code.jquery.com/ui/1.13.1/themes/base/jquery-ui.css?ver=6.9.4","","","Protocol-Relative"
"CSS","https://www.sowerbysholidaycottages.co.uk/norfolk-holiday-cottages/sea-wood-3-bedrooms/","https://code.jquery.com/ui/1.13.1/themes/base/jquery-ui.css?ver=6.9.4","","","Protocol-Relative"
"CSS","https://www.sowerbysholidaycottages.co.uk/norfolk-holiday-cottages/harbour-view/","https://code.jquery.com/ui/1.13.1/themes/base/jquery-ui.css?ver=6.9.4","","","Protocol-Relative"
"CSS","https://www.sowerbysholidaycottages.co.uk/norfolk-holiday-cottages/longview-cottage/","https://code.jquery.com/ui/1.13.1/themes/base/jquery-ui.css?ver=6.9.4","","","Protocol-Relative"
"CSS","https://www.sowerbysholidaycottages.co.uk/norfolk-holiday-cottages/5-pauls-maltings/","https://code.jquery.com/ui/1.13.1/themes/base/jquery-ui.css?ver=6.9.4","","","Protocol-Relative"
"CSS","https://www.sowerbysholidaycottages.co.uk/norfolk-holiday-cottages/sunnydene/","https://code.jquery.com/ui/1.13.1/themes/base/jquery-ui.css?ver=6.9.4","","","Protocol-Relative"
"CSS","https://www.sowerbysholidaycottages.co.uk/norfolk-holiday-cottages/staithe-barn/","https://code.jquery.com/ui/1.13.1/themes/base/jquery-ui.css?ver=6.9.4","","","Protocol-Relative"
"CSS","https://www.sowerbysholidaycottages.co.uk/norfolk-holiday-cottages/the-cottage-overy-staithe/","https://code.jquery.com/ui/1.13.1/themes/base/jquery-ui.css?ver=6.9.4","","","Protocol-Relative"
"CSS","https://www.sowerbysholidaycottages.co.uk/norfolk-holiday-cottages/ongar-lodge/","https://code.jquery.com/ui/1.13.1/themes/base/jquery-ui.css?ver=6.9.4","","","Protocol-Relative"
"CSS","https://www.sowerbysholidaycottages.co.uk/norfolk-holiday-cottages/sea-breeze/","https://code.jquery.com/ui/1.13.1/themes/base/jquery-ui.css?ver=6.9.4","","","Protocol-Relative"
"CSS","https://www.sowerbysholidaycottages.co.uk/norfolk-holiday-cottages/pear-tree-cottage/","https://code.jquery.com/ui/1.13.1/themes/base/jquery-ui.css?ver=6.9.4","","","Protocol-Relative"
"CSS","https://www.sowerbysholidaycottages.co.uk/norfolk-holiday-cottages/cobblestones/","https://code.jquery.com/ui/1.13.1/themes/base/jquery-ui.css?ver=6.9.4","","","Protocol-Relative"
"CSS","https://www.sowerbysholidaycottages.co.uk/norfolk-holiday-cottages/falgate/","https://code.jquery.com/ui/1.13.1/themes/base/jquery-ui.css?ver=6.9.4","","","Protocol-Relative"
"CSS","https://www.sowerbysholidaycottages.co.uk/norfolk-holiday-cottages/2-pauls-maltings/","https://code.jquery.com/ui/1.13.1/themes/base/jquery-ui.css?ver=6.9.4","","","Protocol-Relative"
"CSS","https://www.sowerbysholidaycottages.co.uk/norfolk-holiday-cottages/foam-crest/","https://code.jquery.com/ui/1.13.1/themes/base/jquery-ui.css?ver=6.9.4","","","Protocol-Relative"
"CSS","https://www.sowerbysholidaycottages.co.uk/norfolk-holiday-cottages/beachcomber/","https://code.jquery.com/ui/1.13.1/themes/base/jquery-ui.css?ver=6.9.4","","","Protocol-Relative"
"CSS","https://www.sowerbysholidaycottages.co.uk/norfolk-holiday-cottages/green-tiles/","https://code.jquery.com/ui/1.13.1/themes/base/jquery-ui.css?ver=6.9.4","","","Protocol-Relative"
"CSS","https://www.sowerbysholidaycottages.co.uk/norfolk-holiday-cottages/4-pauls-maltings/","https://code.jquery.com/ui/1.13.1/themes/base/jquery-ui.css?ver=6.9.4","","","Protocol-Relative"
"CSS","https://www.sowerbysholidaycottages.co.uk/norfolk-holiday-cottages/6-the-granary/","https://code.jquery.com/ui/1.13.1/themes/base/jquery-ui.css?ver=6.9.4","","","Protocol-Relative"
"CSS","https://www.sowerbysholidaycottages.co.uk/norfolk-holiday-cottages/mow-creek-cottage/","https://code.jquery.com/ui/1.13.1/themes/base/jquery-ui.css?ver=6.9.4","","","Protocol-Relative"
"CSS","https://www.sowerbysholidaycottages.co.uk/norfolk-holiday-cottages/cockle-beach/","https://code.jquery.com/ui/1.13.1/themes/base/jquery-ui.css?ver=6.9.4","","","Protocol-Relative"
"CSS","https://www.sowerbysholidaycottages.co.uk/norfolk-holiday-cottages/2-knights-cottages/","https://code.jquery.com/ui/1.13.1/themes/base/jquery-ui.css?ver=6.9.4","","","Protocol-Relative"
"CSS","https://www.sowerbysholidaycottages.co.uk/norfolk-holiday-cottages/2-dormy-house/","https://code.jquery.com/ui/1.13.1/themes/base/jquery-ui.css?ver=6.9.4","","","Protocol-Relative"
"CSS","https://www.sowerbysholidaycottages.co.uk/norfolk-holiday-cottages/quayside/","https://code.jquery.com/ui/1.13.1/themes/base/jquery-ui.css?ver=6.9.4","","","Protocol-Relative"
"CSS","https://www.sowerbysholidaycottages.co.uk/norfolk-holiday-cottages/washington-lodge/","https://code.jquery.com/ui/1.13.1/themes/base/jquery-ui.css?ver=6.9.4","","","Protocol-Relative"
"CSS","https://www.sowerbysholidaycottages.co.uk/norfolk-holiday-cottages/harrier-cottage/","https://code.jquery.com/ui/1.13.1/themes/base/jquery-ui.css?ver=6.9.4","","","Protocol-Relative"
"CSS","https://www.sowerbysholidaycottages.co.uk/norfolk-holiday-cottages/sea-view/","https://code.jquery.com/ui/1.13.1/themes/base/jquery-ui.css?ver=6.9.4","","","Protocol-Relative"
"CSS","https://www.sowerbysholidaycottages.co.uk/norfolk-holiday-cottages/scotts-lodge/","https://code.jquery.com/ui/1.13.1/themes/base/jquery-ui.css?ver=6.9.4","","","Protocol-Relative"
"CSS","https://www.sowerbysholidaycottages.co.uk/norfolk-holiday-cottages/sandbanks/","https://code.jquery.com/ui/1.13.1/themes/base/jquery-ui.css?ver=6.9.4","","","Protocol-Relative"
"CSS","https://www.sowerbysholidaycottages.co.uk/map-search/?start_date=&duration=&sleeps=&dogs=&property=&action=quicksearch&bedrooms=&bathrooms=&village=&has_sea_view=yes","https://code.jquery.com/ui/1.13.1/themes/base/jquery-ui.css?ver=6.9.4","","","Protocol-Relative"
"CSS","https://www.sowerbysholidaycottages.co.uk/norfolk-holiday-cottages/harbour-cottage/","https://code.jquery.com/ui/1.13.1/themes/base/jquery-ui.css?ver=6.9.4","","","Protocol-Relative"
"CSS","https://www.sowerbysholidaycottages.co.uk/norfolk-holiday-cottages/samphire-cottage/","https://code.jquery.com/ui/1.13.1/themes/base/jquery-ui.css?ver=6.9.4","","","Protocol-Relative"
"CSS","https://www.sowerbysholidaycottages.co.uk/norfolk-holiday-cottages/lime-cottage/","https://code.jquery.com/ui/1.13.1/themes/base/jquery-ui.css?ver=6.9.4","","","Protocol-Relative"
"CSS","https://www.sowerbysholidaycottages.co.uk/norfolk-holiday-cottages/lilac-cottage/","https://code.jquery.com/ui/1.13.1/themes/base/jquery-ui.css?ver=6.9.4","","","Protocol-Relative"
"CSS","https://www.sowerbysholidaycottages.co.uk/norfolk-holiday-cottages/dolphin-cottage/","https://code.jquery.com/ui/1.13.1/themes/base/jquery-ui.css?ver=6.9.4","","","Protocol-Relative"
"CSS","https://www.sowerbysholidaycottages.co.uk/norfolk-holiday-cottages/beamish/","https://code.jquery.com/ui/1.13.1/themes/base/jquery-ui.css?ver=6.9.4","","","Protocol-Relative"
"CSS","https://www.sowerbysholidaycottages.co.uk/norfolk-holiday-cottages/josh-cottage/","https://code.jquery.com/ui/1.13.1/themes/base/jquery-ui.css?ver=6.9.4","","","Protocol-Relative"
"CSS","https://www.sowerbysholidaycottages.co.uk/norfolk-holiday-cottages/old-barn/","https://code.jquery.com/ui/1.13.1/themes/base/jquery-ui.css?ver=6.9.4","","","Protocol-Relative"
"CSS","https://www.sowerbysholidaycottages.co.uk/norfolk-holiday-cottages/brent-burn/","https://code.jquery.com/ui/1.13.1/themes/base/jquery-ui.css?ver=6.9.4","","","Protocol-Relative"
"CSS","https://www.sowerbysholidaycottages.co.uk/norfolk-holiday-cottages/orchard-house-140/","https://code.jquery.com/ui/1.13.1/themes/base/jquery-ui.css?ver=6.9.4","","","Protocol-Relative"
"CSS","https://www.sowerbysholidaycottages.co.uk/norfolk-holiday-cottages/lapwing/","https://code.jquery.com/ui/1.13.1/themes/base/jquery-ui.css?ver=6.9.4","","","Protocol-Relative"
"CSS","https://www.sowerbysholidaycottages.co.uk/norfolk-holiday-cottages/beck-cottage/","https://code.jquery.com/ui/1.13.1/themes/base/jquery-ui.css?ver=6.9.4","","","Protocol-Relative"
"CSS","https://www.sowerbysholidaycottages.co.uk/norfolk-holiday-cottages/garden-cottage/","https://code.jquery.com/ui/1.13.1/themes/base/jquery-ui.css?ver=6.9.4","","","Protocol-Relative"
"CSS","https://www.sowerbysholidaycottages.co.uk/norfolk-holiday-cottages/pinkleton/","https://code.jquery.com/ui/1.13.1/themes/base/jquery-ui.css?ver=6.9.4","","","Protocol-Relative"
"CSS","https://www.sowerbysholidaycottages.co.uk/norfolk-holiday-cottages/linksway-2-bedrooms/","https://code.jquery.com/ui/1.13.1/themes/base/jquery-ui.css?ver=6.9.4","","","Protocol-Relative"
"CSS","https://www.sowerbysholidaycottages.co.uk/norfolk-holiday-cottages/seal-cottage/","https://code.jquery.com/ui/1.13.1/themes/base/jquery-ui.css?ver=6.9.4","","","Protocol-Relative"
"CSS","https://www.sowerbysholidaycottages.co.uk/norfolk-holiday-cottages/lantern-cottage/","https://code.jquery.com/ui/1.13.1/themes/base/jquery-ui.css?ver=6.9.4","","","Protocol-Relative"
"CSS","https://www.sowerbysholidaycottages.co.uk/norfolk-holiday-cottages/skylark/","https://code.jquery.com/ui/1.13.1/themes/base/jquery-ui.css?ver=6.9.4","","","Protocol-Relative"
"CSS","https://www.sowerbysholidaycottages.co.uk/norfolk-holiday-cottages/chadwicks/","https://code.jquery.com/ui/1.13.1/themes/base/jquery-ui.css?ver=6.9.4","","","Protocol-Relative"
"CSS","https://www.sowerbysholidaycottages.co.uk/norfolk-holiday-cottages/seawards/","https://code.jquery.com/ui/1.13.1/themes/base/jquery-ui.css?ver=6.9.4","","","Protocol-Relative"
"CSS","https://www.sowerbysholidaycottages.co.uk/norfolk-holiday-cottages/lavender-house/","https://code.jquery.com/ui/1.13.1/themes/base/jquery-ui.css?ver=6.9.4","","","Protocol-Relative"
"CSS","https://www.sowerbysholidaycottages.co.uk/norfolk-holiday-cottages/rose-cottage/","https://code.jquery.com/ui/1.13.1/themes/base/jquery-ui.css?ver=6.9.4","","","Protocol-Relative"
"CSS","https://www.sowerbysholidaycottages.co.uk/norfolk-holiday-cottages/field-cottage-in-brancaster-staithe/","https://code.jquery.com/ui/1.13.1/themes/base/jquery-ui.css?ver=6.9.4","","","Protocol-Relative"
"CSS","https://www.sowerbysholidaycottages.co.uk/norfolk-holiday-cottages/garden-house/","https://code.jquery.com/ui/1.13.1/themes/base/jquery-ui.css?ver=6.9.4","","","Protocol-Relative"
"CSS","https://www.sowerbysholidaycottages.co.uk/norfolk-holiday-cottages/1-railway-cottages/","https://code.jquery.com/ui/1.13.1/themes/base/jquery-ui.css?ver=6.9.4","","","Protocol-Relative"
"CSS","https://www.sowerbysholidaycottages.co.uk/norfolk-holiday-cottages/lavender-cottage/","https://code.jquery.com/ui/1.13.1/themes/base/jquery-ui.css?ver=6.9.4","","","Protocol-Relative"
"CSS","https://www.sowerbysholidaycottages.co.uk/norfolk-holiday-cottages/eastwood-house-2-bedrooms/","https://code.jquery.com/ui/1.13.1/themes/base/jquery-ui.css?ver=6.9.4","","","Protocol-Relative"
"CSS","https://www.sowerbysholidaycottages.co.uk/norfolk-holiday-cottages/sea-lavender-cottage/","https://code.jquery.com/ui/1.13.1/themes/base/jquery-ui.css?ver=6.9.4","","","Protocol-Relative"
"CSS","https://www.sowerbysholidaycottages.co.uk/norfolk-holiday-cottages/market-lane-house/","https://code.jquery.com/ui/1.13.1/themes/base/jquery-ui.css?ver=6.9.4","","","Protocol-Relative"
"CSS","https://www.sowerbysholidaycottages.co.uk/norfolk-holiday-cottages/crows-nest-cottage/","https://code.jquery.com/ui/1.13.1/themes/base/jquery-ui.css?ver=6.9.4","","","Protocol-Relative"
"CSS","https://www.sowerbysholidaycottages.co.uk/norfolk-holiday-cottages/the-cottage-erpingham-court/","https://code.jquery.com/ui/1.13.1/themes/base/jquery-ui.css?ver=6.9.4","","","Protocol-Relative"
"CSS","https://www.sowerbysholidaycottages.co.uk/norfolk-holiday-cottages/curlew-cottage-2-bedrooms/","https://code.jquery.com/ui/1.13.1/themes/base/jquery-ui.css?ver=6.9.4","","","Protocol-Relative"
"CSS","https://www.sowerbysholidaycottages.co.uk/norfolk-holiday-cottages/old-hunny-cottage/","https://code.jquery.com/ui/1.13.1/themes/base/jquery-ui.css?ver=6.9.4","","","Protocol-Relative"
"CSS","https://www.sowerbysholidaycottages.co.uk/norfolk-holiday-cottages/4-odd-fellows-court/","https://code.jquery.com/ui/1.13.1/themes/base/jquery-ui.css?ver=6.9.4","","","Protocol-Relative"
"CSS","https://www.sowerbysholidaycottages.co.uk/norfolk-holiday-cottages/saltmarshes/","https://code.jquery.com/ui/1.13.1/themes/base/jquery-ui.css?ver=6.9.4","","","Protocol-Relative"
"CSS","https://www.sowerbysholidaycottages.co.uk/norfolk-holiday-cottages/curlew-cottage/","https://code.jquery.com/ui/1.13.1/themes/base/jquery-ui.css?ver=6.9.4","","","Protocol-Relative"
"CSS","https://www.sowerbysholidaycottages.co.uk/norfolk-holiday-cottages/holly-cottage/","https://code.jquery.com/ui/1.13.1/themes/base/jquery-ui.css?ver=6.9.4","","","Protocol-Relative"
"CSS","https://www.sowerbysholidaycottages.co.uk/norfolk-holiday-cottages/furnace-cottage/","https://code.jquery.com/ui/1.13.1/themes/base/jquery-ui.css?ver=6.9.4","","","Protocol-Relative"
"CSS","https://www.sowerbysholidaycottages.co.uk/norfolk-holiday-cottages/harpers/","https://code.jquery.com/ui/1.13.1/themes/base/jquery-ui.css?ver=6.9.4","","","Protocol-Relative"
"CSS","https://www.sowerbysholidaycottages.co.uk/norfolk-holiday-cottages/fleece-house/","https://code.jquery.com/ui/1.13.1/themes/base/jquery-ui.css?ver=6.9.4","","","Protocol-Relative"
"CSS","https://www.sowerbysholidaycottages.co.uk/norfolk-holiday-cottages/cherry-tree-cottage/","https://code.jquery.com/ui/1.13.1/themes/base/jquery-ui.css?ver=6.9.4","","","Protocol-Relative"
"CSS","https://www.sowerbysholidaycottages.co.uk/norfolk-holiday-cottages/fortune-cottage/","https://code.jquery.com/ui/1.13.1/themes/base/jquery-ui.css?ver=6.9.4","","","Protocol-Relative"
"CSS","https://www.sowerbysholidaycottages.co.uk/norfolk-holiday-cottages/claremont-house/","https://code.jquery.com/ui/1.13.1/themes/base/jquery-ui.css?ver=6.9.4","","","Protocol-Relative"
"CSS","https://www.sowerbysholidaycottages.co.uk/norfolk-holiday-cottages/the-new-cottage/","https://code.jquery.com/ui/1.13.1/themes/base/jquery-ui.css?ver=6.9.4","","","Protocol-Relative"
"CSS","https://www.sowerbysholidaycottages.co.uk/norfolk-holiday-cottages/turnstone/","https://code.jquery.com/ui/1.13.1/themes/base/jquery-ui.css?ver=6.9.4","","","Protocol-Relative"
"CSS","https://www.sowerbysholidaycottages.co.uk/norfolk-holiday-cottages/field-cottage-in-docking/","https://code.jquery.com/ui/1.13.1/themes/base/jquery-ui.css?ver=6.9.4","","","Protocol-Relative"
"CSS","https://www.sowerbysholidaycottages.co.uk/norfolk-holiday-cottages/edinburgh-house-with-annex/","https://code.jquery.com/ui/1.13.1/themes/base/jquery-ui.css?ver=6.9.4","","","Protocol-Relative"
"CSS","https://www.sowerbysholidaycottages.co.uk/norfolk-holiday-cottages/holly-house/","https://code.jquery.com/ui/1.13.1/themes/base/jquery-ui.css?ver=6.9.4","","","Protocol-Relative"
"CSS","https://www.sowerbysholidaycottages.co.uk/norfolk-holiday-cottages/wren-cottage/","https://code.jquery.com/ui/1.13.1/themes/base/jquery-ui.css?ver=6.9.4","","","Protocol-Relative"
"CSS","https://www.sowerbysholidaycottages.co.uk/norfolk-holiday-cottages/langham-house/","https://code.jquery.com/ui/1.13.1/themes/base/jquery-ui.css?ver=6.9.4","","","Protocol-Relative"
"CSS","https://www.sowerbysholidaycottages.co.uk/norfolk-holiday-cottages/honeysuckle-cottage/","https://code.jquery.com/ui/1.13.1/themes/base/jquery-ui.css?ver=6.9.4","","","Protocol-Relative"
"CSS","https://www.sowerbysholidaycottages.co.uk/norfolk-holiday-cottages/the-stables-manor-court/","https://code.jquery.com/ui/1.13.1/themes/base/jquery-ui.css?ver=6.9.4","","","Protocol-Relative"
"CSS","https://www.sowerbysholidaycottages.co.uk/norfolk-holiday-cottages/honeystone-mews/","https://code.jquery.com/ui/1.13.1/themes/base/jquery-ui.css?ver=6.9.4","","","Protocol-Relative"
"CSS","https://www.sowerbysholidaycottages.co.uk/norfolk-holiday-cottages/the-manse/","https://code.jquery.com/ui/1.13.1/themes/base/jquery-ui.css?ver=6.9.4","","","Protocol-Relative"
"CSS","https://www.sowerbysholidaycottages.co.uk/norfolk-holiday-cottages/3-lavender-cottage/","https://code.jquery.com/ui/1.13.1/themes/base/jquery-ui.css?ver=6.9.4","","","Protocol-Relative"
"CSS","https://www.sowerbysholidaycottages.co.uk/norfolk-holiday-cottages/ivy-cottage/","https://code.jquery.com/ui/1.13.1/themes/base/jquery-ui.css?ver=6.9.4","","","Protocol-Relative"
"CSS","https://www.sowerbysholidaycottages.co.uk/norfolk-holiday-cottages/eastwood-house/","https://code.jquery.com/ui/1.13.1/themes/base/jquery-ui.css?ver=6.9.4","","","Protocol-Relative"
"CSS","https://www.sowerbysholidaycottages.co.uk/norfolk-holiday-cottages/little-tern/","https://code.jquery.com/ui/1.13.1/themes/base/jquery-ui.css?ver=6.9.4","","","Protocol-Relative"
"CSS","https://www.sowerbysholidaycottages.co.uk/norfolk-holiday-cottages/edinburgh-house/","https://code.jquery.com/ui/1.13.1/themes/base/jquery-ui.css?ver=6.9.4","","","Protocol-Relative"
"CSS","https://www.sowerbysholidaycottages.co.uk/norfolk-holiday-cottages/tucwel/","https://code.jquery.com/ui/1.13.1/themes/base/jquery-ui.css?ver=6.9.4","","","Protocol-Relative"
"CSS","https://www.sowerbysholidaycottages.co.uk/norfolk-holiday-cottages/norton-cottage/","https://code.jquery.com/ui/1.13.1/themes/base/jquery-ui.css?ver=6.9.4","","","Protocol-Relative"
"CSS","https://www.sowerbysholidaycottages.co.uk/norfolk-holiday-cottages/the-hideaway-6a/","https://code.jquery.com/ui/1.13.1/themes/base/jquery-ui.css?ver=6.9.4","","","Protocol-Relative"
"CSS","https://www.sowerbysholidaycottages.co.uk/norfolk-holiday-cottages/cornloft-cottage/","https://code.jquery.com/ui/1.13.1/themes/base/jquery-ui.css?ver=6.9.4","","","Protocol-Relative"
"CSS","https://www.sowerbysholidaycottages.co.uk/norfolk-holiday-cottages/hilltop-nc/","https://code.jquery.com/ui/1.13.1/themes/base/jquery-ui.css?ver=6.9.4","","","Protocol-Relative"
"CSS","https://www.sowerbysholidaycottages.co.uk/norfolk-holiday-cottages/east-cottage/","https://code.jquery.com/ui/1.13.1/themes/base/jquery-ui.css?ver=6.9.4","","","Protocol-Relative"
"CSS","https://www.sowerbysholidaycottages.co.uk/norfolk-holiday-cottages/3-links-court/","https://code.jquery.com/ui/1.13.1/themes/base/jquery-ui.css?ver=6.9.4","","","Protocol-Relative"
"CSS","https://www.sowerbysholidaycottages.co.uk/norfolk-holiday-cottages/sandton-house/","https://code.jquery.com/ui/1.13.1/themes/base/jquery-ui.css?ver=6.9.4","","","Protocol-Relative"
"CSS","https://www.sowerbysholidaycottages.co.uk/norfolk-holiday-cottages/field-house/","https://code.jquery.com/ui/1.13.1/themes/base/jquery-ui.css?ver=6.9.4","","","Protocol-Relative"
"CSS","https://www.sowerbysholidaycottages.co.uk/norfolk-holiday-cottages/nelson-lodge/","https://code.jquery.com/ui/1.13.1/themes/base/jquery-ui.css?ver=6.9.4","","","Protocol-Relative"
"CSS","https://www.sowerbysholidaycottages.co.uk/norfolk-holiday-cottages/kitts-cottage/","https://code.jquery.com/ui/1.13.1/themes/base/jquery-ui.css?ver=6.9.4","","","Protocol-Relative"
"CSS","https://www.sowerbysholidaycottages.co.uk/norfolk-holiday-cottages/butts-corner-2-bedrooms/","https://code.jquery.com/ui/1.13.1/themes/base/jquery-ui.css?ver=6.9.4","","","Protocol-Relative"
"CSS","https://www.sowerbysholidaycottages.co.uk/norfolk-holiday-cottages/2-hunts-cottages/","https://code.jquery.com/ui/1.13.1/themes/base/jquery-ui.css?ver=6.9.4","","","Protocol-Relative"
"CSS","https://www.sowerbysholidaycottages.co.uk/norfolk-holiday-cottages/3-pond-end-row/","https://code.jquery.com/ui/1.13.1/themes/base/jquery-ui.css?ver=6.9.4","","","Protocol-Relative"
"CSS","https://www.sowerbysholidaycottages.co.uk/norfolk-holiday-cottages/butts-corner/","https://code.jquery.com/ui/1.13.1/themes/base/jquery-ui.css?ver=6.9.4","","","Protocol-Relative"
"CSS","https://www.sowerbysholidaycottages.co.uk/norfolk-holiday-cottages/hare-cottage/","https://code.jquery.com/ui/1.13.1/themes/base/jquery-ui.css?ver=6.9.4","","","Protocol-Relative"
"CSS","https://www.sowerbysholidaycottages.co.uk/norfolk-holiday-cottages/pangurs-piece/","https://code.jquery.com/ui/1.13.1/themes/base/jquery-ui.css?ver=6.9.4","","","Protocol-Relative"
"CSS","https://www.sowerbysholidaycottages.co.uk/norfolk-holiday-cottages/linksway/","https://code.jquery.com/ui/1.13.1/themes/base/jquery-ui.css?ver=6.9.4","","","Protocol-Relative"
"CSS","https://www.sowerbysholidaycottages.co.uk/map-search/?start_date=&duration=&sleeps=&dogs=&villageorproperty=&bedrooms=&bathrooms=&dogs_by_arrangement=yes&dogs_accepted=yes","https://code.jquery.com/ui/1.13.1/themes/base/jquery-ui.css?ver=6.9.4","","","Protocol-Relative"
"CSS","https://www.sowerbysholidaycottages.co.uk/norfolk-holiday-cottages/pickles-cottage/","https://code.jquery.com/ui/1.13.1/themes/base/jquery-ui.css?ver=6.9.4","","","Protocol-Relative"
"CSS","https://www.sowerbysholidaycottages.co.uk/norfolk-holiday-cottages/holly-house-2-bedrooms/","https://code.jquery.com/ui/1.13.1/themes/base/jquery-ui.css?ver=6.9.4","","","Protocol-Relative"
"CSS","https://www.sowerbysholidaycottages.co.uk/norfolk-holiday-cottages/la-mouette/","https://code.jquery.com/ui/1.13.1/themes/base/jquery-ui.css?ver=6.9.4","","","Protocol-Relative"
"CSS","https://www.sowerbysholidaycottages.co.uk/norfolk-holiday-cottages/badgets/","https://code.jquery.com/ui/1.13.1/themes/base/jquery-ui.css?ver=6.9.4","","","Protocol-Relative"
"CSS","https://www.sowerbysholidaycottages.co.uk/norfolk-holiday-cottages/saffron-cottage/","https://code.jquery.com/ui/1.13.1/themes/base/jquery-ui.css?ver=6.9.4","","","Protocol-Relative"
"CSS","https://www.sowerbysholidaycottages.co.uk/norfolk-holiday-cottages/garden-folly/","https://code.jquery.com/ui/1.13.1/themes/base/jquery-ui.css?ver=6.9.4","","","Protocol-Relative"
"CSS","https://www.sowerbysholidaycottages.co.uk/norfolk-holiday-cottages/5-monteagle/","https://code.jquery.com/ui/1.13.1/themes/base/jquery-ui.css?ver=6.9.4","","","Protocol-Relative"
"CSS","https://www.sowerbysholidaycottages.co.uk/norfolk-holiday-cottages/jeeves-retreat/","https://code.jquery.com/ui/1.13.1/themes/base/jquery-ui.css?ver=6.9.4","","","Protocol-Relative"
"CSS","https://www.sowerbysholidaycottages.co.uk/norfolk-holiday-cottages/allpoints-cottage/","https://code.jquery.com/ui/1.13.1/themes/base/jquery-ui.css?ver=6.9.4","","","Protocol-Relative"
"CSS","https://www.sowerbysholidaycottages.co.uk/norfolk-holiday-cottages/wellington-cottage/","https://code.jquery.com/ui/1.13.1/themes/base/jquery-ui.css?ver=6.9.4","","","Protocol-Relative"
"CSS","https://www.sowerbysholidaycottages.co.uk/norfolk-holiday-cottages/honeystone/","https://code.jquery.com/ui/1.13.1/themes/base/jquery-ui.css?ver=6.9.4","","","Protocol-Relative"
"CSS","https://www.sowerbysholidaycottages.co.uk/norfolk-holiday-cottages/old-school-house/","https://code.jquery.com/ui/1.13.1/themes/base/jquery-ui.css?ver=6.9.4","","","Protocol-Relative"
"CSS","https://www.sowerbysholidaycottages.co.uk/norfolk-holiday-cottages/beech-cottage/","https://code.jquery.com/ui/1.13.1/themes/base/jquery-ui.css?ver=6.9.4","","","Protocol-Relative"
"CSS","https://www.sowerbysholidaycottages.co.uk/norfolk-holiday-cottages/windjammer/","https://code.jquery.com/ui/1.13.1/themes/base/jquery-ui.css?ver=6.9.4","","","Protocol-Relative"
"CSS","https://www.sowerbysholidaycottages.co.uk/norfolk-holiday-cottages/tern-cottage/","https://code.jquery.com/ui/1.13.1/themes/base/jquery-ui.css?ver=6.9.4","","","Protocol-Relative"
"CSS","https://www.sowerbysholidaycottages.co.uk/norfolk-holiday-cottages/oak-cottage/","https://code.jquery.com/ui/1.13.1/themes/base/jquery-ui.css?ver=6.9.4","","","Protocol-Relative"
"CSS","https://www.sowerbysholidaycottages.co.uk/norfolk-holiday-cottages/the-foundry/","https://code.jquery.com/ui/1.13.1/themes/base/jquery-ui.css?ver=6.9.4","","","Protocol-Relative"
"CSS","https://www.sowerbysholidaycottages.co.uk/norfolk-holiday-cottages/3-smugglers-cove/","https://code.jquery.com/ui/1.13.1/themes/base/jquery-ui.css?ver=6.9.4","","","Protocol-Relative"
"CSS","https://www.sowerbysholidaycottages.co.uk/norfolk-holiday-cottages/bliss-cottage/","https://code.jquery.com/ui/1.13.1/themes/base/jquery-ui.css?ver=6.9.4","","","Protocol-Relative"
"CSS","https://www.sowerbysholidaycottages.co.uk/norfolk-holiday-cottages/sutton-cottage/","https://code.jquery.com/ui/1.13.1/themes/base/jquery-ui.css?ver=6.9.4","","","Protocol-Relative"
"CSS","https://www.sowerbysholidaycottages.co.uk/norfolk-holiday-cottages/samphire-barn/","https://code.jquery.com/ui/1.13.1/themes/base/jquery-ui.css?ver=6.9.4","","","Protocol-Relative"
"CSS","https://www.sowerbysholidaycottages.co.uk/norfolk-holiday-cottages/2-school-row/","https://code.jquery.com/ui/1.13.1/themes/base/jquery-ui.css?ver=6.9.4","","","Protocol-Relative"
"CSS","https://www.sowerbysholidaycottages.co.uk/norfolk-holiday-cottages/wellfleet-cottage/","https://code.jquery.com/ui/1.13.1/themes/base/jquery-ui.css?ver=6.9.4","","","Protocol-Relative"
"CSS","https://www.sowerbysholidaycottages.co.uk/norfolk-holiday-cottages/bluebell-cottage/","https://code.jquery.com/ui/1.13.1/themes/base/jquery-ui.css?ver=6.9.4","","","Protocol-Relative"
"CSS","https://www.sowerbysholidaycottages.co.uk/norfolk-holiday-cottages/truncheons-reach/","https://code.jquery.com/ui/1.13.1/themes/base/jquery-ui.css?ver=6.9.4","","","Protocol-Relative"
"CSS","https://www.sowerbysholidaycottages.co.uk/norfolk-holiday-cottages/seasalt-cottage/","https://code.jquery.com/ui/1.13.1/themes/base/jquery-ui.css?ver=6.9.4","","","Protocol-Relative"
"CSS","https://www.sowerbysholidaycottages.co.uk/norfolk-holiday-cottages/star-cottage/","https://code.jquery.com/ui/1.13.1/themes/base/jquery-ui.css?ver=6.9.4","","","Protocol-Relative"
"CSS","https://www.sowerbysholidaycottages.co.uk/norfolk-holiday-cottages/grasshopper-cottage/","https://code.jquery.com/ui/1.13.1/themes/base/jquery-ui.css?ver=6.9.4","","","Protocol-Relative"
"CSS","https://www.sowerbysholidaycottages.co.uk/norfolk-holiday-cottages/mill-view-burnham-norton/","https://code.jquery.com/ui/1.13.1/themes/base/jquery-ui.css?ver=6.9.4","","","Protocol-Relative"
"CSS","https://www.sowerbysholidaycottages.co.uk/norfolk-holiday-cottages/jeeves-hideaway/","https://code.jquery.com/ui/1.13.1/themes/base/jquery-ui.css?ver=6.9.4","","","Protocol-Relative"
"CSS","https://www.sowerbysholidaycottages.co.uk/norfolk-holiday-cottages/bailey-wick-cottage/","https://code.jquery.com/ui/1.13.1/themes/base/jquery-ui.css?ver=6.9.4","","","Protocol-Relative"
"CSS","https://www.sowerbysholidaycottages.co.uk/norfolk-holiday-cottages/ellas-cottage/","https://code.jquery.com/ui/1.13.1/themes/base/jquery-ui.css?ver=6.9.4","","","Protocol-Relative"
"CSS","https://www.sowerbysholidaycottages.co.uk/wishlist/","https://code.jquery.com/ui/1.13.1/themes/base/jquery-ui.css?ver=6.9.4","","","Protocol-Relative"
"CSS","https://www.sowerbysholidaycottages.co.uk/norfolk-holiday-cottages/fox-cottage/","https://code.jquery.com/ui/1.13.1/themes/base/jquery-ui.css?ver=6.9.4","","","Protocol-Relative"
"CSS","https://www.sowerbysholidaycottages.co.uk/norfolk-holiday-cottages/sunset-view/","https://code.jquery.com/ui/1.13.1/themes/base/jquery-ui.css?ver=6.9.4","","","Protocol-Relative"
"CSS","https://www.sowerbysholidaycottages.co.uk/popular-norfolk-holiday-areas/old-hunstanton-area/","https://code.jquery.com/ui/1.13.1/themes/base/jquery-ui.css?ver=6.9.4","","","Protocol-Relative"
"CSS","https://www.sowerbysholidaycottages.co.uk/popular-norfolk-holiday-areas/brancaster-area/","https://code.jquery.com/ui/1.13.1/themes/base/jquery-ui.css?ver=6.9.4","","","Protocol-Relative"
"CSS","https://www.sowerbysholidaycottages.co.uk/popular-norfolk-holiday-areas/the-burnhams-area/","https://code.jquery.com/ui/1.13.1/themes/base/jquery-ui.css?ver=6.9.4","","","Protocol-Relative"
"CSS","https://www.sowerbysholidaycottages.co.uk/popular-norfolk-holiday-areas/wells-next-the-sea-area/","https://code.jquery.com/ui/1.13.1/themes/base/jquery-ui.css?ver=6.9.4","","","Protocol-Relative"
"CSS","https://www.sowerbysholidaycottages.co.uk/norfolk-holiday-cottages/boatmans-cottage/","https://code.jquery.com/ui/1.13.1/themes/base/jquery-ui.css?ver=6.9.4","","","Protocol-Relative"
"CSS","https://www.sowerbysholidaycottages.co.uk/norfolk-holiday-cottages/pebble-cottage/","https://code.jquery.com/ui/1.13.1/themes/base/jquery-ui.css?ver=6.9.4","","","Protocol-Relative"
"CSS","https://www.sowerbysholidaycottages.co.uk/norfolk-holiday-cottages/orchard-house-docking/","https://code.jquery.com/ui/1.13.1/themes/base/jquery-ui.css?ver=6.9.4","","","Protocol-Relative"
"CSS","https://www.sowerbysholidaycottages.co.uk/norfolk-holiday-cottages/little-twitchers/","https://code.jquery.com/ui/1.13.1/themes/base/jquery-ui.css?ver=6.9.4","","","Protocol-Relative"
"CSS","https://www.sowerbysholidaycottages.co.uk/norfolk-holiday-cottages/virginia-cottage/","https://code.jquery.com/ui/1.13.1/themes/base/jquery-ui.css?ver=6.9.4","","","Protocol-Relative"
"CSS","https://www.sowerbysholidaycottages.co.uk/norfolk-holiday-cottages/duckling-cottage/","https://code.jquery.com/ui/1.13.1/themes/base/jquery-ui.css?ver=6.9.4","","","Protocol-Relative"
"CSS","https://www.sowerbysholidaycottages.co.uk/norfolk-holiday-cottages/bonnierigg/","https://code.jquery.com/ui/1.13.1/themes/base/jquery-ui.css?ver=6.9.4","","","Protocol-Relative"
"CSS","https://www.sowerbysholidaycottages.co.uk/norfolk-holiday-cottages/windswept-cottage/","https://code.jquery.com/ui/1.13.1/themes/base/jquery-ui.css?ver=6.9.4","","","Protocol-Relative"
"CSS","https://www.sowerbysholidaycottages.co.uk/norfolk-holiday-cottages/cherryhill/","https://code.jquery.com/ui/1.13.1/themes/base/jquery-ui.css?ver=6.9.4","","","Protocol-Relative"
"CSS","https://www.sowerbysholidaycottages.co.uk/norfolk-holiday-cottages/2-waterhall-cottages/","https://code.jquery.com/ui/1.13.1/themes/base/jquery-ui.css?ver=6.9.4","","","Protocol-Relative"
"CSS","https://www.sowerbysholidaycottages.co.uk/norfolk-holiday-cottages/field-cottage-in-fring/","https://code.jquery.com/ui/1.13.1/themes/base/jquery-ui.css?ver=6.9.4","","","Protocol-Relative"
"CSS","https://www.sowerbysholidaycottages.co.uk/norfolk-holiday-cottages/hares-end/","https://code.jquery.com/ui/1.13.1/themes/base/jquery-ui.css?ver=6.9.4","","","Protocol-Relative"
