"Address","Status Code","Title 1","Indexability","Indexability Status"
"https://www.sowerbysholidaycottages.co.uk/","200","Self catering holiday cottages in North Norfolk - Sowerbys Holiday Cottages","Indexable",""
"https://www.sowerbysholidaycottages.co.uk/inspiration/","200","Norfolk holiday inspiration - Sowerbys Holiday Cottages","Indexable",""
"https://www.sowerbysholidaycottages.co.uk/inspiration/norfolk-holiday-cottage-special-offers/","200","Norfolk Holiday Cottages special offers | Sowerbys Holiday Cottages","Indexable",""
"https://www.sowerbysholidaycottages.co.uk/norfolk-holiday-locations/alphabetical-list-of-villages/","200","Alphabetical List of Villages - Sowerbys Holiday Cottages","Indexable",""
"https://www.sowerbysholidaycottages.co.uk/popular-norfolk-holiday-features/luxury-collection/","200","Norfolk Luxury Collection holiday cottages - Sowerbys Holiday Cottages","Indexable",""
"https://www.sowerbysholidaycottages.co.uk/holiday-cottage-owner-information/owner-testimonials/","200","Owner testimonials - Sowerbys Holiday Cottages","Indexable",""
"https://www.sowerbysholidaycottages.co.uk/about-sowerbys-holiday-cottages/faqs/","200","FAQs - Sowerbys Holiday Cottages","Indexable",""
"https://www.sowerbysholidaycottages.co.uk/norfolk-holiday-cottage-search/?start_date=&duration=&sleeps=&dogs=&village=&bedrooms=&bathrooms=&property=&special_offer=yes","200","Search Sowerby’s database of Norfolk Holiday Cottages","Non-Indexable","Canonicalised"
"https://www.sowerbysholidaycottages.co.uk/norfolk-holiday-cottage-search/?start_date=&duration=&sleeps=&dogs=&property=&bedrooms=&bathrooms=&village=&new=yes","200","Search Sowerby’s database of Norfolk Holiday Cottages","Non-Indexable","Canonicalised"
"https://www.sowerbysholidaycottages.co.uk/popular-norfolk-holiday-features/sea-views/","200","Norfolk Sea views holiday cottages - Sowerbys Holiday Cottages","Indexable",""
"https://www.sowerbysholidaycottages.co.uk/norfolk-holiday-cottage-search/?start_date=&duration=&sleeps=&dogs=&property=&action=quicksearch&bedrooms=&bathrooms=&village=&has_sea_view=yes","200","Search Sowerby’s database of Norfolk Holiday Cottages","Non-Indexable","Canonicalised"
"https://www.sowerbysholidaycottages.co.uk/bespoke-management-service/","200","Bespoke management service - Sowerbys Holiday Cottages","Indexable",""
"https://www.sowerbysholidaycottages.co.uk/norfolk-holiday-cottages/washmeres/","200","Norfolk Holiday Cottage to rent in Houghton Estate - Washmeres","Indexable",""
"https://www.sowerbysholidaycottages.co.uk/popular-norfolk-holiday-features/electric-charging/","200","Norfolk Electric Charging holiday cottages - Sowerbys Holiday Cottages","Indexable",""
"https://www.sowerbysholidaycottages.co.uk/norfolk-holiday-locations/","200","Popular Norfolk holiday cottage villages and locations | Sowerbys Holiday Cottages","Indexable",""
"https://www.sowerbysholidaycottages.co.uk/wishlist","301","","Non-Indexable","Redirected"
"https://www.sowerbysholidaycottages.co.uk/about-sowerbys-holiday-cottages/meet-the-team/","200","Meet the team - Sowerbys Holiday Cottages","Indexable",""
"https://www.sowerbysholidaycottages.co.uk/popular-norfolk-holiday-features/romantic-break/","200","Norfolk Romantic break holiday cottages - Sowerbys Holiday Cottages","Indexable",""
"https://www.sowerbysholidaycottages.co.uk/contact-sowerbys-holiday-cottages/","200","Sowerbys Holiday Cottages | Contact Us","Indexable",""
"https://www.sowerbysholidaycottages.co.uk/norfolk-holiday-cottages/little-barwick/","200","Norfolk Holiday Cottage to rent in Stanhoe - Little Barwick","Indexable",""
"https://www.sowerbysholidaycottages.co.uk/norfolk-holiday-cottage-search/?start_date=&duration=&sleeps=&dogs=&villageorproperty=&bedrooms=&bathrooms=&dogs_by_arrangement=yes&dogs_accepted=yes","200","Search Sowerby’s database of Norfolk Holiday Cottages","Non-Indexable","Canonicalised"
"https://www.sowerbysholidaycottages.co.uk/norfolk-holiday-cottages/violet/","200","Norfolk Holiday Cottage to rent in Heacham - Violet","Indexable",""
"https://www.sowerbysholidaycottages.co.uk/inspiration/blog/","200","Blog - Sowerbys Holiday Cottages","Indexable",""
"https://www.sowerbysholidaycottages.co.uk/inspiration/things-to-do-in-norfolk/","200","Things to do in Norfolk - Sowerbys Holiday Cottages","Indexable",""
"https://www.sowerbysholidaycottages.co.uk/terms-and-conditions/","200","Terms and Conditions - Sowerbys Holiday Cottages","Indexable",""
"https://www.sowerbysholidaycottages.co.uk/request-your-free-homeowners-guide/","200","Request your free Homeowner's Guide - Sowerbys Holiday Cottages","Indexable",""
"https://www.sowerbysholidaycottages.co.uk/about-sowerbys-holiday-cottages/","200","About Sowerbys Holiday Cottages","Indexable",""
"https://www.sowerbysholidaycottages.co.uk/norfolk-holiday-cottage-search","301","","Non-Indexable","Redirected"
"https://www.sowerbysholidaycottages.co.uk/norfolk-holiday-cottages/beachside/","200","Norfolk Holiday Cottage to rent in Heacham - Beachside","Indexable",""
"https://www.sowerbysholidaycottages.co.uk/about-sowerbys-holiday-cottages/our-norfolk-estate-agents/","200","Our Norfolk Estate Agents - Sowerbys Holiday Cottages","Indexable",""
"https://www.sowerbysholidaycottages.co.uk/inspiration/norfolk-events/","200","Sowerbys Holiday Cottages | Norfolk events","Indexable",""
"https://www.sowerbysholidaycottages.co.uk/seasonal-guide-request/","200","Seasonal Guide Request - Sowerbys Holiday Cottages","Indexable",""
"https://www.sowerbysholidaycottages.co.uk/norfolk-holiday-cottage-search/alphabetical-list/","200","Alphabetical list - Sowerbys Holiday Cottages","Indexable",""
"https://www.sowerbysholidaycottages.co.uk/inspiration/seasonal-guides/","200","Seasonal Guides - Sowerbys Holiday Cottages","Indexable",""
"https://www.sowerbysholidaycottages.co.uk/norfolk-holiday-cottage-search/?start_date=&duration=&sleeps=10&dogs=&property=&bedrooms=&bathrooms=&village=","200","Search Sowerby’s database of Norfolk Holiday Cottages","Non-Indexable","Canonicalised"
"https://www.sowerbysholidaycottages.co.uk/holiday-cottage-owner-information/","200","Sowerbys Holiday Cottages | Norfolk holiday cottage owner information","Indexable",""
"https://www.sowerbysholidaycottages.co.uk/popular-norfolk-holiday-features/dogs-accepted/","200","Norfolk Dog friendly holiday cottages - Sowerbys Holiday Cottages","Indexable",""
"https://www.sowerbysholidaycottages.co.uk/norfolk-holiday-cottages/aster-house/","200","Norfolk Holiday Cottage to rent in Burnham Overy Staithe - Aster House","Indexable",""
"https://www.sowerbysholidaycottages.co.uk/norfolk-holiday-cottages/3-the-old-school/","200","Norfolk Holiday Cottage to rent in Burnham Market - 3 The Old School","Indexable",""
"https://www.sowerbysholidaycottages.co.uk/norfolk-holiday-cottages/channel-view-and-cottage/","200","Norfolk Holiday Cottage to rent in Wells-next-the-sea - Channel View and Cottage","Indexable",""
"https://www.sowerbysholidaycottages.co.uk/norfolk-holiday-cottages/3-marshland-barns/","200","Norfolk Holiday Cottage to rent in Titchwell - 3 Marshland Barns","Indexable",""
"https://www.sowerbysholidaycottages.co.uk/norfolk-holiday-cottage-search/","200","Search Sowerby’s database of Norfolk Holiday Cottages","Indexable",""
"https://www.sowerbysholidaycottages.co.uk/norfolk-holiday-cottages/the-dairy-barn-2-bedrooms/","200","Norfolk Holiday Cottage to rent in Burnham Overy Staithe - The Dairy Barn 2 bedrooms","Indexable",""
"https://www.sowerbysholidaycottages.co.uk/norfolk-holiday-cottages/pantiles/","200","Norfolk Holiday Cottage to rent in Burnham Market - Pantiles","Indexable",""
"https://www.sowerbysholidaycottages.co.uk/norfolk-holiday-cottages/crowberry-barn/","200","Norfolk Holiday Cottage to rent in Burnham Market - Crowberry Barn","Indexable",""
"https://www.sowerbysholidaycottages.co.uk/norfolk-holiday-cottages/close-cottage/","200","Norfolk Holiday Cottage to rent in Brancaster Staithe - Close Cottage","Indexable",""
"https://www.sowerbysholidaycottages.co.uk/norfolk-holiday-cottages/sunnyvale/","200","Norfolk Holiday Cottage to rent in Docking - Sunnyvale","Indexable",""
"https://www.sowerbysholidaycottages.co.uk/norfolk-holiday-cottages/nelson-cottage/","200","Norfolk Holiday Cottage to rent in Burnham Market - Nelson Cottage","Indexable",""
"https://www.sowerbysholidaycottages.co.uk/norfolk-holiday-cottages/sybil-cottage/","200","Norfolk Holiday Cottage to rent in Holme-next-the-Sea - Sybil Cottage","Indexable",""
"https://www.sowerbysholidaycottages.co.uk/norfolk-holiday-cottages/the-old-forge/","200","Norfolk Holiday Cottage to rent in Burnham Market - The Old Forge","Indexable",""
"https://www.sowerbysholidaycottages.co.uk/norfolk-holiday-cottages/slumber-barn-5-bedrooms/","200","Norfolk Holiday Cottage to rent in Great Snoring - Slumber Barn 5 bedrooms","Indexable",""
"https://www.sowerbysholidaycottages.co.uk/norfolk-holiday-cottages/flagstaff-cottage/","200","Norfolk Holiday Cottage to rent in Burnham Overy Staithe - Flagstaff Cottage","Indexable",""
"https://www.sowerbysholidaycottages.co.uk/norfolk-holiday-cottages/the-old-post-office/","200","Norfolk Holiday Cottage to rent in Sedgeford - The Old Post Office","Indexable",""
"https://www.sowerbysholidaycottages.co.uk/norfolk-holiday-cottages/the-dairy-barn/","200","Norfolk Holiday Cottage to rent in Burnham Overy Staithe - The Dairy Barn","Indexable",""
"https://www.sowerbysholidaycottages.co.uk/norfolk-holiday-cottages/oak-tree-cottage/","200","Norfolk Holiday Cottage to rent in North Creake - Oak Tree Cottage","Indexable",""
"https://www.sowerbysholidaycottages.co.uk/norfolk-holiday-cottages/1-king-william-cottage/","200","Norfolk Holiday Cottage to rent in Docking - 1 King William Cottage","Indexable",""
"https://www.sowerbysholidaycottages.co.uk/norfolk-holiday-cottages/flagstaff-boathouse/","200","Norfolk Holiday Cottage to rent in Burnham Overy Staithe - Flagstaff Boathouse","Indexable",""
"https://www.sowerbysholidaycottages.co.uk/norfolk-holiday-cottages/1-crarves/","200","Norfolk Holiday Cottage to rent in Docking - 1 Crarves","Indexable",""
"https://www.sowerbysholidaycottages.co.uk/map-search/?start_date=&duration=&sleeps=&dogs=&village=&bedrooms=&bathrooms=&property=&special_offer=yes","200","Map Search - Sowerbys Holiday Cottages","Non-Indexable","noindex"
"https://www.sowerbysholidaycottages.co.uk/norfolk-holiday-cottages/the-paddock/","200","Norfolk Holiday Cottage to rent in Stanhoe - The Paddock","Indexable",""
"https://www.sowerbysholidaycottages.co.uk/norfolk-holiday-cottages/beehive-cottage/","200","Norfolk Holiday Cottage to rent in Burnham Market - Beehive Cottage","Indexable",""
"https://www.sowerbysholidaycottages.co.uk/norfolk-holiday-cottages/eider-cottage/","200","Norfolk Holiday Cottage to rent in Stanhoe - Eider Cottage","Indexable",""
"https://www.sowerbysholidaycottages.co.uk/norfolk-holiday-cottages/mandalay/","200","Norfolk Holiday Cottage to rent in Old Hunstanton - Mandalay","Indexable",""
"https://www.sowerbysholidaycottages.co.uk/norfolk-holiday-cottages/eton-house/","200","Norfolk Holiday Cottage to rent in Docking - Eton House","Indexable",""
"https://www.sowerbysholidaycottages.co.uk/norfolk-holiday-cottages/michaelmas/","200","Norfolk Holiday Cottage to rent in Stanhoe - Michaelmas","Indexable",""
"https://www.sowerbysholidaycottages.co.uk/norfolk-holiday-cottages/flagstaff-east/","200","Norfolk Holiday Cottage to rent in Burnham Overy Staithe - Flagstaff East","Indexable",""
"https://www.sowerbysholidaycottages.co.uk/norfolk-holiday-cottages/mill-view/","200","Norfolk Holiday Cottage to rent in Harpley - Mill View","Indexable",""
"https://www.sowerbysholidaycottages.co.uk/norfolk-holiday-cottages/3-marshland-barns-2-bedrooms/","200","Norfolk Holiday Cottage to rent in Titchwell - 3 Marshland Barns 2 bedrooms","Indexable",""
"https://www.sowerbysholidaycottages.co.uk/norfolk-holiday-cottages/2-railway-cottages/","200","Norfolk Holiday Cottage to rent in Burnham Market - 2 Railway Cottages","Indexable",""
"https://www.sowerbysholidaycottages.co.uk/norfolk-holiday-cottages/channel-cottage/","200","Norfolk Holiday Cottage to rent in Wells-next-the-sea - Channel Cottage","Indexable",""
"https://www.sowerbysholidaycottages.co.uk/norfolk-holiday-cottages/western-cottage/","200","Norfolk Holiday Cottage to rent in South Creake - Western Cottage","Indexable",""
"https://www.sowerbysholidaycottages.co.uk/norfolk-holiday-cottages/hill-top-docking/","200","Norfolk Holiday Cottage to rent in Docking - Hill Top Docking","Indexable",""
"https://www.sowerbysholidaycottages.co.uk/norfolk-holiday-cottages/eider-cottage-2-bedrooms/","200","Norfolk Holiday Cottage to rent in Stanhoe - Eider Cottage 2 bedrooms","Indexable",""
"https://www.sowerbysholidaycottages.co.uk/norfolk-holiday-cottages/the-loft/","200","Norfolk Holiday Cottage to rent in Hunstanton - The Loft","Indexable",""
"https://www.sowerbysholidaycottages.co.uk/norfolk-holiday-cottages/4-hare-cottage/","200","Norfolk Holiday Cottage to rent in South Creake - 4 Hare Cottage","Indexable",""
"https://www.sowerbysholidaycottages.co.uk/norfolk-holiday-cottages/bridge-farm-barn/","200","Norfolk Holiday Cottage to rent in Warham - Bridge Farm Barn","Indexable",""
"https://www.sowerbysholidaycottages.co.uk/norfolk-holiday-cottages/channel-view/","200","Norfolk Holiday Cottage to rent in Wells-next-the-sea - Channel View","Indexable",""
"https://www.sowerbysholidaycottages.co.uk/norfolk-holiday-cottages/the-dairy-barn-3-bedrooms/","200","Norfolk Holiday Cottage to rent in Burnham Overy Staithe - The Dairy Barn 3 bedrooms","Indexable",""
"https://www.sowerbysholidaycottages.co.uk/norfolk-holiday-cottages/flagstaff-west/","200","Norfolk Holiday Cottage to rent in Burnham Overy Staithe - Flagstaff West","Indexable",""
"https://www.sowerbysholidaycottages.co.uk/norfolk-holiday-cottages/flagstaff-garden-house/","200","Norfolk Holiday Cottage to rent in Burnham Overy Staithe - Flagstaff Garden House","Indexable",""
"https://www.sowerbysholidaycottages.co.uk/norfolk-holiday-cottages/eton-house-2-bedrooms/","200","Norfolk Holiday Cottage to rent in Docking - Eton House 2 bedrooms","Indexable",""
"https://www.sowerbysholidaycottages.co.uk/popular-norfolk-holiday-villages/harpley/","200","Holiday cottages to rent in Harpley, Norfolk - Sowerbys Holiday Cottages","Indexable",""
"https://www.sowerbysholidaycottages.co.uk/norfolk-holiday-cottages/avocet-cottage/","200","Norfolk Holiday Cottage to rent in Brancaster Staithe - Avocet Cottage","Indexable",""
"https://www.sowerbysholidaycottages.co.uk/popular-norfolk-holiday-villages/egmere/","200","Holiday cottages to rent in Egmere, Norfolk - Sowerbys Holiday Cottages","Indexable",""
"https://www.sowerbysholidaycottages.co.uk/popular-norfolk-holiday-villages/north-creake/","200","Holiday cottages to rent in North Creake, Norfolk - Sowerbys Holiday Cottages","Indexable",""
"https://www.sowerbysholidaycottages.co.uk/popular-norfolk-holiday-villages/sedgeford/","200","Holiday cottages to rent in Sedgeford, Norfolk - Sowerbys Holiday Cottages","Indexable",""
"https://www.sowerbysholidaycottages.co.uk/popular-norfolk-holiday-villages/wighton/","200","Holiday cottages to rent in Wighton, Norfolk - Sowerbys Holiday Cottages","Indexable",""
"https://www.sowerbysholidaycottages.co.uk/popular-norfolk-holiday-villages/burnham-market/","200","Holiday cottages to rent in Burnham Market, Norfolk - Sowerbys Holiday Cottages","Indexable",""
"https://www.sowerbysholidaycottages.co.uk/popular-norfolk-holiday-villages/walsingham/","200","Holiday cottages to rent in Walsingham, Norfolk - Sowerbys Holiday Cottages","Indexable",""
"https://www.sowerbysholidaycottages.co.uk/popular-norfolk-holiday-villages/burnham-overy-town/","200","Holiday cottages to rent in Burnham Overy Town, Norfolk - Sowerbys Holiday Cottages","Indexable",""
"https://www.sowerbysholidaycottages.co.uk/popular-norfolk-holiday-villages/burnham-overy-staithe/","200","Holiday cottages to rent in Burnham Overy Staithe, Norfolk - Sowerbys Holiday Cottages","Indexable",""
"https://www.sowerbysholidaycottages.co.uk/popular-norfolk-holiday-villages/heacham/","200","Holiday cottages to rent in Heacham, Norfolk - Sowerbys Holiday Cottages","Indexable",""
"https://www.sowerbysholidaycottages.co.uk/popular-norfolk-holiday-villages/ringstead/","200","Holiday cottages to rent in Ringstead, Norfolk - Sowerbys Holiday Cottages","Indexable",""
"https://www.sowerbysholidaycottages.co.uk/popular-norfolk-holiday-villages/great-snoring/","200","Holiday cottages to rent in Great Snoring, Norfolk - Sowerbys Holiday Cottages","Indexable",""
"https://www.sowerbysholidaycottages.co.uk/popular-norfolk-holiday-villages/hunstanton/","200","Holiday cottages to rent in Hunstanton, Norfolk - Sowerbys Holiday Cottages","Indexable",""
"https://www.sowerbysholidaycottages.co.uk/popular-norfolk-holiday-villages/brancaster/","200","Holiday cottages to rent in Brancaster, Norfolk - Sowerbys Holiday Cottages","Indexable",""
"https://www.sowerbysholidaycottages.co.uk/popular-norfolk-holiday-villages/brancaster-staithe/","200","Holiday cottages to rent in Brancaster Staithe, Norfolk - Sowerbys Holiday Cottages","Indexable",""
"https://www.sowerbysholidaycottages.co.uk/popular-norfolk-holiday-villages/old-hunstanton/","200","Holiday cottages to rent in Old Hunstanton, Norfolk - Sowerbys Holiday Cottages","Indexable",""
"https://www.sowerbysholidaycottages.co.uk/popular-norfolk-holiday-villages/thornham/","200","Holiday cottages to rent in Thornham, Norfolk - Sowerbys Holiday Cottages","Indexable",""
"https://www.sowerbysholidaycottages.co.uk/popular-norfolk-holiday-villages/burnham-deepdale/","200","Holiday cottages to rent in Burnham Deepdale, Norfolk - Sowerbys Holiday Cottages","Indexable",""
"https://www.sowerbysholidaycottages.co.uk/popular-norfolk-holiday-villages/blakeney/","200","Holiday cottages to rent in Blakeney, Norfolk - Sowerbys Holiday Cottages","Indexable",""
"https://www.sowerbysholidaycottages.co.uk/popular-norfolk-holiday-villages/wells-next-the-sea/","200","Holiday cottages to rent in Wells-next-the-sea, Norfolk - Sowerbys Holiday Cottages","Indexable",""
"https://www.sowerbysholidaycottages.co.uk/popular-norfolk-holiday-villages/warham/","200","Holiday cottages to rent in Warham, Norfolk - Sowerbys Holiday Cottages","Indexable",""
"https://www.sowerbysholidaycottages.co.uk/popular-norfolk-holiday-villages/titchwell/","200","Holiday cottages to rent in Titchwell, Norfolk - Sowerbys Holiday Cottages","Indexable",""
"https://www.sowerbysholidaycottages.co.uk/popular-norfolk-holiday-villages/burnham-norton/","200","Holiday cottages to rent in Burnham Norton, Norfolk - Sowerbys Holiday Cottages","Indexable",""
"https://www.sowerbysholidaycottages.co.uk/popular-norfolk-holiday-villages/houghton-estate/","200","Holiday cottages to rent in Houghton Estate, Norfolk - Sowerbys Holiday Cottages","Indexable",""
"https://www.sowerbysholidaycottages.co.uk/popular-norfolk-holiday-villages/stanhoe/","200","Holiday cottages to rent in Stanhoe, Norfolk - Sowerbys Holiday Cottages","Indexable",""
"https://www.sowerbysholidaycottages.co.uk/popular-norfolk-holiday-villages/holme-next-the-sea/","200","Holiday cottages to rent in Holme-next-the-Sea, Norfolk - Sowerbys Holiday Cottages","Indexable",""
"https://www.sowerbysholidaycottages.co.uk/popular-norfolk-holiday-villages/docking/","200","Holiday cottages to rent in Docking, Norfolk - Sowerbys Holiday Cottages","Indexable",""
"https://www.sowerbysholidaycottages.co.uk/popular-norfolk-holiday-villages/fring/","200","Holiday cottages to rent in Fring, Norfolk - Sowerbys Holiday Cottages","Indexable",""
"https://www.sowerbysholidaycottages.co.uk/popular-norfolk-holiday-villages/stiffkey/","200","Holiday cottages to rent in Stiffkey, Norfolk - Sowerbys Holiday Cottages","Indexable",""
"https://www.sowerbysholidaycottages.co.uk/popular-norfolk-holiday-villages/binham/","200","Holiday cottages to rent in Binham, Norfolk - Sowerbys Holiday Cottages","Indexable",""
"https://www.sowerbysholidaycottages.co.uk/popular-norfolk-holiday-villages/south-creake/","200","Holiday cottages to rent in South Creake, Norfolk - Sowerbys Holiday Cottages","Indexable",""
"https://www.sowerbysholidaycottages.co.uk/norfolk-holiday-cottages/high-barn/","200","Norfolk Holiday Cottage to rent in Binham - High Barn","Indexable",""
"https://www.sowerbysholidaycottages.co.uk/norfolk-holiday-cottages/sanderling/","200","Norfolk Holiday Cottage to rent in Burnham Market - Sanderling","Indexable",""
"https://www.sowerbysholidaycottages.co.uk/norfolk-holiday-cottages/the-gables/","200","Norfolk Holiday Cottage to rent in Thornham - The Gables","Indexable",""
"https://www.sowerbysholidaycottages.co.uk/norfolk-holiday-cottages/orchard-house-3-bedrooms/","200","Norfolk Holiday Cottage to rent in Burnham Market - Orchard House 3 bedrooms","Indexable",""
"https://www.sowerbysholidaycottages.co.uk/norfolk-holiday-cottages/heron-cottage/","200","Norfolk Holiday Cottage to rent in Thornham - Heron Cottage","Indexable",""
"https://www.sowerbysholidaycottages.co.uk/norfolk-holiday-cottages/washington-beach-house/","200","Norfolk Holiday Cottage to rent in Heacham - Washington Beach House","Indexable",""
"https://www.sowerbysholidaycottages.co.uk/norfolk-holiday-cottages/sea-lavender-house/","200","Norfolk Holiday Cottage to rent in Brancaster - Sea Lavender House","Indexable",""
"https://www.sowerbysholidaycottages.co.uk/norfolk-holiday-cottages/old-mill-cottage/","200","Norfolk Holiday Cottage to rent in Binham - Old Mill Cottage","Indexable",""
"https://www.sowerbysholidaycottages.co.uk/norfolk-holiday-cottages/marshview-cottage/","200","Norfolk Holiday Cottage to rent in Brancaster Staithe - Marshview Cottage","Indexable",""
"https://www.sowerbysholidaycottages.co.uk/norfolk-holiday-cottages/cherry-house/","200","Norfolk Holiday Cottage to rent in Thornham - Cherry House","Indexable",""
"https://www.sowerbysholidaycottages.co.uk/norfolk-holiday-cottages/washington-beach-house-with-lodge/","200","Norfolk Holiday Cottage to rent in Heacham - Washington Beach House with Lodge","Indexable",""
"https://www.sowerbysholidaycottages.co.uk/norfolk-holiday-cottages/the-meadows/","200","Norfolk Holiday Cottage to rent in Holme-next-the-Sea - The Meadows","Indexable",""
"https://www.sowerbysholidaycottages.co.uk/norfolk-holiday-cottages/hillcrest-barn/","200","Norfolk Holiday Cottage to rent in Burnham Market - Hillcrest Barn","Indexable",""
"https://www.sowerbysholidaycottages.co.uk/norfolk-holiday-cottages/the-cartshed-6-marshland-barns/","200","Norfolk Holiday Cottage to rent in Titchwell - The Cartshed 6 Marshland Barns","Indexable",""
"https://www.sowerbysholidaycottages.co.uk/norfolk-holiday-cottages/old-mill-and-cottage/","200","Norfolk Holiday Cottage to rent in Binham - Old Mill and Cottage","Indexable",""
"https://www.sowerbysholidaycottages.co.uk/norfolk-holiday-cottages/burnham-loft/","200","Norfolk Holiday Cottage to rent in Burnham Market - Burnham Loft","Indexable",""
"https://www.sowerbysholidaycottages.co.uk/norfolk-holiday-cottages/violets-cottage/","200","Norfolk Holiday Cottage to rent in Binham - Violet's Cottage","Indexable",""
"https://www.sowerbysholidaycottages.co.uk/norfolk-holiday-cottages/easterly/","200","Norfolk Holiday Cottage to rent in Burnham Market - Easterly","Indexable",""
"https://www.sowerbysholidaycottages.co.uk/norfolk-holiday-cottages/fayette/","200","Norfolk Holiday Cottage to rent in North Creake - Fayette","Indexable",""
"https://www.sowerbysholidaycottages.co.uk/norfolk-holiday-cottages/1-manor-farm-barns/","200","Norfolk Holiday Cottage to rent in Brancaster - 1 Manor Farm Barns","Indexable",""
"https://www.sowerbysholidaycottages.co.uk/norfolk-holiday-cottages/school-pastures-2-bedrooms/","200","Norfolk Holiday Cottage to rent in Burnham Deepdale - School Pastures 2 bedrooms","Indexable",""
"https://www.sowerbysholidaycottages.co.uk/norfolk-holiday-cottages/lark-house/","200","Norfolk Holiday Cottage to rent in Burnham Market - Lark House","Indexable",""
"https://www.sowerbysholidaycottages.co.uk/norfolk-holiday-cottages/washmeres-2-bedrooms/","200","Norfolk Holiday Cottage to rent in Houghton Estate - Washmeres 2 bedrooms","Indexable",""
"https://www.sowerbysholidaycottages.co.uk/norfolk-holiday-cottages/mallards/","200","Norfolk Holiday Cottage to rent in Burnham Market - Mallards","Indexable",""
"https://www.sowerbysholidaycottages.co.uk/norfolk-holiday-cottages/1-manor-farm-barns-3-bedrooms/","200","Norfolk Holiday Cottage to rent in Brancaster - 1 Manor Farm Barns 3 bedrooms","Indexable",""
"https://www.sowerbysholidaycottages.co.uk/norfolk-holiday-cottages/tarnside/","200","Norfolk Holiday Cottage to rent in Docking - Tarnside","Indexable",""
"https://www.sowerbysholidaycottages.co.uk/norfolk-holiday-cottages/aspall-escape/","200","Norfolk Holiday Cottage to rent in Burnham Market - Aspall Escape","Indexable",""
"https://www.sowerbysholidaycottages.co.uk/norfolk-holiday-cottages/hope-cottage/","200","Norfolk Holiday Cottage to rent in Holme-next-the-Sea - Hope Cottage","Indexable",""
"https://www.sowerbysholidaycottages.co.uk/norfolk-holiday-cottages/old-mill/","200","Norfolk Holiday Cottage to rent in Binham - Old Mill","Indexable",""
"https://www.sowerbysholidaycottages.co.uk/norfolk-holiday-cottages/scotts-cottage-4-bedrooms/","200","Norfolk Holiday Cottage to rent in Burnham Overy Staithe - Scott's Cottage 4 bedrooms","Indexable",""
"https://www.sowerbysholidaycottages.co.uk/norfolk-holiday-cottages/amber-cottage/","200","Norfolk Holiday Cottage to rent in Burnham Market - Amber Cottage","Indexable",""
"https://www.sowerbysholidaycottages.co.uk/norfolk-holiday-cottages/mallards-2-bedrooms/","200","Norfolk Holiday Cottage to rent in Burnham Market - Mallards 2 bedrooms","Indexable",""
"https://www.sowerbysholidaycottages.co.uk/norfolk-holiday-cottages/cockleshed-house/","200","Norfolk Holiday Cottage to rent in Brancaster Staithe - Cockleshed House","Indexable",""
"https://www.sowerbysholidaycottages.co.uk/norfolk-holiday-cottages/salt-marsh/","200","Norfolk Holiday Cottage to rent in Thornham - Salt Marsh","Indexable",""
"https://www.sowerbysholidaycottages.co.uk/norfolk-holiday-cottages/louisa-barn/","200","Norfolk Holiday Cottage to rent in Burnham Market - Louisa Barn","Indexable",""
"https://www.sowerbysholidaycottages.co.uk/norfolk-holiday-cottages/olives-cottage/","200","Norfolk Holiday Cottage to rent in Burnham Market - Olive's Cottage","Indexable",""
"https://www.sowerbysholidaycottages.co.uk/norfolk-holiday-cottages/the-cartshed-6-marshland-barns-2-bedrooms/","200","Norfolk Holiday Cottage to rent in Titchwell - The Cartshed 6 Marshland Barns 2 bedrooms","Indexable",""
"https://www.sowerbysholidaycottages.co.uk/norfolk-holiday-cottages/basils-barn/","200","Norfolk Holiday Cottage to rent in Burnham Market - Basil's Barn","Indexable",""
"https://www.sowerbysholidaycottages.co.uk/norfolk-holiday-cottages/school-pastures-6-bedrooms/","200","Norfolk Holiday Cottage to rent in Burnham Deepdale - School Pastures 6 bedrooms","Indexable",""
"https://www.sowerbysholidaycottages.co.uk/norfolk-holiday-cottages/bell-view-cottage/","200","Norfolk Holiday Cottage to rent in Burnham Market - Bell View Cottage","Indexable",""
"https://www.sowerbysholidaycottages.co.uk/norfolk-holiday-cottages/greystones/","200","Norfolk Holiday Cottage to rent in Holme-next-the-Sea - Greystones","Indexable",""
"https://www.sowerbysholidaycottages.co.uk/norfolk-holiday-cottages/1-manor-farm-barns-2-bedrooms/","200","Norfolk Holiday Cottage to rent in Brancaster - 1 Manor Farm Barns 2 bedrooms","Indexable",""
"https://www.sowerbysholidaycottages.co.uk/norfolk-holiday-cottages/orchard-house-5-bedrooms/","200","Norfolk Holiday Cottage to rent in Burnham Market - Orchard House 5 bedrooms","Indexable",""
"https://www.sowerbysholidaycottages.co.uk/norfolk-holiday-cottages/the-old-smithy/","200","Norfolk Holiday Cottage to rent in Holme-next-the-Sea - The Old Smithy","Indexable",""
"https://www.sowerbysholidaycottages.co.uk/norfolk-holiday-cottages/the-lamp-house/","200","Norfolk Holiday Cottage to rent in Burnham Market - The Lamp House","Indexable",""
"https://www.sowerbysholidaycottages.co.uk/norfolk-holiday-cottages/beacon-hill-barn/","200","Norfolk Holiday Cottage to rent in Burnham Market - Beacon Hill Barn","Indexable",""
"https://www.sowerbysholidaycottages.co.uk/norfolk-holiday-cottages/seaborne-penthouse/","200","Norfolk Holiday Cottage to rent in Wells-next-the-Sea - Seaborne Penthouse","Indexable",""
"https://www.sowerbysholidaycottages.co.uk/norfolk-holiday-cottages/oystercatchers/","200","Norfolk Holiday Cottage to rent in Burnham Market - Oystercatchers","Indexable",""
"https://www.sowerbysholidaycottages.co.uk/norfolk-holiday-cottages/the-saltings/","200","Norfolk Holiday Cottage to rent in Thornham - The Saltings","Indexable",""
"https://www.sowerbysholidaycottages.co.uk/norfolk-holiday-cottages/sail-away/","200","Norfolk Holiday Cottage to rent in Brancaster Staithe - Sail Away","Indexable",""
"https://www.sowerbysholidaycottages.co.uk/norfolk-holiday-cottages/peewits-penthouse/","200","Norfolk Holiday Cottage to rent in Wells-next-the-Sea - Peewits Penthouse","Indexable",""
"https://www.sowerbysholidaycottages.co.uk/norfolk-holiday-cottages/heronsway/","200","Norfolk Holiday Cottage to rent in Holme-next-the-Sea - Heronsway","Indexable",""
"https://www.sowerbysholidaycottages.co.uk/norfolk-holiday-cottages/slumber-barn-3-bedrooms/","200","Norfolk Holiday Cottage to rent in Great Snoring - Slumber Barn 3 bedrooms","Indexable",""
"https://www.sowerbysholidaycottages.co.uk/norfolk-holiday-cottages/blackbird-barn/","200","Norfolk Holiday Cottage to rent in Wells-next-the-Sea - Blackbird Barn","Indexable",""
"https://www.sowerbysholidaycottages.co.uk/norfolk-holiday-cottages/driftwood/","200","Norfolk Holiday Cottage to rent in Ringstead - Driftwood","Indexable",""
"https://www.sowerbysholidaycottages.co.uk/norfolk-holiday-cottages/scotts-cottage-6-bedrooms/","200","Norfolk Holiday Cottage to rent in Burnham Overy Staithe - Scott's Cottage 6 bedrooms","Indexable",""
"https://www.sowerbysholidaycottages.co.uk/norfolk-holiday-cottages/cobblestone-cottage/","200","Norfolk Holiday Cottage to rent in Docking - Cobblestone Cottage","Indexable",""
"https://www.sowerbysholidaycottages.co.uk/norfolk-holiday-cottages/allerdale-house/","200","Norfolk Holiday Cottage to rent in Brancaster Staithe - Allerdale House","Indexable",""
"https://www.sowerbysholidaycottages.co.uk/norfolk-holiday-cottages/school-pastures-4-bedrooms/","200","Norfolk Holiday Cottage to rent in Burnham Deepdale - School Pastures 4 bedrooms","Indexable",""
"https://www.sowerbysholidaycottages.co.uk/norfolk-holiday-cottages/spring-cottage/","200","Norfolk Holiday Cottage to rent in Burnham Market - Spring Cottage","Indexable",""
"https://www.sowerbysholidaycottages.co.uk/norfolk-holiday-cottages/stearmans-cottage/","200","Norfolk Holiday Cottage to rent in Wells-next-the-sea - Stearmans Cottage","Indexable",""
"https://www.sowerbysholidaycottages.co.uk/norfolk-holiday-cottages/tides/","200","Norfolk Holiday Cottage to rent in Wells-next-the-Sea - Tides","Indexable",""
"https://www.sowerbysholidaycottages.co.uk/norfolk-holiday-cottages/chase-cottage-2-bedrooms/","200","Norfolk Holiday Cottage to rent in Docking - Chase Cottage 2 bedrooms","Indexable",""
"https://www.sowerbysholidaycottages.co.uk/norfolk-holiday-cottages/market-lane-house-3-bedrooms/","200","Norfolk Holiday Cottage to rent in Brancaster - Market Lane House 3 bedrooms","Indexable",""
"https://www.sowerbysholidaycottages.co.uk/norfolk-holiday-cottages/chapel-cottages-godwit/","200","Norfolk Holiday Cottage to rent in Holme-next-the-Sea - Chapel Cottages - Godwit","Indexable",""
"https://www.sowerbysholidaycottages.co.uk/norfolk-holiday-cottages/badgets-2-bedrooms/","200","Norfolk Holiday Cottage to rent in Docking - Badgets 2 bedrooms","Indexable",""
"https://www.sowerbysholidaycottages.co.uk/norfolk-holiday-cottages/the-pilchard/","200","Norfolk Holiday Cottage to rent in Wells-next-the-Sea - The Pilchard","Indexable",""
"https://www.sowerbysholidaycottages.co.uk/map-search/?start_date=&duration=&sleeps=&dogs=&property=&bedrooms=&bathrooms=&village=&new=yes","200","Map Search - Sowerbys Holiday Cottages","Non-Indexable","noindex"
"https://www.sowerbysholidaycottages.co.uk/norfolk-holiday-cottages/6-monteagle/","200","Norfolk Holiday Cottage to rent in Wells-next-the-Sea - 6 Monteagle","Indexable",""
"https://www.sowerbysholidaycottages.co.uk/norfolk-holiday-cottages/badgets-3-bedrooms/","200","Norfolk Holiday Cottage to rent in Docking - Badgets 3 Bedrooms","Indexable",""
"https://www.sowerbysholidaycottages.co.uk/norfolk-holiday-cottages/chapel-cottages-bittern/","200","Norfolk Holiday Cottage to rent in Holme-next-the-Sea - Chapel Cottages - Bittern","Indexable",""
"https://www.sowerbysholidaycottages.co.uk/norfolk-holiday-cottages/boathouse-bliss/","200","Norfolk Holiday Cottage to rent in Heacham - Boathouse Bliss","Indexable",""
"https://www.sowerbysholidaycottages.co.uk/norfolk-holiday-cottages/chapel-cottages-avocet/","200","Norfolk Holiday Cottage to rent in Holme-next-the-Sea - Chapel Cottages - Avocet","Indexable",""
"https://www.sowerbysholidaycottages.co.uk/norfolk-holiday-cottages/harts-house/","200","Norfolk Holiday Cottage to rent in Burnham Overy Staithe - Hart's House","Indexable",""
"https://www.sowerbysholidaycottages.co.uk/norfolk-holiday-cottages/sea-wood/","200","Norfolk Holiday Cottage to rent in Brancaster Staithe - Sea Wood","Indexable",""
"https://www.sowerbysholidaycottages.co.uk/norfolk-holiday-cottages/chase-cottage/","200","Norfolk Holiday Cottage to rent in Docking - Chase Cottage","Indexable",""
"https://www.sowerbysholidaycottages.co.uk/norfolk-holiday-cottages/east-fleet/","200","Norfolk Holiday Cottage to rent in Wells-next-the-Sea - East Fleet","Indexable",""
"https://www.sowerbysholidaycottages.co.uk/norfolk-holiday-cottages/1-knights-cottages/","200","Norfolk Holiday Cottage to rent in Thornham - 1 Knights Cottages","Indexable",""
"https://www.sowerbysholidaycottages.co.uk/norfolk-holiday-cottages/gillies/","200","Norfolk Holiday Cottage to rent in Burnham Overy Staithe - Gillies","Indexable",""
"https://www.sowerbysholidaycottages.co.uk/norfolk-holiday-cottages/neptune/","200","Norfolk Holiday Cottage to rent in Heacham - Neptune","Indexable",""
"https://www.sowerbysholidaycottages.co.uk/norfolk-holiday-cottages/island-house/","200","Norfolk Holiday Cottage to rent in Brancaster Staithe - Island House","Indexable",""
"https://www.sowerbysholidaycottages.co.uk/norfolk-holiday-cottages/sea-wood-3-bedrooms/","200","Norfolk Holiday Cottage to rent in Brancaster Staithe - Sea Wood 3 bedrooms","Indexable",""
"https://www.sowerbysholidaycottages.co.uk/norfolk-holiday-cottages/harbour-view/","200","Norfolk Holiday Cottage to rent in Wells-next-the-Sea - Harbour View","Indexable",""
"https://www.sowerbysholidaycottages.co.uk/norfolk-holiday-cottages/longview-cottage/","200","Norfolk Holiday Cottage to rent in Wells-next-the-Sea - Longview Cottage","Indexable",""
"https://www.sowerbysholidaycottages.co.uk/norfolk-holiday-cottages/5-pauls-maltings/","200","Norfolk Holiday Cottage to rent in Wells-next-the-Sea - 5 Pauls Maltings","Indexable",""
"https://www.sowerbysholidaycottages.co.uk/norfolk-holiday-cottages/sunnydene/","200","Norfolk Holiday Cottage to rent in Brancaster Staithe - Sunnydene","Indexable",""
"https://www.sowerbysholidaycottages.co.uk/norfolk-holiday-cottages/staithe-barn/","200","Norfolk Holiday Cottage to rent in Burnham Overy Staithe - Staithe Barn","Indexable",""
"https://www.sowerbysholidaycottages.co.uk/norfolk-holiday-cottages/the-cottage-overy-staithe/","200","Norfolk Holiday Cottage to rent in Burnham Overy Staithe - The Cottage Overy Staithe","Indexable",""
"https://www.sowerbysholidaycottages.co.uk/norfolk-holiday-cottages/ongar-lodge/","200","Norfolk Holiday Cottage to rent in Old Hunstanton - Ongar Lodge","Indexable",""
"https://www.sowerbysholidaycottages.co.uk/norfolk-holiday-cottages/sea-breeze/","200","Norfolk Holiday Cottage to rent in Hunstanton - Sea Breeze","Indexable",""
"https://www.sowerbysholidaycottages.co.uk/norfolk-holiday-cottages/pear-tree-cottage/","200","Norfolk Holiday Cottage to rent in Holme-next-the-Sea - Pear Tree Cottage","Indexable",""
"https://www.sowerbysholidaycottages.co.uk/norfolk-holiday-cottages/cobblestones/","200","Norfolk Holiday Cottage to rent in Brancaster Staithe - Cobblestones","Indexable",""
"https://www.sowerbysholidaycottages.co.uk/norfolk-holiday-cottages/falgate/","200","Norfolk Holiday Cottage to rent in Burnham Overy Staithe - Falgate","Indexable",""
"https://www.sowerbysholidaycottages.co.uk/norfolk-holiday-cottages/2-pauls-maltings/","200","Norfolk Holiday Cottage to rent in Wells-next-the-Sea - 2 Pauls Maltings","Indexable",""
"https://www.sowerbysholidaycottages.co.uk/norfolk-holiday-cottages/foam-crest/","200","Norfolk Holiday Cottage to rent in Heacham - Foam Crest","Indexable",""
"https://www.sowerbysholidaycottages.co.uk/norfolk-holiday-cottages/beachcomber/","200","Norfolk Holiday Cottage to rent in Heacham - Beachcomber","Indexable",""
"https://www.sowerbysholidaycottages.co.uk/norfolk-holiday-cottages/green-tiles/","200","Norfolk Holiday Cottage to rent in Old Hunstanton - Green Tiles","Indexable",""
"https://www.sowerbysholidaycottages.co.uk/norfolk-holiday-cottages/4-pauls-maltings/","200","Norfolk Holiday Cottage to rent in Wells-next-the-Sea - 4 Pauls Maltings","Indexable",""
"https://www.sowerbysholidaycottages.co.uk/norfolk-holiday-cottages/6-the-granary/","200","Norfolk Holiday Cottage to rent in Wells-next-the-Sea - 6 The Granary","Indexable",""
"https://www.sowerbysholidaycottages.co.uk/norfolk-holiday-cottages/mow-creek-cottage/","200","Norfolk Holiday Cottage to rent in Brancaster Staithe - Mow Creek Cottage","Indexable",""
"https://www.sowerbysholidaycottages.co.uk/norfolk-holiday-cottages/cockle-beach/","200","Norfolk Holiday Cottage to rent in Heacham - Cockle Beach","Indexable",""
"https://www.sowerbysholidaycottages.co.uk/norfolk-holiday-cottages/2-knights-cottages/","200","Norfolk Holiday Cottage to rent in Thornham - 2 Knights Cottages","Indexable",""
"https://www.sowerbysholidaycottages.co.uk/norfolk-holiday-cottages/2-dormy-house/","200","Norfolk Holiday Cottage to rent in Brancaster - 2 Dormy House","Indexable",""
"https://www.sowerbysholidaycottages.co.uk/norfolk-holiday-cottages/quayside/","200","Norfolk Holiday Cottage to rent in Wells-next-the-Sea - Quayside","Indexable",""
"https://www.sowerbysholidaycottages.co.uk/norfolk-holiday-cottages/washington-lodge/","200","Norfolk Holiday Cottage to rent in Heacham - Washington Lodge","Indexable",""
"https://www.sowerbysholidaycottages.co.uk/norfolk-holiday-cottages/harrier-cottage/","200","Norfolk Holiday Cottage to rent in Thornham - Harrier Cottage","Indexable",""
"https://www.sowerbysholidaycottages.co.uk/norfolk-holiday-cottages/sea-view/","200","Norfolk Holiday Cottage to rent in Heacham - Sea View","Indexable",""
"https://www.sowerbysholidaycottages.co.uk/norfolk-holiday-cottages/scotts-lodge/","200","Norfolk Holiday Cottage to rent in Burnham Overy Staithe - Scott's Lodge","Indexable",""
"https://www.sowerbysholidaycottages.co.uk/norfolk-holiday-cottages/sandbanks/","200","Norfolk Holiday Cottage to rent in Wells-next-the-Sea - Sandbanks","Indexable",""
"https://www.sowerbysholidaycottages.co.uk/map-search/?start_date=&duration=&sleeps=&dogs=&property=&action=quicksearch&bedrooms=&bathrooms=&village=&has_sea_view=yes","200","Map Search - Sowerbys Holiday Cottages","Non-Indexable","noindex"
"https://www.sowerbysholidaycottages.co.uk/norfolk-holiday-cottages/harbour-cottage/","200","Norfolk Holiday Cottage to rent in Wells-next-the-Sea - Harbour Cottage","Indexable",""
"https://www.sowerbysholidaycottages.co.uk/property-details-print/?propertyID=3401","200","Sowerbys Holiday Cottages | Property details for Violet","Non-Indexable","noindex"
"https://www.sowerbysholidaycottages.co.uk/norfolk-holiday-cottages/samphire-cottage/","200","Norfolk Holiday Cottage to rent in Brancaster Staithe - Samphire Cottage","Indexable",""
"https://www.sowerbysholidaycottages.co.uk/norfolk-holiday-cottages/lime-cottage/","200","Norfolk Holiday Cottage to rent in Ringstead - Lime Cottage","Indexable",""
"https://www.sowerbysholidaycottages.co.uk/norfolk-holiday-cottages/lilac-cottage/","200","Norfolk Holiday Cottage to rent in Burnham Overy Town - Lilac Cottage","Indexable",""
"https://www.sowerbysholidaycottages.co.uk/norfolk-holiday-cottages/dolphin-cottage/","200","Norfolk Holiday Cottage to rent in Old Hunstanton - Dolphin Cottage","Indexable",""
"https://www.sowerbysholidaycottages.co.uk/norfolk-holiday-cottages/beamish/","200","Norfolk Holiday Cottage to rent in Holme-next-the-Sea - Beamish","Indexable",""
"https://www.sowerbysholidaycottages.co.uk/norfolk-holiday-cottages/josh-cottage/","200","Norfolk Holiday Cottage to rent in South Creake - Josh Cottage","Indexable",""
"https://www.sowerbysholidaycottages.co.uk/norfolk-holiday-cottages/old-barn/","200","Norfolk Holiday Cottage to rent in Holme-next-the-Sea - Old Barn","Indexable",""
"https://www.sowerbysholidaycottages.co.uk/norfolk-holiday-cottages/brent-burn/","200","Norfolk Holiday Cottage to rent in Burnham Market - Brent Burn","Indexable",""
"https://www.sowerbysholidaycottages.co.uk/norfolk-holiday-cottages/orchard-house-140/","200","Norfolk Holiday Cottage to rent in Blakeney - Orchard House 140","Indexable",""
"https://www.sowerbysholidaycottages.co.uk/norfolk-holiday-cottages/lapwing/","200","Norfolk Holiday Cottage to rent in Brancaster - Lapwing","Indexable",""
"https://www.sowerbysholidaycottages.co.uk/norfolk-holiday-cottages/beck-cottage/","200","Norfolk Holiday Cottage to rent in South Creake - Beck Cottage","Indexable",""
"https://www.sowerbysholidaycottages.co.uk/norfolk-holiday-cottages/garden-cottage/","200","Norfolk Holiday Cottage to rent in Ringstead - Garden Cottage","Indexable",""
"https://www.sowerbysholidaycottages.co.uk/norfolk-holiday-cottages/pinkleton/","200","Norfolk Holiday Cottage to rent in Egmere - Pinkleton","Indexable",""
"https://www.sowerbysholidaycottages.co.uk/norfolk-holiday-cottages/linksway-2-bedrooms/","200","Norfolk Holiday Cottage to rent in Brancaster - Linksway 2 bedrooms","Indexable",""
"https://www.sowerbysholidaycottages.co.uk/norfolk-holiday-cottages/seal-cottage/","200","Norfolk Holiday Cottage to rent in Wells-next-the-Sea - Seal Cottage","Indexable",""
"https://www.sowerbysholidaycottages.co.uk/norfolk-holiday-cottages/lantern-cottage/","200","Norfolk Holiday Cottage to rent in Burnham Overy Staithe - Lantern Cottage","Indexable",""
"https://www.sowerbysholidaycottages.co.uk/norfolk-holiday-cottages/skylark/","200","Norfolk Holiday Cottage to rent in Burnham Overy Staithe - Skylark","Indexable",""
"https://www.sowerbysholidaycottages.co.uk/norfolk-holiday-cottages/chadwicks/","200","Norfolk Holiday Cottage to rent in Brancaster - Chadwicks","Indexable",""
"https://www.sowerbysholidaycottages.co.uk/norfolk-holiday-cottages/seawards/","200","Norfolk Holiday Cottage to rent in Old Hunstanton - Seawards","Indexable",""
"https://www.sowerbysholidaycottages.co.uk/norfolk-holiday-cottages/lavender-house/","200","Norfolk Holiday Cottage to rent in Burnham Overy Town - Lavender House","Indexable",""
"https://www.sowerbysholidaycottages.co.uk/norfolk-holiday-cottages/rose-cottage/","200","Norfolk Holiday Cottage to rent in Burnham Market - Rose Cottage","Indexable",""
"https://www.sowerbysholidaycottages.co.uk/norfolk-holiday-cottages/field-cottage-in-brancaster-staithe/","200","Norfolk Holiday Cottage to rent in Brancaster Staithe - Field Cottage in Brancaster Staithe","Indexable",""
"https://www.sowerbysholidaycottages.co.uk/norfolk-holiday-cottages/garden-house/","200","Norfolk Holiday Cottage to rent in Burnham Market - Garden House","Indexable",""
"https://www.sowerbysholidaycottages.co.uk/norfolk-holiday-cottages/1-railway-cottages/","200","Norfolk Holiday Cottage to rent in Burnham Market - 1 Railway Cottages","Indexable",""
"https://www.sowerbysholidaycottages.co.uk/norfolk-holiday-cottages/lavender-cottage/","200","Norfolk Holiday Cottage to rent in Burnham Market - Lavender Cottage","Indexable",""
"https://www.sowerbysholidaycottages.co.uk/norfolk-holiday-cottages/eastwood-house-2-bedrooms/","200","Norfolk Holiday Cottage to rent in Brancaster - Eastwood House 2 bedrooms","Indexable",""
"https://www.sowerbysholidaycottages.co.uk/norfolk-holiday-cottages/sea-lavender-cottage/","200","Norfolk Holiday Cottage to rent in Burnham Market - Sea Lavender Cottage","Indexable",""
"https://www.sowerbysholidaycottages.co.uk/norfolk-holiday-cottages/market-lane-house/","200","Norfolk Holiday Cottage to rent in Brancaster - Market Lane House","Indexable",""
"https://www.sowerbysholidaycottages.co.uk/norfolk-holiday-cottages/crows-nest-cottage/","200","Norfolk Holiday Cottage to rent in Burnham Overy Staithe - Crows Nest Cottage","Indexable",""
"https://www.sowerbysholidaycottages.co.uk/norfolk-holiday-cottages/the-cottage-erpingham-court/","200","Norfolk Holiday Cottage to rent in Old Hunstanton - The Cottage Erpingham Court","Indexable",""
"https://www.sowerbysholidaycottages.co.uk/norfolk-holiday-cottages/curlew-cottage-2-bedrooms/","200","Norfolk Holiday Cottage to rent in Brancaster - Curlew Cottage 2 bedrooms","Indexable",""
"https://www.sowerbysholidaycottages.co.uk/norfolk-holiday-cottages/old-hunny-cottage/","200","Norfolk Holiday Cottage to rent in Old Hunstanton - Old Hunny Cottage","Indexable",""
"https://www.sowerbysholidaycottages.co.uk/norfolk-holiday-cottages/4-odd-fellows-court/","200","Norfolk Holiday Cottage to rent in Wells-next-the-sea - 4 Odd Fellows Court","Indexable",""
"https://www.sowerbysholidaycottages.co.uk/norfolk-holiday-cottages/saltmarshes/","200","Norfolk Holiday Cottage to rent in Holme-next-the-Sea - Saltmarshes","Indexable",""
"https://www.sowerbysholidaycottages.co.uk/norfolk-holiday-cottages/curlew-cottage/","200","Norfolk Holiday Cottage to rent in Brancaster - Curlew Cottage","Indexable",""
"https://www.sowerbysholidaycottages.co.uk/norfolk-holiday-cottages/holly-cottage/","200","Norfolk Holiday Cottage to rent in Docking - Holly Cottage","Indexable",""
"https://www.sowerbysholidaycottages.co.uk/norfolk-holiday-cottages/furnace-cottage/","200","Norfolk Holiday Cottage to rent in Walsingham - Furnace Cottage","Indexable",""
"https://www.sowerbysholidaycottages.co.uk/norfolk-holiday-cottages/harpers/","200","Norfolk Holiday Cottage to rent in Burnham Market - Harpers","Indexable",""
"https://www.sowerbysholidaycottages.co.uk/norfolk-holiday-cottages/fleece-house/","200","Norfolk Holiday Cottage to rent in South Creake - Fleece House","Indexable",""
"https://www.sowerbysholidaycottages.co.uk/norfolk-holiday-cottages/cherry-tree-cottage/","200","Norfolk Holiday Cottage to rent in Stanhoe - Cherry Tree Cottage","Indexable",""
"https://www.sowerbysholidaycottages.co.uk/norfolk-holiday-cottages/fortune-cottage/","200","Norfolk Holiday Cottage to rent in Burnham Market - Fortune Cottage","Indexable",""
"https://www.sowerbysholidaycottages.co.uk/norfolk-holiday-cottages/claremont-house/","200","Norfolk Holiday Cottage to rent in Burnham Market - Claremont House","Indexable",""
"https://www.sowerbysholidaycottages.co.uk/norfolk-holiday-cottages/the-new-cottage/","200","Norfolk Holiday Cottage to rent in Stanhoe - The New Cottage","Indexable",""
"https://www.sowerbysholidaycottages.co.uk/norfolk-holiday-cottages/turnstone/","200","Norfolk Holiday Cottage to rent in Brancaster - Turnstone","Indexable",""
"https://www.sowerbysholidaycottages.co.uk/norfolk-holiday-cottages/field-cottage-in-docking/","200","Norfolk Holiday Cottage to rent in Docking - Field Cottage in Docking","Indexable",""
"https://www.sowerbysholidaycottages.co.uk/norfolk-holiday-cottages/edinburgh-house-with-annex/","200","Norfolk Holiday Cottage to rent in Burnham Market - Edinburgh House with Annex","Indexable",""
"https://www.sowerbysholidaycottages.co.uk/norfolk-holiday-cottages/holly-house/","200","Norfolk Holiday Cottage to rent in South Creake - Holly House","Indexable",""
"https://www.sowerbysholidaycottages.co.uk/norfolk-holiday-cottages/wren-cottage/","200","Norfolk Holiday Cottage to rent in Thornham - Wren Cottage","Indexable",""
"https://www.sowerbysholidaycottages.co.uk/norfolk-holiday-cottages/langham-house/","200","Norfolk Holiday Cottage to rent in Holme-next-the-Sea - Langham House","Indexable",""
"https://www.sowerbysholidaycottages.co.uk/norfolk-holiday-cottages/honeysuckle-cottage/","200","Norfolk Holiday Cottage to rent in Old Hunstanton - Honeysuckle Cottage","Indexable",""
"https://www.sowerbysholidaycottages.co.uk/norfolk-holiday-cottages/the-stables-manor-court/","200","Norfolk Holiday Cottage to rent in Titchwell - The Stables Manor Court","Indexable",""
"https://www.sowerbysholidaycottages.co.uk/norfolk-holiday-cottages/honeystone-mews/","200","Norfolk Holiday Cottage to rent in Old Hunstanton - Honeystone Mews","Indexable",""
"https://www.sowerbysholidaycottages.co.uk/norfolk-holiday-cottages/the-manse/","200","Norfolk Holiday Cottage to rent in South Creake - The Manse","Indexable",""
"https://www.sowerbysholidaycottages.co.uk/norfolk-holiday-cottages/3-lavender-cottage/","200","Norfolk Holiday Cottage to rent in Burnham Market - 3 Lavender Cottage","Indexable",""
"https://www.sowerbysholidaycottages.co.uk/norfolk-holiday-cottages/ivy-cottage/","200","Norfolk Holiday Cottage to rent in Thornham - Ivy Cottage","Indexable",""
"https://www.sowerbysholidaycottages.co.uk/norfolk-holiday-cottages/eastwood-house/","200","Norfolk Holiday Cottage to rent in Brancaster - Eastwood House","Indexable",""
"https://www.sowerbysholidaycottages.co.uk/norfolk-holiday-cottages/little-tern/","200","Norfolk Holiday Cottage to rent in Burnham Overy Staithe - Little Tern","Indexable",""
"https://www.sowerbysholidaycottages.co.uk/norfolk-holiday-cottages/edinburgh-house/","200","Norfolk Holiday Cottage to rent in Burnham Market - Edinburgh House","Indexable",""
"https://www.sowerbysholidaycottages.co.uk/norfolk-holiday-cottages/tucwel/","200","Norfolk Holiday Cottage to rent in Warham - Tucwel","Indexable",""
"https://www.sowerbysholidaycottages.co.uk/norfolk-holiday-cottages/norton-cottage/","200","Norfolk Holiday Cottage to rent in Burnham Norton - Norton Cottage","Indexable",""
"https://www.sowerbysholidaycottages.co.uk/norfolk-holiday-cottages/the-hideaway-6a/","200","Norfolk Holiday Cottage to rent in Docking - The Hideaway 6A","Indexable",""
"https://www.sowerbysholidaycottages.co.uk/norfolk-holiday-cottages/cornloft-cottage/","200","Norfolk Holiday Cottage to rent in South Creake - Cornloft Cottage","Indexable",""
"https://www.sowerbysholidaycottages.co.uk/norfolk-holiday-cottages/hilltop-nc/","200","Norfolk Holiday Cottage to rent in North Creake - Hilltop NC","Indexable",""
"https://www.sowerbysholidaycottages.co.uk/norfolk-holiday-cottages/east-cottage/","200","Norfolk Holiday Cottage to rent in Burnham Deepdale - East Cottage","Indexable",""
"https://www.sowerbysholidaycottages.co.uk/norfolk-holiday-cottages/3-links-court/","200","Norfolk Holiday Cottage to rent in Brancaster - 3 Links Court","Indexable",""
"https://www.sowerbysholidaycottages.co.uk/norfolk-holiday-cottages/sandton-house/","200","Norfolk Holiday Cottage to rent in Wells-next-the-Sea - Sandton House","Indexable",""
"https://www.sowerbysholidaycottages.co.uk/norfolk-holiday-cottages/field-house/","200","Norfolk Holiday Cottage to rent in Stanhoe - Field House","Indexable",""
"https://www.sowerbysholidaycottages.co.uk/norfolk-holiday-cottages/nelson-lodge/","200","Norfolk Holiday Cottage to rent in Burnham Market - Nelson Lodge","Indexable",""
"https://www.sowerbysholidaycottages.co.uk/norfolk-holiday-cottages/kitts-cottage/","200","Norfolk Holiday Cottage to rent in Burnham Market - Kitts Cottage","Indexable",""
"https://www.sowerbysholidaycottages.co.uk/norfolk-holiday-cottages/butts-corner-2-bedrooms/","200","Norfolk Holiday Cottage to rent in Wells-next-the-Sea - Butts Corner 2 bedrooms","Indexable",""
"https://www.sowerbysholidaycottages.co.uk/norfolk-holiday-cottages/2-hunts-cottages/","200","Norfolk Holiday Cottage to rent in Thornham - 2 Hunts Cottages","Indexable",""
"https://www.sowerbysholidaycottages.co.uk/norfolk-holiday-cottages/3-pond-end-row/","200","Norfolk Holiday Cottage to rent in Docking - 3 Pond End Row","Indexable",""
"https://www.sowerbysholidaycottages.co.uk/norfolk-holiday-cottages/butts-corner/","200","Norfolk Holiday Cottage to rent in Wells-next-the-Sea - Butts Corner","Indexable",""
"https://www.sowerbysholidaycottages.co.uk/norfolk-holiday-cottages/hare-cottage/","200","Norfolk Holiday Cottage to rent in Docking - Hare Cottage","Indexable",""
"https://www.sowerbysholidaycottages.co.uk/norfolk-holiday-cottages/pangurs-piece/","200","Norfolk Holiday Cottage to rent in Burnham Overy Staithe - Pangur's Piece","Indexable",""
"https://www.sowerbysholidaycottages.co.uk/norfolk-holiday-cottages/linksway/","200","Norfolk Holiday Cottage to rent in Brancaster - Linksway","Indexable",""
"https://www.sowerbysholidaycottages.co.uk/map-search/?start_date=&duration=&sleeps=&dogs=&villageorproperty=&bedrooms=&bathrooms=&dogs_by_arrangement=yes&dogs_accepted=yes","200","Map Search - Sowerbys Holiday Cottages","Non-Indexable","noindex"
"https://www.sowerbysholidaycottages.co.uk/norfolk-holiday-cottages/pickles-cottage/","200","Norfolk Holiday Cottage to rent in Holme-next-the-Sea - Pickles Cottage","Indexable",""
"https://www.sowerbysholidaycottages.co.uk/property-details-print/?propertyID=3282","200","Sowerbys Holiday Cottages | Property details for Little Barwick","Non-Indexable","noindex"
"https://www.sowerbysholidaycottages.co.uk/norfolk-holiday-cottages/holly-house-2-bedrooms/","200","Norfolk Holiday Cottage to rent in South Creake - Holly House 2 bedrooms","Indexable",""
"https://www.sowerbysholidaycottages.co.uk/norfolk-holiday-cottages/la-mouette/","200","Norfolk Holiday Cottage to rent in Burnham Market - La Mouette","Indexable",""
"https://www.sowerbysholidaycottages.co.uk/norfolk-holiday-cottages/badgets/","200","Norfolk Holiday Cottage to rent in Docking - Badgets","Indexable",""
"https://www.sowerbysholidaycottages.co.uk/norfolk-holiday-cottages/saffron-cottage/","200","Norfolk Holiday Cottage to rent in Burnham Market - Saffron Cottage","Indexable",""
"https://www.sowerbysholidaycottages.co.uk/norfolk-holiday-cottages/garden-folly/","200","Norfolk Holiday Cottage to rent in Burnham Market - Garden Folly","Indexable",""
"https://www.sowerbysholidaycottages.co.uk/norfolk-holiday-cottages/5-monteagle/","200","Norfolk Holiday Cottage to rent in Wells-next-the-Sea - 5 Monteagle","Indexable",""
"https://www.sowerbysholidaycottages.co.uk/norfolk-holiday-cottages/jeeves-retreat/","200","Norfolk Holiday Cottage to rent in Old Hunstanton - Jeeves Retreat","Indexable",""
"https://www.sowerbysholidaycottages.co.uk/norfolk-holiday-cottages/allpoints-cottage/","200","Norfolk Holiday Cottage to rent in Burnham Market - Allpoints Cottage","Indexable",""
"https://www.sowerbysholidaycottages.co.uk/norfolk-holiday-cottages/wellington-cottage/","200","Norfolk Holiday Cottage to rent in Wells-next-the-Sea - Wellington Cottage","Indexable",""
"https://www.sowerbysholidaycottages.co.uk/norfolk-holiday-cottages/honeystone/","200","Norfolk Holiday Cottage to rent in Old Hunstanton - Honeystone","Indexable",""
"https://www.sowerbysholidaycottages.co.uk/norfolk-holiday-cottages/old-school-house/","200","Norfolk Holiday Cottage to rent in Burnham Market - Old School House","Indexable",""
"https://www.sowerbysholidaycottages.co.uk/norfolk-holiday-cottages/beech-cottage/","200","Norfolk Holiday Cottage to rent in Burnham Norton - Beech Cottage","Indexable",""
"https://www.sowerbysholidaycottages.co.uk/norfolk-holiday-cottages/windjammer/","200","Norfolk Holiday Cottage to rent in Holme-next-the-Sea - Windjammer","Indexable",""
"https://www.sowerbysholidaycottages.co.uk/norfolk-holiday-cottages/tern-cottage/","200","Norfolk Holiday Cottage to rent in Holme-next-the-Sea - Tern Cottage","Indexable",""
"https://www.sowerbysholidaycottages.co.uk/norfolk-holiday-cottages/oak-cottage/","200","Norfolk Holiday Cottage to rent in Brancaster Staithe - Oak Cottage","Indexable",""
"https://www.sowerbysholidaycottages.co.uk/norfolk-holiday-cottages/the-foundry/","200","Norfolk Holiday Cottage to rent in Burnham Market - The Foundry","Indexable",""
"https://www.sowerbysholidaycottages.co.uk/norfolk-holiday-cottages/3-smugglers-cove/","200","Norfolk Holiday Cottage to rent in Wells-next-the-Sea - 3 Smugglers Cove","Indexable",""
"https://www.sowerbysholidaycottages.co.uk/norfolk-holiday-cottages/bliss-cottage/","200","Norfolk Holiday Cottage to rent in Wells-next-the-Sea - Bliss Cottage","Indexable",""
"https://www.sowerbysholidaycottages.co.uk/norfolk-holiday-cottages/sutton-cottage/","200","Norfolk Holiday Cottage to rent in Burnham Market - Sutton Cottage","Indexable",""
"https://www.sowerbysholidaycottages.co.uk/norfolk-holiday-cottages/samphire-barn/","200","Norfolk Holiday Cottage to rent in Binham - Samphire Barn","Indexable",""
"https://www.sowerbysholidaycottages.co.uk/norfolk-holiday-cottages/2-school-row/","200","Norfolk Holiday Cottage to rent in Thornham - 2 School Row","Indexable",""
"https://www.sowerbysholidaycottages.co.uk/norfolk-holiday-cottages/wellfleet-cottage/","200","Norfolk Holiday Cottage to rent in Wells-next-the-sea - Wellfleet Cottage","Indexable",""
"https://www.sowerbysholidaycottages.co.uk/norfolk-holiday-cottages/bluebell-cottage/","200","Norfolk Holiday Cottage to rent in Burnham Market - Bluebell Cottage","Indexable",""
"https://www.sowerbysholidaycottages.co.uk/norfolk-holiday-cottages/truncheons-reach/","200","Norfolk Holiday Cottage to rent in Wells-next-the-Sea - Truncheon's Reach","Indexable",""
"https://www.sowerbysholidaycottages.co.uk/norfolk-holiday-cottages/seasalt-cottage/","200","Norfolk Holiday Cottage to rent in Old Hunstanton - Seasalt Cottage","Indexable",""
"https://www.sowerbysholidaycottages.co.uk/norfolk-holiday-cottages/star-cottage/","200","Norfolk Holiday Cottage to rent in Docking - Star Cottage","Indexable",""
"https://www.sowerbysholidaycottages.co.uk/norfolk-holiday-cottages/grasshopper-cottage/","200","Norfolk Holiday Cottage to rent in Stanhoe - Grasshopper Cottage","Indexable",""
"https://www.sowerbysholidaycottages.co.uk/norfolk-holiday-cottages/mill-view-burnham-norton/","200","Norfolk Holiday Cottage to rent in Burnham Norton - Mill View Burnham Norton","Indexable",""
"https://www.sowerbysholidaycottages.co.uk/norfolk-holiday-cottages/jeeves-hideaway/","200","Norfolk Holiday Cottage to rent in Old Hunstanton - Jeeves Hideaway","Indexable",""
"https://www.sowerbysholidaycottages.co.uk/norfolk-holiday-cottages/bailey-wick-cottage/","200","Norfolk Holiday Cottage to rent in Wells-next-the-Sea - Bailey Wick Cottage","Indexable",""
"https://www.sowerbysholidaycottages.co.uk/norfolk-holiday-cottages/ellas-cottage/","200","Norfolk Holiday Cottage to rent in Wells-next-the-Sea - Ella's Cottage","Indexable",""
"https://www.sowerbysholidaycottages.co.uk/wishlist/","200","Wishlist - Sowerbys Holiday Cottages","Indexable",""
"https://www.sowerbysholidaycottages.co.uk/norfolk-holiday-cottages/fox-cottage/","200","Norfolk Holiday Cottage to rent in Stiffkey - Fox Cottage","Indexable",""
"https://www.sowerbysholidaycottages.co.uk/norfolk-holiday-cottages/sunset-view/","200","Norfolk Holiday Cottage to rent in Thornham - Sunset View","Indexable",""
"https://www.sowerbysholidaycottages.co.uk/popular-norfolk-holiday-areas/old-hunstanton-area/","200","Holiday cottages in Old Hunstanton area, Norfolk - Sowerbys Holiday Cottages","Indexable",""
"https://www.sowerbysholidaycottages.co.uk/popular-norfolk-holiday-areas/brancaster-area/","200","Holiday cottages in Brancaster area, Norfolk - Sowerbys Holiday Cottages","Indexable",""
"https://www.sowerbysholidaycottages.co.uk/popular-norfolk-holiday-areas/the-burnhams-area/","200","Holiday cottages in The Burnhams area, Norfolk - Sowerbys Holiday Cottages","Indexable",""
"https://www.sowerbysholidaycottages.co.uk/popular-norfolk-holiday-areas/wells-next-the-sea-area/","200","Holiday cottages in Wells-next-the-Sea area, Norfolk - Sowerbys Holiday Cottages","Indexable",""
"https://www.sowerbysholidaycottages.co.uk/norfolk-holiday-cottages/boatmans-cottage/","200","Norfolk Holiday Cottage to rent in Wells-next-the-Sea - Boatman's Cottage","Indexable",""
"https://www.sowerbysholidaycottages.co.uk/norfolk-holiday-cottages/pebble-cottage/","200","Norfolk Holiday Cottage to rent in Burnham Market - Pebble Cottage","Indexable",""
"https://www.sowerbysholidaycottages.co.uk/norfolk-holiday-cottages/orchard-house-docking/","200","Norfolk Holiday Cottage to rent in Docking - Orchard House Docking","Indexable",""
"https://www.sowerbysholidaycottages.co.uk/norfolk-holiday-cottages/little-twitchers/","200","Norfolk Holiday Cottage to rent in Brancaster - Little Twitchers","Indexable",""
"https://www.sowerbysholidaycottages.co.uk/norfolk-holiday-cottages/virginia-cottage/","200","Norfolk Holiday Cottage to rent in Docking - Virginia Cottage","Indexable",""
"https://www.sowerbysholidaycottages.co.uk/norfolk-holiday-cottages/duckling-cottage/","200","Norfolk Holiday Cottage to rent in Burnham Market - Duckling Cottage","Indexable",""
"https://www.sowerbysholidaycottages.co.uk/norfolk-holiday-cottages/bonnierigg/","200","Norfolk Holiday Cottage to rent in Brancaster Staithe - Bonnierigg","Indexable",""
"https://www.sowerbysholidaycottages.co.uk/norfolk-holiday-cottages/windswept-cottage/","200","Norfolk Holiday Cottage to rent in Brancaster - Windswept Cottage","Indexable",""
"https://www.sowerbysholidaycottages.co.uk/norfolk-holiday-cottages/cherryhill/","200","Norfolk Holiday Cottage to rent in North Creake - Cherryhill","Indexable",""
"https://www.sowerbysholidaycottages.co.uk/norfolk-holiday-cottages/2-waterhall-cottages/","200","Norfolk Holiday Cottage to rent in Wighton - 2 Waterhall Cottages","Indexable",""
"https://www.sowerbysholidaycottages.co.uk/property-details-print/?propertyID=5140","200","Sowerbys Holiday Cottages | Property details for Washmeres","Non-Indexable","noindex"
"https://www.sowerbysholidaycottages.co.uk/norfolk-holiday-cottages/field-cottage-in-fring/","200","Norfolk Holiday Cottage to rent in Fring - Field Cottage in Fring","Indexable",""
"https://www.sowerbysholidaycottages.co.uk/norfolk-holiday-cottages/hares-end/","200","Norfolk Holiday Cottage to rent in Burnham Market - Hares End","Indexable",""
