"Address","Occurrences","Title 1","Title 1 Length","Title 1 Pixel Width","Indexability","Indexability Status"
"https://www.sowerbysholidaycottages.co.uk/","1","Self catering holiday cottages in North Norfolk - Sowerbys Holiday Cottages","75","669","Indexable",""
"https://www.sowerbysholidaycottages.co.uk/inspiration/norfolk-holiday-cottage-special-offers/","1","Norfolk Holiday Cottages special offers | Sowerbys Holiday Cottages","67","606","Indexable",""
"https://www.sowerbysholidaycottages.co.uk/popular-norfolk-holiday-features/luxury-collection/","1","Norfolk Luxury Collection holiday cottages - Sowerbys Holiday Cottages","70","633","Indexable",""
"https://www.sowerbysholidaycottages.co.uk/popular-norfolk-holiday-features/sea-views/","1","Norfolk Sea views holiday cottages - Sowerbys Holiday Cottages","62","570","Indexable",""
"https://www.sowerbysholidaycottages.co.uk/norfolk-holiday-cottages/washmeres/","1","Norfolk Holiday Cottage to rent in Houghton Estate - Washmeres","62","574","Indexable",""
"https://www.sowerbysholidaycottages.co.uk/popular-norfolk-holiday-features/electric-charging/","1","Norfolk Electric Charging holiday cottages - Sowerbys Holiday Cottages","70","631","Indexable",""
"https://www.sowerbysholidaycottages.co.uk/norfolk-holiday-locations/","1","Popular Norfolk holiday cottage villages and locations | Sowerbys Holiday Cottages","82","735","Indexable",""
"https://www.sowerbysholidaycottages.co.uk/popular-norfolk-holiday-features/romantic-break/","1","Norfolk Romantic break holiday cottages - Sowerbys Holiday Cottages","67","620","Indexable",""
"https://www.sowerbysholidaycottages.co.uk/request-your-free-homeowners-guide/","1","Request your free Homeowner's Guide - Sowerbys Holiday Cottages","63","600","Indexable",""
"https://www.sowerbysholidaycottages.co.uk/holiday-cottage-owner-information/","1","Sowerbys Holiday Cottages | Norfolk holiday cottage owner information","69","633","Indexable",""
"https://www.sowerbysholidaycottages.co.uk/popular-norfolk-holiday-features/dogs-accepted/","1","Norfolk Dog friendly holiday cottages - Sowerbys Holiday Cottages","65","586","Indexable",""
"https://www.sowerbysholidaycottages.co.uk/norfolk-holiday-cottages/aster-house/","1","Norfolk Holiday Cottage to rent in Burnham Overy Staithe - Aster House","70","634","Indexable",""
"https://www.sowerbysholidaycottages.co.uk/norfolk-holiday-cottages/3-the-old-school/","1","Norfolk Holiday Cottage to rent in Burnham Market - 3 The Old School","68","617","Indexable",""
"https://www.sowerbysholidaycottages.co.uk/norfolk-holiday-cottages/channel-view-and-cottage/","1","Norfolk Holiday Cottage to rent in Wells-next-the-sea - Channel View and Cottage","80","721","Indexable",""
"https://www.sowerbysholidaycottages.co.uk/norfolk-holiday-cottages/3-marshland-barns/","1","Norfolk Holiday Cottage to rent in Titchwell - 3 Marshland Barns","64","565","Indexable",""
"https://www.sowerbysholidaycottages.co.uk/norfolk-holiday-cottages/the-dairy-barn-2-bedrooms/","1","Norfolk Holiday Cottage to rent in Burnham Overy Staithe - The Dairy Barn 2 bedrooms","84","765","Indexable",""
"https://www.sowerbysholidaycottages.co.uk/norfolk-holiday-cottages/crowberry-barn/","1","Norfolk Holiday Cottage to rent in Burnham Market - Crowberry Barn","66","604","Indexable",""
"https://www.sowerbysholidaycottages.co.uk/norfolk-holiday-cottages/close-cottage/","1","Norfolk Holiday Cottage to rent in Brancaster Staithe - Close Cottage","69","610","Indexable",""
"https://www.sowerbysholidaycottages.co.uk/norfolk-holiday-cottages/nelson-cottage/","1","Norfolk Holiday Cottage to rent in Burnham Market - Nelson Cottage","66","605","Indexable",""
"https://www.sowerbysholidaycottages.co.uk/norfolk-holiday-cottages/sybil-cottage/","1","Norfolk Holiday Cottage to rent in Holme-next-the-Sea - Sybil Cottage","69","615","Indexable",""
"https://www.sowerbysholidaycottages.co.uk/norfolk-holiday-cottages/the-old-forge/","1","Norfolk Holiday Cottage to rent in Burnham Market - The Old Forge","65","592","Indexable",""
"https://www.sowerbysholidaycottages.co.uk/norfolk-holiday-cottages/slumber-barn-5-bedrooms/","1","Norfolk Holiday Cottage to rent in Great Snoring - Slumber Barn 5 bedrooms","74","673","Indexable",""
"https://www.sowerbysholidaycottages.co.uk/norfolk-holiday-cottages/flagstaff-cottage/","1","Norfolk Holiday Cottage to rent in Burnham Overy Staithe - Flagstaff Cottage","76","680","Indexable",""
"https://www.sowerbysholidaycottages.co.uk/norfolk-holiday-cottages/the-old-post-office/","1","Norfolk Holiday Cottage to rent in Sedgeford - The Old Post Office","66","584","Indexable",""
"https://www.sowerbysholidaycottages.co.uk/norfolk-holiday-cottages/the-dairy-barn/","1","Norfolk Holiday Cottage to rent in Burnham Overy Staithe - The Dairy Barn","73","654","Indexable",""
"https://www.sowerbysholidaycottages.co.uk/norfolk-holiday-cottages/oak-tree-cottage/","1","Norfolk Holiday Cottage to rent in North Creake - Oak Tree Cottage","66","593","Indexable",""
"https://www.sowerbysholidaycottages.co.uk/norfolk-holiday-cottages/1-king-william-cottage/","1","Norfolk Holiday Cottage to rent in Docking - 1 King William Cottage","67","593","Indexable",""
"https://www.sowerbysholidaycottages.co.uk/norfolk-holiday-cottages/flagstaff-boathouse/","1","Norfolk Holiday Cottage to rent in Burnham Overy Staithe - Flagstaff Boathouse","78","704","Indexable",""
"https://www.sowerbysholidaycottages.co.uk/norfolk-holiday-cottages/beehive-cottage/","1","Norfolk Holiday Cottage to rent in Burnham Market - Beehive Cottage","67","614","Indexable",""
"https://www.sowerbysholidaycottages.co.uk/norfolk-holiday-cottages/flagstaff-east/","1","Norfolk Holiday Cottage to rent in Burnham Overy Staithe - Flagstaff East","73","648","Indexable",""
"https://www.sowerbysholidaycottages.co.uk/norfolk-holiday-cottages/3-marshland-barns-2-bedrooms/","1","Norfolk Holiday Cottage to rent in Titchwell - 3 Marshland Barns 2 bedrooms","75","676","Indexable",""
"https://www.sowerbysholidaycottages.co.uk/norfolk-holiday-cottages/2-railway-cottages/","1","Norfolk Holiday Cottage to rent in Burnham Market - 2 Railway Cottages","70","637","Indexable",""
"https://www.sowerbysholidaycottages.co.uk/norfolk-holiday-cottages/channel-cottage/","1","Norfolk Holiday Cottage to rent in Wells-next-the-sea - Channel Cottage","71","634","Indexable",""
"https://www.sowerbysholidaycottages.co.uk/norfolk-holiday-cottages/western-cottage/","1","Norfolk Holiday Cottage to rent in South Creake - Western Cottage","65","589","Indexable",""
"https://www.sowerbysholidaycottages.co.uk/norfolk-holiday-cottages/hill-top-docking/","1","Norfolk Holiday Cottage to rent in Docking - Hill Top Docking","61","533","Indexable",""
"https://www.sowerbysholidaycottages.co.uk/norfolk-holiday-cottages/eider-cottage-2-bedrooms/","1","Norfolk Holiday Cottage to rent in Stanhoe - Eider Cottage 2 bedrooms","69","624","Indexable",""
"https://www.sowerbysholidaycottages.co.uk/norfolk-holiday-cottages/4-hare-cottage/","1","Norfolk Holiday Cottage to rent in South Creake - 4 Hare Cottage","64","573","Indexable",""
"https://www.sowerbysholidaycottages.co.uk/norfolk-holiday-cottages/channel-view/","1","Norfolk Holiday Cottage to rent in Wells-next-the-sea - Channel View","68","607","Indexable",""
"https://www.sowerbysholidaycottages.co.uk/norfolk-holiday-cottages/the-dairy-barn-3-bedrooms/","1","Norfolk Holiday Cottage to rent in Burnham Overy Staithe - The Dairy Barn 3 bedrooms","84","765","Indexable",""
"https://www.sowerbysholidaycottages.co.uk/norfolk-holiday-cottages/flagstaff-west/","1","Norfolk Holiday Cottage to rent in Burnham Overy Staithe - Flagstaff West","73","655","Indexable",""
"https://www.sowerbysholidaycottages.co.uk/norfolk-holiday-cottages/flagstaff-garden-house/","1","Norfolk Holiday Cottage to rent in Burnham Overy Staithe - Flagstaff Garden House","81","736","Indexable",""
"https://www.sowerbysholidaycottages.co.uk/norfolk-holiday-cottages/eton-house-2-bedrooms/","1","Norfolk Holiday Cottage to rent in Docking - Eton House 2 bedrooms","66","602","Indexable",""
"https://www.sowerbysholidaycottages.co.uk/popular-norfolk-holiday-villages/harpley/","1","Holiday cottages to rent in Harpley, Norfolk - Sowerbys Holiday Cottages","72","640","Indexable",""
"https://www.sowerbysholidaycottages.co.uk/norfolk-holiday-cottages/avocet-cottage/","1","Norfolk Holiday Cottage to rent in Brancaster Staithe - Avocet Cottage","70","622","Indexable",""
"https://www.sowerbysholidaycottages.co.uk/popular-norfolk-holiday-villages/egmere/","1","Holiday cottages to rent in Egmere, Norfolk - Sowerbys Holiday Cottages","71","641","Indexable",""
"https://www.sowerbysholidaycottages.co.uk/popular-norfolk-holiday-villages/north-creake/","1","Holiday cottages to rent in North Creake, Norfolk - Sowerbys Holiday Cottages","77","690","Indexable",""
"https://www.sowerbysholidaycottages.co.uk/popular-norfolk-holiday-villages/sedgeford/","1","Holiday cottages to rent in Sedgeford, Norfolk - Sowerbys Holiday Cottages","74","664","Indexable",""
"https://www.sowerbysholidaycottages.co.uk/popular-norfolk-holiday-villages/wighton/","1","Holiday cottages to rent in Wighton, Norfolk - Sowerbys Holiday Cottages","72","646","Indexable",""
"https://www.sowerbysholidaycottages.co.uk/popular-norfolk-holiday-villages/burnham-market/","1","Holiday cottages to rent in Burnham Market, Norfolk - Sowerbys Holiday Cottages","79","721","Indexable",""
"https://www.sowerbysholidaycottages.co.uk/popular-norfolk-holiday-villages/walsingham/","1","Holiday cottages to rent in Walsingham, Norfolk - Sowerbys Holiday Cottages","75","683","Indexable",""
"https://www.sowerbysholidaycottages.co.uk/popular-norfolk-holiday-villages/burnham-overy-town/","1","Holiday cottages to rent in Burnham Overy Town, Norfolk - Sowerbys Holiday Cottages","83","763","Indexable",""
"https://www.sowerbysholidaycottages.co.uk/popular-norfolk-holiday-villages/burnham-overy-staithe/","1","Holiday cottages to rent in Burnham Overy Staithe, Norfolk - Sowerbys Holiday Cottages","86","778","Indexable",""
"https://www.sowerbysholidaycottages.co.uk/popular-norfolk-holiday-villages/heacham/","1","Holiday cottages to rent in Heacham, Norfolk - Sowerbys Holiday Cottages","72","658","Indexable",""
"https://www.sowerbysholidaycottages.co.uk/popular-norfolk-holiday-villages/ringstead/","1","Holiday cottages to rent in Ringstead, Norfolk - Sowerbys Holiday Cottages","74","661","Indexable",""
"https://www.sowerbysholidaycottages.co.uk/popular-norfolk-holiday-villages/great-snoring/","1","Holiday cottages to rent in Great Snoring, Norfolk - Sowerbys Holiday Cottages","78","695","Indexable",""
"https://www.sowerbysholidaycottages.co.uk/popular-norfolk-holiday-villages/hunstanton/","1","Holiday cottages to rent in Hunstanton, Norfolk - Sowerbys Holiday Cottages","75","676","Indexable",""
"https://www.sowerbysholidaycottages.co.uk/popular-norfolk-holiday-villages/brancaster/","1","Holiday cottages to rent in Brancaster, Norfolk - Sowerbys Holiday Cottages","75","669","Indexable",""
"https://www.sowerbysholidaycottages.co.uk/popular-norfolk-holiday-villages/brancaster-staithe/","1","Holiday cottages to rent in Brancaster Staithe, Norfolk - Sowerbys Holiday Cottages","83","738","Indexable",""
"https://www.sowerbysholidaycottages.co.uk/popular-norfolk-holiday-villages/old-hunstanton/","1","Holiday cottages to rent in Old Hunstanton, Norfolk - Sowerbys Holiday Cottages","79","711","Indexable",""
"https://www.sowerbysholidaycottages.co.uk/popular-norfolk-holiday-villages/thornham/","1","Holiday cottages to rent in Thornham, Norfolk - Sowerbys Holiday Cottages","73","664","Indexable",""
"https://www.sowerbysholidaycottages.co.uk/popular-norfolk-holiday-villages/burnham-deepdale/","1","Holiday cottages to rent in Burnham Deepdale, Norfolk - Sowerbys Holiday Cottages","81","742","Indexable",""
"https://www.sowerbysholidaycottages.co.uk/popular-norfolk-holiday-villages/blakeney/","1","Holiday cottages to rent in Blakeney, Norfolk - Sowerbys Holiday Cottages","73","652","Indexable",""
"https://www.sowerbysholidaycottages.co.uk/popular-norfolk-holiday-villages/wells-next-the-sea/","1","Holiday cottages to rent in Wells-next-the-sea, Norfolk - Sowerbys Holiday Cottages","83","739","Indexable",""
"https://www.sowerbysholidaycottages.co.uk/popular-norfolk-holiday-villages/warham/","1","Holiday cottages to rent in Warham, Norfolk - Sowerbys Holiday Cottages","71","648","Indexable",""
"https://www.sowerbysholidaycottages.co.uk/popular-norfolk-holiday-villages/titchwell/","1","Holiday cottages to rent in Titchwell, Norfolk - Sowerbys Holiday Cottages","74","653","Indexable",""
"https://www.sowerbysholidaycottages.co.uk/popular-norfolk-holiday-villages/burnham-norton/","1","Holiday cottages to rent in Burnham Norton, Norfolk - Sowerbys Holiday Cottages","79","719","Indexable",""
"https://www.sowerbysholidaycottages.co.uk/popular-norfolk-holiday-villages/houghton-estate/","1","Holiday cottages to rent in Houghton Estate, Norfolk - Sowerbys Holiday Cottages","80","721","Indexable",""
"https://www.sowerbysholidaycottages.co.uk/popular-norfolk-holiday-villages/stanhoe/","1","Holiday cottages to rent in Stanhoe, Norfolk - Sowerbys Holiday Cottages","72","646","Indexable",""
"https://www.sowerbysholidaycottages.co.uk/popular-norfolk-holiday-villages/holme-next-the-sea/","1","Holiday cottages to rent in Holme-next-the-Sea, Norfolk - Sowerbys Holiday Cottages","83","751","Indexable",""
"https://www.sowerbysholidaycottages.co.uk/popular-norfolk-holiday-villages/docking/","1","Holiday cottages to rent in Docking, Norfolk - Sowerbys Holiday Cottages","72","643","Indexable",""
"https://www.sowerbysholidaycottages.co.uk/popular-norfolk-holiday-villages/fring/","1","Holiday cottages to rent in Fring, Norfolk - Sowerbys Holiday Cottages","70","617","Indexable",""
"https://www.sowerbysholidaycottages.co.uk/popular-norfolk-holiday-villages/stiffkey/","1","Holiday cottages to rent in Stiffkey, Norfolk - Sowerbys Holiday Cottages","73","640","Indexable",""
"https://www.sowerbysholidaycottages.co.uk/popular-norfolk-holiday-villages/binham/","1","Holiday cottages to rent in Binham, Norfolk - Sowerbys Holiday Cottages","71","640","Indexable",""
"https://www.sowerbysholidaycottages.co.uk/popular-norfolk-holiday-villages/south-creake/","1","Holiday cottages to rent in South Creake, Norfolk - Sowerbys Holiday Cottages","77","692","Indexable",""
"https://www.sowerbysholidaycottages.co.uk/norfolk-holiday-cottages/sanderling/","1","Norfolk Holiday Cottage to rent in Burnham Market - Sanderling","62","562","Indexable",""
"https://www.sowerbysholidaycottages.co.uk/norfolk-holiday-cottages/orchard-house-3-bedrooms/","1","Norfolk Holiday Cottage to rent in Burnham Market - Orchard House 3 bedrooms","76","711","Indexable",""
"https://www.sowerbysholidaycottages.co.uk/norfolk-holiday-cottages/washington-beach-house/","1","Norfolk Holiday Cottage to rent in Heacham - Washington Beach House","67","632","Indexable",""
"https://www.sowerbysholidaycottages.co.uk/norfolk-holiday-cottages/sea-lavender-house/","1","Norfolk Holiday Cottage to rent in Brancaster - Sea Lavender House","66","599","Indexable",""
"https://www.sowerbysholidaycottages.co.uk/norfolk-holiday-cottages/marshview-cottage/","1","Norfolk Holiday Cottage to rent in Brancaster Staithe - Marshview Cottage","73","657","Indexable",""
"https://www.sowerbysholidaycottages.co.uk/norfolk-holiday-cottages/washington-beach-house-with-lodge/","1","Norfolk Holiday Cottage to rent in Heacham - Washington Beach House with Lodge","78","735","Indexable",""
"https://www.sowerbysholidaycottages.co.uk/norfolk-holiday-cottages/the-meadows/","1","Norfolk Holiday Cottage to rent in Holme-next-the-Sea - The Meadows","67","622","Indexable",""
"https://www.sowerbysholidaycottages.co.uk/norfolk-holiday-cottages/hillcrest-barn/","1","Norfolk Holiday Cottage to rent in Burnham Market - Hillcrest Barn","66","587","Indexable",""
"https://www.sowerbysholidaycottages.co.uk/norfolk-holiday-cottages/the-cartshed-6-marshland-barns/","1","Norfolk Holiday Cottage to rent in Titchwell - The Cartshed 6 Marshland Barns","77","690","Indexable",""
"https://www.sowerbysholidaycottages.co.uk/norfolk-holiday-cottages/old-mill-and-cottage/","1","Norfolk Holiday Cottage to rent in Binham - Old Mill and Cottage","64","567","Indexable",""
"https://www.sowerbysholidaycottages.co.uk/norfolk-holiday-cottages/burnham-loft/","1","Norfolk Holiday Cottage to rent in Burnham Market - Burnham Loft","64","589","Indexable",""
"https://www.sowerbysholidaycottages.co.uk/norfolk-holiday-cottages/1-manor-farm-barns/","1","Norfolk Holiday Cottage to rent in Brancaster - 1 Manor Farm Barns","66","596","Indexable",""
"https://www.sowerbysholidaycottages.co.uk/norfolk-holiday-cottages/school-pastures-2-bedrooms/","1","Norfolk Holiday Cottage to rent in Burnham Deepdale - School Pastures 2 bedrooms","80","744","Indexable",""
"https://www.sowerbysholidaycottages.co.uk/norfolk-holiday-cottages/lark-house/","1","Norfolk Holiday Cottage to rent in Burnham Market - Lark House","62","568","Indexable",""
"https://www.sowerbysholidaycottages.co.uk/norfolk-holiday-cottages/washmeres-2-bedrooms/","1","Norfolk Holiday Cottage to rent in Houghton Estate - Washmeres 2 bedrooms","73","685","Indexable",""
"https://www.sowerbysholidaycottages.co.uk/norfolk-holiday-cottages/1-manor-farm-barns-3-bedrooms/","1","Norfolk Holiday Cottage to rent in Brancaster - 1 Manor Farm Barns 3 bedrooms","77","707","Indexable",""
"https://www.sowerbysholidaycottages.co.uk/norfolk-holiday-cottages/aspall-escape/","1","Norfolk Holiday Cottage to rent in Burnham Market - Aspall Escape","65","591","Indexable",""
"https://www.sowerbysholidaycottages.co.uk/norfolk-holiday-cottages/hope-cottage/","1","Norfolk Holiday Cottage to rent in Holme-next-the-Sea - Hope Cottage","68","620","Indexable",""
"https://www.sowerbysholidaycottages.co.uk/norfolk-holiday-cottages/scotts-cottage-4-bedrooms/","1","Norfolk Holiday Cottage to rent in Burnham Overy Staithe - Scott's Cottage 4 bedrooms","85","771","Indexable",""
"https://www.sowerbysholidaycottages.co.uk/norfolk-holiday-cottages/amber-cottage/","1","Norfolk Holiday Cottage to rent in Burnham Market - Amber Cottage","65","603","Indexable",""
"https://www.sowerbysholidaycottages.co.uk/norfolk-holiday-cottages/mallards-2-bedrooms/","1","Norfolk Holiday Cottage to rent in Burnham Market - Mallards 2 bedrooms","71","655","Indexable",""
"https://www.sowerbysholidaycottages.co.uk/norfolk-holiday-cottages/cockleshed-house/","1","Norfolk Holiday Cottage to rent in Brancaster Staithe - Cockleshed House","72","649","Indexable",""
"https://www.sowerbysholidaycottages.co.uk/norfolk-holiday-cottages/louisa-barn/","1","Norfolk Holiday Cottage to rent in Burnham Market - Louisa Barn","63","572","Indexable",""
"https://www.sowerbysholidaycottages.co.uk/norfolk-holiday-cottages/olives-cottage/","1","Norfolk Holiday Cottage to rent in Burnham Market - Olive's Cottage","67","601","Indexable",""
"https://www.sowerbysholidaycottages.co.uk/norfolk-holiday-cottages/the-cartshed-6-marshland-barns-2-bedrooms/","1","Norfolk Holiday Cottage to rent in Titchwell - The Cartshed 6 Marshland Barns 2 bedrooms","88","801","Indexable",""
"https://www.sowerbysholidaycottages.co.uk/norfolk-holiday-cottages/basils-barn/","1","Norfolk Holiday Cottage to rent in Burnham Market - Basil's Barn","64","569","Indexable",""
"https://www.sowerbysholidaycottages.co.uk/norfolk-holiday-cottages/school-pastures-6-bedrooms/","1","Norfolk Holiday Cottage to rent in Burnham Deepdale - School Pastures 6 bedrooms","80","744","Indexable",""
"https://www.sowerbysholidaycottages.co.uk/norfolk-holiday-cottages/bell-view-cottage/","1","Norfolk Holiday Cottage to rent in Burnham Market - Bell View Cottage","69","625","Indexable",""
"https://www.sowerbysholidaycottages.co.uk/norfolk-holiday-cottages/greystones/","1","Norfolk Holiday Cottage to rent in Holme-next-the-Sea - Greystones","66","598","Indexable",""
"https://www.sowerbysholidaycottages.co.uk/norfolk-holiday-cottages/1-manor-farm-barns-2-bedrooms/","1","Norfolk Holiday Cottage to rent in Brancaster - 1 Manor Farm Barns 2 bedrooms","77","707","Indexable",""
"https://www.sowerbysholidaycottages.co.uk/norfolk-holiday-cottages/orchard-house-5-bedrooms/","1","Norfolk Holiday Cottage to rent in Burnham Market - Orchard House 5 bedrooms","76","711","Indexable",""
"https://www.sowerbysholidaycottages.co.uk/norfolk-holiday-cottages/the-old-smithy/","1","Norfolk Holiday Cottage to rent in Holme-next-the-Sea - The Old Smithy","70","633","Indexable",""
"https://www.sowerbysholidaycottages.co.uk/norfolk-holiday-cottages/the-lamp-house/","1","Norfolk Holiday Cottage to rent in Burnham Market - The Lamp House","66","619","Indexable",""
"https://www.sowerbysholidaycottages.co.uk/norfolk-holiday-cottages/beacon-hill-barn/","1","Norfolk Holiday Cottage to rent in Burnham Market - Beacon Hill Barn","68","613","Indexable",""
"https://www.sowerbysholidaycottages.co.uk/norfolk-holiday-cottages/seaborne-penthouse/","1","Norfolk Holiday Cottage to rent in Wells-next-the-Sea - Seaborne Penthouse","74","673","Indexable",""
"https://www.sowerbysholidaycottages.co.uk/norfolk-holiday-cottages/oystercatchers/","1","Norfolk Holiday Cottage to rent in Burnham Market - Oystercatchers","66","602","Indexable",""
"https://www.sowerbysholidaycottages.co.uk/norfolk-holiday-cottages/sail-away/","1","Norfolk Holiday Cottage to rent in Brancaster Staithe - Sail Away","65","570","Indexable",""
"https://www.sowerbysholidaycottages.co.uk/norfolk-holiday-cottages/peewits-penthouse/","1","Norfolk Holiday Cottage to rent in Wells-next-the-Sea - Peewits Penthouse","73","660","Indexable",""
"https://www.sowerbysholidaycottages.co.uk/norfolk-holiday-cottages/heronsway/","1","Norfolk Holiday Cottage to rent in Holme-next-the-Sea - Heronsway","65","596","Indexable",""
"https://www.sowerbysholidaycottages.co.uk/norfolk-holiday-cottages/slumber-barn-3-bedrooms/","1","Norfolk Holiday Cottage to rent in Great Snoring - Slumber Barn 3 bedrooms","74","673","Indexable",""
"https://www.sowerbysholidaycottages.co.uk/norfolk-holiday-cottages/blackbird-barn/","1","Norfolk Holiday Cottage to rent in Wells-next-the-Sea - Blackbird Barn","70","615","Indexable",""
"https://www.sowerbysholidaycottages.co.uk/norfolk-holiday-cottages/scotts-cottage-6-bedrooms/","1","Norfolk Holiday Cottage to rent in Burnham Overy Staithe - Scott's Cottage 6 bedrooms","85","771","Indexable",""
"https://www.sowerbysholidaycottages.co.uk/norfolk-holiday-cottages/cobblestone-cottage/","1","Norfolk Holiday Cottage to rent in Docking - Cobblestone Cottage","64","577","Indexable",""
"https://www.sowerbysholidaycottages.co.uk/norfolk-holiday-cottages/allerdale-house/","1","Norfolk Holiday Cottage to rent in Brancaster Staithe - Allerdale House","71","625","Indexable",""
"https://www.sowerbysholidaycottages.co.uk/norfolk-holiday-cottages/school-pastures-4-bedrooms/","1","Norfolk Holiday Cottage to rent in Burnham Deepdale - School Pastures 4 bedrooms","80","744","Indexable",""
"https://www.sowerbysholidaycottages.co.uk/norfolk-holiday-cottages/spring-cottage/","1","Norfolk Holiday Cottage to rent in Burnham Market - Spring Cottage","66","600","Indexable",""
"https://www.sowerbysholidaycottages.co.uk/norfolk-holiday-cottages/stearmans-cottage/","1","Norfolk Holiday Cottage to rent in Wells-next-the-sea - Stearmans Cottage","73","659","Indexable",""
"https://www.sowerbysholidaycottages.co.uk/norfolk-holiday-cottages/tides/","1","Norfolk Holiday Cottage to rent in Wells-next-the-Sea - Tides","61","536","Indexable",""
"https://www.sowerbysholidaycottages.co.uk/norfolk-holiday-cottages/chase-cottage-2-bedrooms/","1","Norfolk Holiday Cottage to rent in Docking - Chase Cottage 2 bedrooms","69","632","Indexable",""
"https://www.sowerbysholidaycottages.co.uk/norfolk-holiday-cottages/market-lane-house-3-bedrooms/","1","Norfolk Holiday Cottage to rent in Brancaster - Market Lane House 3 bedrooms","76","700","Indexable",""
"https://www.sowerbysholidaycottages.co.uk/norfolk-holiday-cottages/chapel-cottages-godwit/","1","Norfolk Holiday Cottage to rent in Holme-next-the-Sea - Chapel Cottages - Godwit","80","724","Indexable",""
"https://www.sowerbysholidaycottages.co.uk/norfolk-holiday-cottages/badgets-2-bedrooms/","1","Norfolk Holiday Cottage to rent in Docking - Badgets 2 bedrooms","63","573","Indexable",""
"https://www.sowerbysholidaycottages.co.uk/norfolk-holiday-cottages/the-pilchard/","1","Norfolk Holiday Cottage to rent in Wells-next-the-Sea - The Pilchard","68","599","Indexable",""
"https://www.sowerbysholidaycottages.co.uk/norfolk-holiday-cottages/6-monteagle/","1","Norfolk Holiday Cottage to rent in Wells-next-the-Sea - 6 Monteagle","67","598","Indexable",""
"https://www.sowerbysholidaycottages.co.uk/norfolk-holiday-cottages/badgets-3-bedrooms/","1","Norfolk Holiday Cottage to rent in Docking - Badgets 3 Bedrooms","63","574","Indexable",""
"https://www.sowerbysholidaycottages.co.uk/norfolk-holiday-cottages/chapel-cottages-bittern/","1","Norfolk Holiday Cottage to rent in Holme-next-the-Sea - Chapel Cottages - Bittern","81","721","Indexable",""
"https://www.sowerbysholidaycottages.co.uk/norfolk-holiday-cottages/chapel-cottages-avocet/","1","Norfolk Holiday Cottage to rent in Holme-next-the-Sea - Chapel Cottages - Avocet","80","723","Indexable",""
"https://www.sowerbysholidaycottages.co.uk/norfolk-holiday-cottages/harts-house/","1","Norfolk Holiday Cottage to rent in Burnham Overy Staithe - Hart's House","71","638","Indexable",""
"https://www.sowerbysholidaycottages.co.uk/norfolk-holiday-cottages/sea-wood/","1","Norfolk Holiday Cottage to rent in Brancaster Staithe - Sea Wood","64","574","Indexable",""
"https://www.sowerbysholidaycottages.co.uk/norfolk-holiday-cottages/east-fleet/","1","Norfolk Holiday Cottage to rent in Wells-next-the-Sea - East Fleet","66","576","Indexable",""
"https://www.sowerbysholidaycottages.co.uk/norfolk-holiday-cottages/1-knights-cottages/","1","Norfolk Holiday Cottage to rent in Thornham - 1 Knights Cottages","64","580","Indexable",""
"https://www.sowerbysholidaycottages.co.uk/norfolk-holiday-cottages/gillies/","1","Norfolk Holiday Cottage to rent in Burnham Overy Staithe - Gillies","66","579","Indexable",""
"https://www.sowerbysholidaycottages.co.uk/norfolk-holiday-cottages/island-house/","1","Norfolk Holiday Cottage to rent in Brancaster Staithe - Island House","68","599","Indexable",""
"https://www.sowerbysholidaycottages.co.uk/norfolk-holiday-cottages/sea-wood-3-bedrooms/","1","Norfolk Holiday Cottage to rent in Brancaster Staithe - Sea Wood 3 bedrooms","75","685","Indexable",""
"https://www.sowerbysholidaycottages.co.uk/norfolk-holiday-cottages/harbour-view/","1","Norfolk Holiday Cottage to rent in Wells-next-the-Sea - Harbour View","68","608","Indexable",""
"https://www.sowerbysholidaycottages.co.uk/norfolk-holiday-cottages/longview-cottage/","1","Norfolk Holiday Cottage to rent in Wells-next-the-Sea - Longview Cottage","72","648","Indexable",""
"https://www.sowerbysholidaycottages.co.uk/norfolk-holiday-cottages/5-pauls-maltings/","1","Norfolk Holiday Cottage to rent in Wells-next-the-Sea - 5 Pauls Maltings","72","635","Indexable",""
"https://www.sowerbysholidaycottages.co.uk/norfolk-holiday-cottages/sunnydene/","1","Norfolk Holiday Cottage to rent in Brancaster Staithe - Sunnydene","65","582","Indexable",""
"https://www.sowerbysholidaycottages.co.uk/norfolk-holiday-cottages/staithe-barn/","1","Norfolk Holiday Cottage to rent in Burnham Overy Staithe - Staithe Barn","71","634","Indexable",""
"https://www.sowerbysholidaycottages.co.uk/norfolk-holiday-cottages/the-cottage-overy-staithe/","1","Norfolk Holiday Cottage to rent in Burnham Overy Staithe - The Cottage Overy Staithe","84","759","Indexable",""
"https://www.sowerbysholidaycottages.co.uk/norfolk-holiday-cottages/ongar-lodge/","1","Norfolk Holiday Cottage to rent in Old Hunstanton - Ongar Lodge","63","571","Indexable",""
"https://www.sowerbysholidaycottages.co.uk/norfolk-holiday-cottages/pear-tree-cottage/","1","Norfolk Holiday Cottage to rent in Holme-next-the-Sea - Pear Tree Cottage","73","661","Indexable",""
"https://www.sowerbysholidaycottages.co.uk/norfolk-holiday-cottages/cobblestones/","1","Norfolk Holiday Cottage to rent in Brancaster Staithe - Cobblestones","68","606","Indexable",""
"https://www.sowerbysholidaycottages.co.uk/norfolk-holiday-cottages/falgate/","1","Norfolk Holiday Cottage to rent in Burnham Overy Staithe - Falgate","66","591","Indexable",""
"https://www.sowerbysholidaycottages.co.uk/norfolk-holiday-cottages/2-pauls-maltings/","1","Norfolk Holiday Cottage to rent in Wells-next-the-Sea - 2 Pauls Maltings","72","635","Indexable",""
"https://www.sowerbysholidaycottages.co.uk/norfolk-holiday-cottages/green-tiles/","1","Norfolk Holiday Cottage to rent in Old Hunstanton - Green Tiles","63","559","Indexable",""
"https://www.sowerbysholidaycottages.co.uk/norfolk-holiday-cottages/4-pauls-maltings/","1","Norfolk Holiday Cottage to rent in Wells-next-the-Sea - 4 Pauls Maltings","72","635","Indexable",""
"https://www.sowerbysholidaycottages.co.uk/norfolk-holiday-cottages/6-the-granary/","1","Norfolk Holiday Cottage to rent in Wells-next-the-Sea - 6 The Granary","69","612","Indexable",""
"https://www.sowerbysholidaycottages.co.uk/norfolk-holiday-cottages/mow-creek-cottage/","1","Norfolk Holiday Cottage to rent in Brancaster Staithe - Mow Creek Cottage","73","660","Indexable",""
"https://www.sowerbysholidaycottages.co.uk/norfolk-holiday-cottages/2-knights-cottages/","1","Norfolk Holiday Cottage to rent in Thornham - 2 Knights Cottages","64","580","Indexable",""
"https://www.sowerbysholidaycottages.co.uk/norfolk-holiday-cottages/2-dormy-house/","1","Norfolk Holiday Cottage to rent in Brancaster - 2 Dormy House","61","551","Indexable",""
"https://www.sowerbysholidaycottages.co.uk/norfolk-holiday-cottages/quayside/","1","Norfolk Holiday Cottage to rent in Wells-next-the-Sea - Quayside","64","569","Indexable",""
"https://www.sowerbysholidaycottages.co.uk/norfolk-holiday-cottages/washington-lodge/","1","Norfolk Holiday Cottage to rent in Heacham - Washington Lodge","61","570","Indexable",""
"https://www.sowerbysholidaycottages.co.uk/norfolk-holiday-cottages/harrier-cottage/","1","Norfolk Holiday Cottage to rent in Thornham - Harrier Cottage","61","548","Indexable",""
"https://www.sowerbysholidaycottages.co.uk/norfolk-holiday-cottages/scotts-lodge/","1","Norfolk Holiday Cottage to rent in Burnham Overy Staithe - Scott's Lodge","72","644","Indexable",""
"https://www.sowerbysholidaycottages.co.uk/norfolk-holiday-cottages/sandbanks/","1","Norfolk Holiday Cottage to rent in Wells-next-the-Sea - Sandbanks","65","585","Indexable",""
"https://www.sowerbysholidaycottages.co.uk/norfolk-holiday-cottages/harbour-cottage/","1","Norfolk Holiday Cottage to rent in Wells-next-the-Sea - Harbour Cottage","71","635","Indexable",""
"https://www.sowerbysholidaycottages.co.uk/norfolk-holiday-cottages/samphire-cottage/","1","Norfolk Holiday Cottage to rent in Brancaster Staithe - Samphire Cottage","72","646","Indexable",""
"https://www.sowerbysholidaycottages.co.uk/norfolk-holiday-cottages/lilac-cottage/","1","Norfolk Holiday Cottage to rent in Burnham Overy Town - Lilac Cottage","69","627","Indexable",""
"https://www.sowerbysholidaycottages.co.uk/norfolk-holiday-cottages/dolphin-cottage/","1","Norfolk Holiday Cottage to rent in Old Hunstanton - Dolphin Cottage","67","600","Indexable",""
"https://www.sowerbysholidaycottages.co.uk/norfolk-holiday-cottages/beamish/","1","Norfolk Holiday Cottage to rent in Holme-next-the-Sea - Beamish","63","575","Indexable",""
"https://www.sowerbysholidaycottages.co.uk/norfolk-holiday-cottages/josh-cottage/","1","Norfolk Holiday Cottage to rent in South Creake - Josh Cottage","62","557","Indexable",""
"https://www.sowerbysholidaycottages.co.uk/norfolk-holiday-cottages/old-barn/","1","Norfolk Holiday Cottage to rent in Holme-next-the-Sea - Old Barn","64","573","Indexable",""
"https://www.sowerbysholidaycottages.co.uk/norfolk-holiday-cottages/brent-burn/","1","Norfolk Holiday Cottage to rent in Burnham Market - Brent Burn","62","561","Indexable",""
"https://www.sowerbysholidaycottages.co.uk/norfolk-holiday-cottages/orchard-house-140/","1","Norfolk Holiday Cottage to rent in Blakeney - Orchard House 140","63","569","Indexable",""
"https://www.sowerbysholidaycottages.co.uk/norfolk-holiday-cottages/beck-cottage/","1","Norfolk Holiday Cottage to rent in South Creake - Beck Cottage","62","557","Indexable",""
"https://www.sowerbysholidaycottages.co.uk/norfolk-holiday-cottages/garden-cottage/","1","Norfolk Holiday Cottage to rent in Ringstead - Garden Cottage","61","548","Indexable",""
"https://www.sowerbysholidaycottages.co.uk/norfolk-holiday-cottages/linksway-2-bedrooms/","1","Norfolk Holiday Cottage to rent in Brancaster - Linksway 2 bedrooms","67","608","Indexable",""
"https://www.sowerbysholidaycottages.co.uk/norfolk-holiday-cottages/seal-cottage/","1","Norfolk Holiday Cottage to rent in Wells-next-the-Sea - Seal Cottage","68","602","Indexable",""
"https://www.sowerbysholidaycottages.co.uk/norfolk-holiday-cottages/lantern-cottage/","1","Norfolk Holiday Cottage to rent in Burnham Overy Staithe - Lantern Cottage","74","669","Indexable",""
"https://www.sowerbysholidaycottages.co.uk/norfolk-holiday-cottages/skylark/","1","Norfolk Holiday Cottage to rent in Burnham Overy Staithe - Skylark","66","588","Indexable",""
"https://www.sowerbysholidaycottages.co.uk/norfolk-holiday-cottages/lavender-house/","1","Norfolk Holiday Cottage to rent in Burnham Overy Town - Lavender House","70","654","Indexable",""
"https://www.sowerbysholidaycottages.co.uk/norfolk-holiday-cottages/rose-cottage/","1","Norfolk Holiday Cottage to rent in Burnham Market - Rose Cottage","64","587","Indexable",""
"https://www.sowerbysholidaycottages.co.uk/norfolk-holiday-cottages/field-cottage-in-brancaster-staithe/","1","Norfolk Holiday Cottage to rent in Brancaster Staithe - Field Cottage in Brancaster Staithe","91","795","Indexable",""
"https://www.sowerbysholidaycottages.co.uk/norfolk-holiday-cottages/garden-house/","1","Norfolk Holiday Cottage to rent in Burnham Market - Garden House","64","594","Indexable",""
"https://www.sowerbysholidaycottages.co.uk/norfolk-holiday-cottages/1-railway-cottages/","1","Norfolk Holiday Cottage to rent in Burnham Market - 1 Railway Cottages","70","637","Indexable",""
"https://www.sowerbysholidaycottages.co.uk/norfolk-holiday-cottages/lavender-cottage/","1","Norfolk Holiday Cottage to rent in Burnham Market - Lavender Cottage","68","626","Indexable",""
"https://www.sowerbysholidaycottages.co.uk/norfolk-holiday-cottages/eastwood-house-2-bedrooms/","1","Norfolk Holiday Cottage to rent in Brancaster - Eastwood House 2 bedrooms","73","675","Indexable",""
"https://www.sowerbysholidaycottages.co.uk/norfolk-holiday-cottages/sea-lavender-cottage/","1","Norfolk Holiday Cottage to rent in Burnham Market - Sea Lavender Cottage","72","665","Indexable",""
"https://www.sowerbysholidaycottages.co.uk/norfolk-holiday-cottages/market-lane-house/","1","Norfolk Holiday Cottage to rent in Brancaster - Market Lane House","65","589","Indexable",""
"https://www.sowerbysholidaycottages.co.uk/norfolk-holiday-cottages/crows-nest-cottage/","1","Norfolk Holiday Cottage to rent in Burnham Overy Staithe - Crows Nest Cottage","77","703","Indexable",""
"https://www.sowerbysholidaycottages.co.uk/norfolk-holiday-cottages/the-cottage-erpingham-court/","1","Norfolk Holiday Cottage to rent in Old Hunstanton - The Cottage Erpingham Court","79","722","Indexable",""
"https://www.sowerbysholidaycottages.co.uk/norfolk-holiday-cottages/curlew-cottage-2-bedrooms/","1","Norfolk Holiday Cottage to rent in Brancaster - Curlew Cottage 2 bedrooms","73","664","Indexable",""
"https://www.sowerbysholidaycottages.co.uk/norfolk-holiday-cottages/old-hunny-cottage/","1","Norfolk Holiday Cottage to rent in Old Hunstanton - Old Hunny Cottage","69","624","Indexable",""
"https://www.sowerbysholidaycottages.co.uk/norfolk-holiday-cottages/4-odd-fellows-court/","1","Norfolk Holiday Cottage to rent in Wells-next-the-sea - 4 Odd Fellows Court","75","664","Indexable",""
"https://www.sowerbysholidaycottages.co.uk/norfolk-holiday-cottages/saltmarshes/","1","Norfolk Holiday Cottage to rent in Holme-next-the-Sea - Saltmarshes","67","610","Indexable",""
"https://www.sowerbysholidaycottages.co.uk/norfolk-holiday-cottages/curlew-cottage/","1","Norfolk Holiday Cottage to rent in Brancaster - Curlew Cottage","62","553","Indexable",""
"https://www.sowerbysholidaycottages.co.uk/norfolk-holiday-cottages/furnace-cottage/","1","Norfolk Holiday Cottage to rent in Walsingham - Furnace Cottage","63","577","Indexable",""
"https://www.sowerbysholidaycottages.co.uk/norfolk-holiday-cottages/fleece-house/","1","Norfolk Holiday Cottage to rent in South Creake - Fleece House","62","559","Indexable",""
"https://www.sowerbysholidaycottages.co.uk/norfolk-holiday-cottages/cherry-tree-cottage/","1","Norfolk Holiday Cottage to rent in Stanhoe - Cherry Tree Cottage","64","572","Indexable",""
"https://www.sowerbysholidaycottages.co.uk/norfolk-holiday-cottages/fortune-cottage/","1","Norfolk Holiday Cottage to rent in Burnham Market - Fortune Cottage","67","612","Indexable",""
"https://www.sowerbysholidaycottages.co.uk/norfolk-holiday-cottages/claremont-house/","1","Norfolk Holiday Cottage to rent in Burnham Market - Claremont House","67","623","Indexable",""
"https://www.sowerbysholidaycottages.co.uk/norfolk-holiday-cottages/field-cottage-in-docking/","1","Norfolk Holiday Cottage to rent in Docking - Field Cottage in Docking","69","605","Indexable",""
"https://www.sowerbysholidaycottages.co.uk/norfolk-holiday-cottages/edinburgh-house-with-annex/","1","Norfolk Holiday Cottage to rent in Burnham Market - Edinburgh House with Annex","78","722","Indexable",""
"https://www.sowerbysholidaycottages.co.uk/norfolk-holiday-cottages/holly-house/","1","Norfolk Holiday Cottage to rent in South Creake - Holly House","61","544","Indexable",""
"https://www.sowerbysholidaycottages.co.uk/norfolk-holiday-cottages/langham-house/","1","Norfolk Holiday Cottage to rent in Holme-next-the-Sea - Langham House","69","643","Indexable",""
"https://www.sowerbysholidaycottages.co.uk/norfolk-holiday-cottages/honeysuckle-cottage/","1","Norfolk Holiday Cottage to rent in Old Hunstanton - Honeysuckle Cottage","71","646","Indexable",""
"https://www.sowerbysholidaycottages.co.uk/norfolk-holiday-cottages/the-stables-manor-court/","1","Norfolk Holiday Cottage to rent in Titchwell - The Stables Manor Court","70","621","Indexable",""
"https://www.sowerbysholidaycottages.co.uk/norfolk-holiday-cottages/honeystone-mews/","1","Norfolk Holiday Cottage to rent in Old Hunstanton - Honeystone Mews","67","621","Indexable",""
"https://www.sowerbysholidaycottages.co.uk/norfolk-holiday-cottages/3-lavender-cottage/","1","Norfolk Holiday Cottage to rent in Burnham Market - 3 Lavender Cottage","70","642","Indexable",""
"https://www.sowerbysholidaycottages.co.uk/norfolk-holiday-cottages/eastwood-house/","1","Norfolk Holiday Cottage to rent in Brancaster - Eastwood House","62","564","Indexable",""
"https://www.sowerbysholidaycottages.co.uk/norfolk-holiday-cottages/little-tern/","1","Norfolk Holiday Cottage to rent in Burnham Overy Staithe - Little Tern","70","616","Indexable",""
"https://www.sowerbysholidaycottages.co.uk/norfolk-holiday-cottages/edinburgh-house/","1","Norfolk Holiday Cottage to rent in Burnham Market - Edinburgh House","67","618","Indexable",""
"https://www.sowerbysholidaycottages.co.uk/norfolk-holiday-cottages/norton-cottage/","1","Norfolk Holiday Cottage to rent in Burnham Norton - Norton Cottage","66","602","Indexable",""
"https://www.sowerbysholidaycottages.co.uk/norfolk-holiday-cottages/cornloft-cottage/","1","Norfolk Holiday Cottage to rent in South Creake - Cornloft Cottage","66","586","Indexable",""
"https://www.sowerbysholidaycottages.co.uk/norfolk-holiday-cottages/east-cottage/","1","Norfolk Holiday Cottage to rent in Burnham Deepdale - East Cottage","66","603","Indexable",""
"https://www.sowerbysholidaycottages.co.uk/norfolk-holiday-cottages/3-links-court/","1","Norfolk Holiday Cottage to rent in Brancaster - 3 Links Court","61","532","Indexable",""
"https://www.sowerbysholidaycottages.co.uk/norfolk-holiday-cottages/sandton-house/","1","Norfolk Holiday Cottage to rent in Wells-next-the-Sea - Sandton House","69","623","Indexable",""
"https://www.sowerbysholidaycottages.co.uk/norfolk-holiday-cottages/nelson-lodge/","1","Norfolk Holiday Cottage to rent in Burnham Market - Nelson Lodge","64","589","Indexable",""
"https://www.sowerbysholidaycottages.co.uk/norfolk-holiday-cottages/kitts-cottage/","1","Norfolk Holiday Cottage to rent in Burnham Market - Kitts Cottage","65","585","Indexable",""
"https://www.sowerbysholidaycottages.co.uk/norfolk-holiday-cottages/butts-corner-2-bedrooms/","1","Norfolk Holiday Cottage to rent in Wells-next-the-Sea - Butts Corner 2 bedrooms","79","710","Indexable",""
"https://www.sowerbysholidaycottages.co.uk/norfolk-holiday-cottages/2-hunts-cottages/","1","Norfolk Holiday Cottage to rent in Thornham - 2 Hunts Cottages","62","565","Indexable",""
"https://www.sowerbysholidaycottages.co.uk/norfolk-holiday-cottages/butts-corner/","1","Norfolk Holiday Cottage to rent in Wells-next-the-Sea - Butts Corner","68","599","Indexable",""
"https://www.sowerbysholidaycottages.co.uk/norfolk-holiday-cottages/pangurs-piece/","1","Norfolk Holiday Cottage to rent in Burnham Overy Staithe - Pangur's Piece","73","656","Indexable",""
"https://www.sowerbysholidaycottages.co.uk/norfolk-holiday-cottages/pickles-cottage/","1","Norfolk Holiday Cottage to rent in Holme-next-the-Sea - Pickles Cottage","71","637","Indexable",""
"https://www.sowerbysholidaycottages.co.uk/norfolk-holiday-cottages/holly-house-2-bedrooms/","1","Norfolk Holiday Cottage to rent in South Creake - Holly House 2 bedrooms","72","655","Indexable",""
"https://www.sowerbysholidaycottages.co.uk/norfolk-holiday-cottages/la-mouette/","1","Norfolk Holiday Cottage to rent in Burnham Market - La Mouette","62","569","Indexable",""
"https://www.sowerbysholidaycottages.co.uk/norfolk-holiday-cottages/saffron-cottage/","1","Norfolk Holiday Cottage to rent in Burnham Market - Saffron Cottage","67","609","Indexable",""
"https://www.sowerbysholidaycottages.co.uk/norfolk-holiday-cottages/garden-folly/","1","Norfolk Holiday Cottage to rent in Burnham Market - Garden Folly","64","578","Indexable",""
"https://www.sowerbysholidaycottages.co.uk/norfolk-holiday-cottages/5-monteagle/","1","Norfolk Holiday Cottage to rent in Wells-next-the-Sea - 5 Monteagle","67","598","Indexable",""
"https://www.sowerbysholidaycottages.co.uk/norfolk-holiday-cottages/jeeves-retreat/","1","Norfolk Holiday Cottage to rent in Old Hunstanton - Jeeves Retreat","66","592","Indexable",""
"https://www.sowerbysholidaycottages.co.uk/norfolk-holiday-cottages/allpoints-cottage/","1","Norfolk Holiday Cottage to rent in Burnham Market - Allpoints Cottage","69","621","Indexable",""
"https://www.sowerbysholidaycottages.co.uk/norfolk-holiday-cottages/wellington-cottage/","1","Norfolk Holiday Cottage to rent in Wells-next-the-Sea - Wellington Cottage","74","658","Indexable",""
"https://www.sowerbysholidaycottages.co.uk/norfolk-holiday-cottages/honeystone/","1","Norfolk Holiday Cottage to rent in Old Hunstanton - Honeystone","62","563","Indexable",""
"https://www.sowerbysholidaycottages.co.uk/norfolk-holiday-cottages/old-school-house/","1","Norfolk Holiday Cottage to rent in Burnham Market - Old School House","68","624","Indexable",""
"https://www.sowerbysholidaycottages.co.uk/norfolk-holiday-cottages/beech-cottage/","1","Norfolk Holiday Cottage to rent in Burnham Norton - Beech Cottage","65","596","Indexable",""
"https://www.sowerbysholidaycottages.co.uk/norfolk-holiday-cottages/windjammer/","1","Norfolk Holiday Cottage to rent in Holme-next-the-Sea - Windjammer","66","612","Indexable",""
"https://www.sowerbysholidaycottages.co.uk/norfolk-holiday-cottages/tern-cottage/","1","Norfolk Holiday Cottage to rent in Holme-next-the-Sea - Tern Cottage","68","614","Indexable",""
"https://www.sowerbysholidaycottages.co.uk/norfolk-holiday-cottages/oak-cottage/","1","Norfolk Holiday Cottage to rent in Brancaster Staithe - Oak Cottage","67","595","Indexable",""
"https://www.sowerbysholidaycottages.co.uk/norfolk-holiday-cottages/the-foundry/","1","Norfolk Holiday Cottage to rent in Burnham Market - The Foundry","63","577","Indexable",""
"https://www.sowerbysholidaycottages.co.uk/norfolk-holiday-cottages/3-smugglers-cove/","1","Norfolk Holiday Cottage to rent in Wells-next-the-Sea - 3 Smugglers Cove","72","649","Indexable",""
"https://www.sowerbysholidaycottages.co.uk/norfolk-holiday-cottages/bliss-cottage/","1","Norfolk Holiday Cottage to rent in Wells-next-the-Sea - Bliss Cottage","69","605","Indexable",""
"https://www.sowerbysholidaycottages.co.uk/norfolk-holiday-cottages/sutton-cottage/","1","Norfolk Holiday Cottage to rent in Burnham Market - Sutton Cottage","66","602","Indexable",""
"https://www.sowerbysholidaycottages.co.uk/norfolk-holiday-cottages/wellfleet-cottage/","1","Norfolk Holiday Cottage to rent in Wells-next-the-sea - Wellfleet Cottage","73","641","Indexable",""
"https://www.sowerbysholidaycottages.co.uk/norfolk-holiday-cottages/bluebell-cottage/","1","Norfolk Holiday Cottage to rent in Burnham Market - Bluebell Cottage","68","614","Indexable",""
"https://www.sowerbysholidaycottages.co.uk/norfolk-holiday-cottages/truncheons-reach/","1","Norfolk Holiday Cottage to rent in Wells-next-the-Sea - Truncheon's Reach","73","655","Indexable",""
"https://www.sowerbysholidaycottages.co.uk/norfolk-holiday-cottages/seasalt-cottage/","1","Norfolk Holiday Cottage to rent in Old Hunstanton - Seasalt Cottage","67","600","Indexable",""
"https://www.sowerbysholidaycottages.co.uk/norfolk-holiday-cottages/grasshopper-cottage/","1","Norfolk Holiday Cottage to rent in Stanhoe - Grasshopper Cottage","64","582","Indexable",""
"https://www.sowerbysholidaycottages.co.uk/norfolk-holiday-cottages/mill-view-burnham-norton/","1","Norfolk Holiday Cottage to rent in Burnham Norton - Mill View Burnham Norton","76","698","Indexable",""
"https://www.sowerbysholidaycottages.co.uk/norfolk-holiday-cottages/jeeves-hideaway/","1","Norfolk Holiday Cottage to rent in Old Hunstanton - Jeeves Hideaway","67","613","Indexable",""
"https://www.sowerbysholidaycottages.co.uk/norfolk-holiday-cottages/bailey-wick-cottage/","1","Norfolk Holiday Cottage to rent in Wells-next-the-Sea - Bailey Wick Cottage","75","664","Indexable",""
"https://www.sowerbysholidaycottages.co.uk/norfolk-holiday-cottages/ellas-cottage/","1","Norfolk Holiday Cottage to rent in Wells-next-the-Sea - Ella's Cottage","70","608","Indexable",""
"https://www.sowerbysholidaycottages.co.uk/popular-norfolk-holiday-areas/old-hunstanton-area/","1","Holiday cottages in Old Hunstanton area, Norfolk - Sowerbys Holiday Cottages","76","692","Indexable",""
"https://www.sowerbysholidaycottages.co.uk/popular-norfolk-holiday-areas/brancaster-area/","1","Holiday cottages in Brancaster area, Norfolk - Sowerbys Holiday Cottages","72","650","Indexable",""
"https://www.sowerbysholidaycottages.co.uk/popular-norfolk-holiday-areas/the-burnhams-area/","1","Holiday cottages in The Burnhams area, Norfolk - Sowerbys Holiday Cottages","74","683","Indexable",""
"https://www.sowerbysholidaycottages.co.uk/popular-norfolk-holiday-areas/wells-next-the-sea-area/","1","Holiday cottages in Wells-next-the-Sea area, Norfolk - Sowerbys Holiday Cottages","80","722","Indexable",""
"https://www.sowerbysholidaycottages.co.uk/norfolk-holiday-cottages/boatmans-cottage/","1","Norfolk Holiday Cottage to rent in Wells-next-the-Sea - Boatman's Cottage","73","657","Indexable",""
"https://www.sowerbysholidaycottages.co.uk/norfolk-holiday-cottages/pebble-cottage/","1","Norfolk Holiday Cottage to rent in Burnham Market - Pebble Cottage","66","605","Indexable",""
"https://www.sowerbysholidaycottages.co.uk/norfolk-holiday-cottages/orchard-house-docking/","1","Norfolk Holiday Cottage to rent in Docking - Orchard House Docking","66","598","Indexable",""
"https://www.sowerbysholidaycottages.co.uk/norfolk-holiday-cottages/little-twitchers/","1","Norfolk Holiday Cottage to rent in Brancaster - Little Twitchers","64","554","Indexable",""
"https://www.sowerbysholidaycottages.co.uk/norfolk-holiday-cottages/virginia-cottage/","1","Norfolk Holiday Cottage to rent in Docking - Virginia Cottage","61","533","Indexable",""
"https://www.sowerbysholidaycottages.co.uk/norfolk-holiday-cottages/duckling-cottage/","1","Norfolk Holiday Cottage to rent in Burnham Market - Duckling Cottage","68","619","Indexable",""
"https://www.sowerbysholidaycottages.co.uk/norfolk-holiday-cottages/bonnierigg/","1","Norfolk Holiday Cottage to rent in Brancaster Staithe - Bonnierigg","66","579","Indexable",""
"https://www.sowerbysholidaycottages.co.uk/norfolk-holiday-cottages/windswept-cottage/","1","Norfolk Holiday Cottage to rent in Brancaster - Windswept Cottage","65","590","Indexable",""
"https://www.sowerbysholidaycottages.co.uk/norfolk-holiday-cottages/2-waterhall-cottages/","1","Norfolk Holiday Cottage to rent in Wighton - 2 Waterhall Cottages","65","580","Indexable",""
"https://www.sowerbysholidaycottages.co.uk/norfolk-holiday-cottages/field-cottage-in-fring/","1","Norfolk Holiday Cottage to rent in Fring - Field Cottage in Fring","65","553","Indexable",""
"https://www.sowerbysholidaycottages.co.uk/norfolk-holiday-cottages/hares-end/","1","Norfolk Holiday Cottage to rent in Burnham Market - Hares End","61","558","Indexable",""
