"Address","Indexability","Indexability Status","rel=""next"" 1","rel=""prev"" 1","HTTP rel=""next"" 1","HTTP rel=""prev"" 1","Canonical Link Element 1","HTTP Canonical","Meta Robots 1","X-Robots-Tag 1"
"https://www.sowerbysholidaycottages.co.uk/popular-norfolk-holiday-features/luxury-collection/","Indexable","","https://www.sowerbysholidaycottages.co.uk/popular-norfolk-holiday-features/luxury-collection/page/2/","","","","https://www.sowerbysholidaycottages.co.uk/popular-norfolk-holiday-features/luxury-collection/","","index, follow, max-image-preview:large, max-snippet:-1, max-video-preview:-1",""
"https://www.sowerbysholidaycottages.co.uk/popular-norfolk-holiday-features/sea-views/","Indexable","","https://www.sowerbysholidaycottages.co.uk/popular-norfolk-holiday-features/sea-views/page/2/","","","","https://www.sowerbysholidaycottages.co.uk/popular-norfolk-holiday-features/sea-views/","","index, follow, max-image-preview:large, max-snippet:-1, max-video-preview:-1",""
"https://www.sowerbysholidaycottages.co.uk/popular-norfolk-holiday-features/electric-charging/","Indexable","","https://www.sowerbysholidaycottages.co.uk/popular-norfolk-holiday-features/electric-charging/page/2/","","","","https://www.sowerbysholidaycottages.co.uk/popular-norfolk-holiday-features/electric-charging/","","index, follow, max-image-preview:large, max-snippet:-1, max-video-preview:-1",""
"https://www.sowerbysholidaycottages.co.uk/popular-norfolk-holiday-features/romantic-break/","Indexable","","https://www.sowerbysholidaycottages.co.uk/popular-norfolk-holiday-features/romantic-break/page/2/","","","","https://www.sowerbysholidaycottages.co.uk/popular-norfolk-holiday-features/romantic-break/","","index, follow, max-image-preview:large, max-snippet:-1, max-video-preview:-1",""
"https://www.sowerbysholidaycottages.co.uk/inspiration/blog/","Indexable","","https://www.sowerbysholidaycottages.co.uk/inspiration/blog/page/2/","","","","https://www.sowerbysholidaycottages.co.uk/inspiration/blog/","","index, follow, max-image-preview:large, max-snippet:-1, max-video-preview:-1",""
"https://www.sowerbysholidaycottages.co.uk/popular-norfolk-holiday-features/dogs-accepted/","Indexable","","https://www.sowerbysholidaycottages.co.uk/popular-norfolk-holiday-features/dogs-accepted/page/2/","","","","https://www.sowerbysholidaycottages.co.uk/popular-norfolk-holiday-features/dogs-accepted/","","index, follow, max-image-preview:large, max-snippet:-1, max-video-preview:-1",""
"https://www.sowerbysholidaycottages.co.uk/popular-norfolk-holiday-villages/burnham-market/","Indexable","","https://www.sowerbysholidaycottages.co.uk/popular-norfolk-holiday-villages/burnham-market/page/2/","","","","https://www.sowerbysholidaycottages.co.uk/popular-norfolk-holiday-villages/burnham-market/","","index, follow, max-image-preview:large, max-snippet:-1, max-video-preview:-1",""
"https://www.sowerbysholidaycottages.co.uk/popular-norfolk-holiday-villages/burnham-overy-staithe/","Indexable","","https://www.sowerbysholidaycottages.co.uk/popular-norfolk-holiday-villages/burnham-overy-staithe/page/2/","","","","https://www.sowerbysholidaycottages.co.uk/popular-norfolk-holiday-villages/burnham-overy-staithe/","","index, follow, max-image-preview:large, max-snippet:-1, max-video-preview:-1",""
"https://www.sowerbysholidaycottages.co.uk/popular-norfolk-holiday-villages/heacham/","Indexable","","https://www.sowerbysholidaycottages.co.uk/popular-norfolk-holiday-villages/heacham/page/2/","","","","https://www.sowerbysholidaycottages.co.uk/popular-norfolk-holiday-villages/heacham/","","index, follow, max-image-preview:large, max-snippet:-1, max-video-preview:-1",""
"https://www.sowerbysholidaycottages.co.uk/popular-norfolk-holiday-villages/brancaster/","Indexable","","https://www.sowerbysholidaycottages.co.uk/popular-norfolk-holiday-villages/brancaster/page/2/","","","","https://www.sowerbysholidaycottages.co.uk/popular-norfolk-holiday-villages/brancaster/","","index, follow, max-image-preview:large, max-snippet:-1, max-video-preview:-1",""
"https://www.sowerbysholidaycottages.co.uk/popular-norfolk-holiday-villages/brancaster-staithe/","Indexable","","https://www.sowerbysholidaycottages.co.uk/popular-norfolk-holiday-villages/brancaster-staithe/page/2/","","","","https://www.sowerbysholidaycottages.co.uk/popular-norfolk-holiday-villages/brancaster-staithe/","","index, follow, max-image-preview:large, max-snippet:-1, max-video-preview:-1",""
"https://www.sowerbysholidaycottages.co.uk/popular-norfolk-holiday-villages/old-hunstanton/","Indexable","","https://www.sowerbysholidaycottages.co.uk/popular-norfolk-holiday-villages/old-hunstanton/page/2/","","","","https://www.sowerbysholidaycottages.co.uk/popular-norfolk-holiday-villages/old-hunstanton/","","index, follow, max-image-preview:large, max-snippet:-1, max-video-preview:-1",""
"https://www.sowerbysholidaycottages.co.uk/popular-norfolk-holiday-villages/thornham/","Indexable","","https://www.sowerbysholidaycottages.co.uk/popular-norfolk-holiday-villages/thornham/page/2/","","","","https://www.sowerbysholidaycottages.co.uk/popular-norfolk-holiday-villages/thornham/","","index, follow, max-image-preview:large, max-snippet:-1, max-video-preview:-1",""
"https://www.sowerbysholidaycottages.co.uk/popular-norfolk-holiday-villages/wells-next-the-sea/","Indexable","","https://www.sowerbysholidaycottages.co.uk/popular-norfolk-holiday-villages/wells-next-the-sea/page/2/","","","","https://www.sowerbysholidaycottages.co.uk/popular-norfolk-holiday-villages/wells-next-the-sea/","","index, follow, max-image-preview:large, max-snippet:-1, max-video-preview:-1",""
"https://www.sowerbysholidaycottages.co.uk/popular-norfolk-holiday-villages/holme-next-the-sea/","Indexable","","https://www.sowerbysholidaycottages.co.uk/popular-norfolk-holiday-villages/holme-next-the-sea/page/2/","","","","https://www.sowerbysholidaycottages.co.uk/popular-norfolk-holiday-villages/holme-next-the-sea/","","index, follow, max-image-preview:large, max-snippet:-1, max-video-preview:-1",""
"https://www.sowerbysholidaycottages.co.uk/popular-norfolk-holiday-villages/docking/","Indexable","","https://www.sowerbysholidaycottages.co.uk/popular-norfolk-holiday-villages/docking/page/2/","","","","https://www.sowerbysholidaycottages.co.uk/popular-norfolk-holiday-villages/docking/","","index, follow, max-image-preview:large, max-snippet:-1, max-video-preview:-1",""
